order_id,order_time,restaurant,cuisine,society,prep_time_min,food_ready_time,restaurant_to_customer_km,estimated_travel_time_min,order_size,item_count,order_weight_kg,item_risk_type,priority_type,priority_fee_inr,customer_distance_from_restaurant_km,promised_delivery_min,separate_rider_cost_inr,batching_incentive_inr,separate_delivery_cost_inr,candidate_order_id,same_restaurant,same_society,food_ready_gap_min,customer_to_customer_km,combined_weight_kg,combined_item_count,max_order_weight_kg,physical_capacity_ok,item_compatibility_ok,priority_eligible,ready_time_compatible,distance_compatible,batching_extra_wait_min,customer_a_separate_eta_min,customer_b_separate_eta_min,customer_a_batched_eta_min,customer_b_batched_eta_min,max_customer_eta_increase_min,delivery_time_ok,batching_eligible,batching_decision,rejection_reason,batched_delivery_cost_inr,estimated_cost_saving_inr,riders_required_separately,riders_required_if_batched,riders_saved,restaurant_pickup_visits_separate,restaurant_pickup_visits_batched,pickup_visits_reduced,rider_earnings_if_batched_inr,rider_type,order_date,order_hour
1,2026-09-12 09:15:00,Haldiram's,Indian,Society_02,13,2026-09-12 09:28:00,3.51,10,Small,5,1.02,Standard,Normal,0,2.85,41,47.0,6.83,47.0,1011,1,0,19655.0,3.51,2.62,6,1.6,1,1,1,0,0,20.0,22,28,25,48.0,20.0,0,0,Do Not Batch,Customer Distance Too High,109.66,0.0,2,2,0,2,2,0,0.0,Bike,2026-09-12,9
2,2026-09-21 08:13:00,Pizza Hut,Pizza,Society_03,22,2026-09-21 08:35:00,0.5,2,Small,6,0.41,Standard,Normal,0,3.41,36,35.36,6.71,35.36,681,1,0,228.0,0.63,1.53,7,1.12,1,1,1,0,1,20.0,18,28,20,48.0,20.0,0,0,Do Not Batch,Restaurant Ready-Time Gap,89.33,0.0,2,2,0,2,2,0,0.0,Scooter,2026-09-21,8
3,2026-09-16 12:57:00,Haldiram's,Indian,Society_14,17,2026-09-16 13:14:00,5.23,13,Small,4,0.45,Standard,Normal,0,0.71,46,56.64,10.2,56.64,471,1,0,10111.0,4.26,0.77,8,0.45,1,1,1,0,0,20.0,28,25,31,45.0,20.0,0,0,Do Not Batch,Customer Distance Too High,100.84,0.0,2,2,0,2,2,0,0.0,Scooter,2026-09-16,12
4,2026-09-29 17:17:00,Pizza Hut,Pizza,Society_26,18,2026-09-29 17:35:00,1.16,3,Small,5,0.77,Standard,Normal,0,2.64,45,34.93,13.02,34.93,263,1,0,40039.0,3.51,1.79,8,1.02,1,1,1,0,0,20.0,18,33,21,53.0,20.0,0,0,Do Not Batch,Customer Distance Too High,95.66,0.0,2,2,0,2,2,0,0.0,Bike,2026-09-29,17
5,2026-09-29 17:34:00,Burger King,Fast Food,Society_41,25,2026-09-29 17:59:00,0.5,2,Small,3,1.25,Standard,Priority,50,0.45,43,37.4,11.23,37.4,506,1,0,26962.0,2.34,7.22,4,5.97,0,1,0,0,1,20.0,12,26,15,46.0,20.0,0,0,Do Not Batch,Priority Order,89.6,0.0,2,2,0,2,2,0,0.0,Bike,2026-09-29,17
6,2026-09-17 19:19:00,McDonald's,Fast Food,Society_03,33,2026-09-17 19:52:00,1.07,3,Medium,3,2.49,Standard,Priority,50,3.04,47,35.4,5.4,35.4,721,1,0,10955.0,0.2,3.6,5,2.49,1,1,0,0,1,20.0,14,25,15,45.0,20.0,0,0,Do Not Batch,Priority Order,82.22,0.0,2,2,0,2,2,0,0.0,Scooter,2026-09-17,19
7,2026-09-17 16:19:00,Pizza Hut,Pizza,Society_07,34,2026-09-17 16:53:00,0.78,2,Small,5,0.95,Standard,Priority,50,4.06,42,37.46,13.8,37.46,329,1,0,3617.0,3.84,2.27,6,1.32,1,1,0,0,0,20.0,17,16,19,36.0,20.0,0,0,Do Not Batch,Priority Order,72.12,0.0,2,2,0,2,2,0,0.0,Scooter,2026-09-17,16
8,2026-09-30 23:17:00,Pizza Hut,Pizza,Society_39,29,2026-09-30 23:46:00,3.53,9,Small,6,0.95,Spill-Risk,Priority,50,2.11,49,49.07,13.18,49.07,1128,1,0,28659.0,1.67,2.76,8,1.81,1,1,0,0,1,20.0,26,24,27,44.0,20.0,0,0,Do Not Batch,Priority Order,105.14,0.0,2,2,0,2,2,0,0.0,Bike,2026-09-30,23
9,2026-09-07 23:54:00,Theobroma,Bakery,Society_32,25,2026-09-08 00:19:00,2.81,7,Medium,2,1.98,Temperature-Sensitive,Normal,0,2.15,44,47.67,8.64,47.67,1056,1,0,637.0,2.98,4.7,3,2.72,1,1,0,0,1,20.0,21,31,22,51.0,20.0,0,0,Do Not Batch,Priority Order,103.7,0.0,2,2,0,2,2,0,0.0,Scooter,2026-09-07,23
10,2026-09-28 17:53:00,Burger King,Fast Food,Society_33,8,2026-09-28 18:01:00,2.75,10,Small,2,0.9,Standard,Normal,0,4.65,44,45.67,14.86,45.67,1004,1,0,10208.0,2.6,1.29,4,0.9,1,1,1,0,1,20.0,21,18,23,38.0,20.0,0,0,Do Not Batch,Restaurant Ready-Time Gap,88.31,0.0,2,2,0,2,2,0,0.0,Scooter,2026-09-28,17
11,2026-09-04 20:11:00,Haldiram's,Indian,Society_09,30,2026-09-04 20:41:00,2.38,6,Medium,6,2.12,Spill-Risk,Normal,0,1.47,47,43.97,11.96,43.97,495,1,0,2775.0,4.65,3.8,9,2.12,1,1,1,0,0,20.0,20,23,20,43.0,20.0,0,0,Do Not Batch,Customer Distance Too High,90.25,0.0,2,2,0,2,2,0,0.0,Scooter,2026-09-04,20
12,2026-09-03 08:51:00,KFC,Fast Food,Society_50,9,2026-09-03 09:00:00,2.94,8,Large,2,5.51,Standard,Normal,0,3.72,47,50.56,10.17,50.56,1416,1,0,22878.0,2.32,6.78,6,5.51,0,1,1,0,1,20.0,26,14,27,34.0,20.0,0,0,Do Not Batch,Order Size/Item Incompatibility,82.98,0.0,2,2,0,2,2,0,0.0,Scooter,2026-09-03,8
13,2026-09-02 20:09:00,Burger King,Fast Food,Society_11,12,2026-09-02 20:21:00,5.39,18,Small,3,1.33,Standard,Priority,50,2.73,48,56.24,13.99,56.24,76,1,0,18662.0,2.48,2.63,8,1.33,1,1,0,0,1,20.0,33,26,36,46.0,20.0,0,0,Do Not Batch,Priority Order,106.7,0.0,2,2,0,2,2,0,0.0,Scooter,2026-09-02,20
14,2026-09-03 04:37:00,Domino's Pizza,Pizza,Society_48,14,2026-09-03 04:51:00,1.1,3,Medium,1,1.6,Standard,Normal,0,3.65,39,39.27,8.08,39.27,1408,1,1,40344.0,0.22,3.11,5,1.6,1,1,1,0,1,20.0,17,23,18,43.0,20.0,0,0,Do Not Batch,Restaurant Ready-Time Gap,83.09,0.0,2,2,0,2,2,0,0.0,Bike,2026-09-03,4
15,2026-09-15 04:30:00,KFC,Fast Food,Society_47,32,2026-09-15 05:02:00,4.06,12,Large,3,4.3,Standard,Normal,0,0.25,57,55.21,7.3,55.21,1468,1,0,4654.0,1.58,5.52,6,4.3,1,1,1,0,1,20.0,31,18,31,38.0,20.0,0,0,Do Not Batch,Restaurant Ready-Time Gap,97.78999999999999,0.0,2,2,0,2,2,0,0.0,Bike,2026-09-15,4
16,2026-09-27 09:30:00,KFC,Fast Food,Society_35,21,2026-09-27 09:51:00,3.21,9,Medium,5,3.34,Standard,Priority,50,1.08,39,46.59,6.69,46.59,1350,1,0,14097.0,3.64,5.21,10,3.34,1,1,0,0,0,20.0,24,15,27,35.0,20.0,0,0,Do Not Batch,Priority Order,82.41,0.0,2,2,0,2,2,0,0.0,Scooter,2026-09-27,9
17,2026-09-24 03:45:00,Theobroma,Bakery,Society_26,17,2026-09-24 04:02:00,3.17,10,Medium,6,2.02,Standard,Normal,0,3.08,40,50.64,6.37,50.64,1385,1,0,1511.0,2.22,3.44,11,2.02,1,1,1,0,1,20.0,28,23,29,43.0,20.0,0,0,Do Not Batch,Restaurant Ready-Time Gap,91.85,0.0,2,2,0,2,2,0,0.0,Scooter,2026-09-24,3
18,2026-09-29 06:31:00,Biryani Blues,Indian,Society_20,8,2026-09-29 06:39:00,3.87,12,Medium,5,1.39,Standard,Normal,0,4.5,57,47.76,13.87,47.76,718,1,0,16598.0,1.1,2.14,8,1.39,1,1,1,0,1,20.0,28,26,30,46.0,20.0,0,0,Do Not Batch,Restaurant Ready-Time Gap,104.52,0.0,2,2,0,2,2,0,0.0,Bike,2026-09-29,6
19,2026-09-10 12:41:00,McDonald's,Fast Food,Society_42,29,2026-09-10 13:10:00,8.73,27,Small,5,1.31,Fragile,Normal,0,1.49,62,74.08,10.37,74.08,1476,1,0,486.0,2.5,3.57,11,2.26,1,1,1,0,1,20.0,46,28,49,48.0,20.0,0,0,Do Not Batch,Restaurant Ready-Time Gap,127.47,0.0,2,2,0,2,2,0,0.0,Bike,2026-09-10,12
20,2026-09-11 13:19:00,Subway,Fast Food,Society_16,16,2026-09-11 13:35:00,4.44,11,Medium,4,2.15,Standard,Normal,0,2.52,54,50.53,8.99,50.53,84,1,0,20605.0,3.47,3.03,6,2.15,1,1,1,0,0,20.0,23,19,23,39.0,20.0,0,0,Do Not Batch,Customer Distance Too High,93.86,0.0,2,2,0,2,2,0,0.0,Scooter,2026-09-11,13
21,2026-09-21 00:51:00,KFC,Fast Food,Society_48,25,2026-09-21 01:16:00,1.38,5,Medium,1,1.6,Standard,Normal,0,3.76,43,40.18,7.8,40.18,1186,1,0,5524.0,4.4,2.48,6,1.6,1,1,1,0,0,20.0,24,36,25,56.0,20.0,0,0,Do Not Batch,Customer Distance Too High,100.5,0.0,2,2,0,2,2,0,0.0,Scooter,2026-09-21,0
22,2026-09-21 19:35:00,Haldiram's,Indian,Society_05,38,2026-09-21 20:13:00,5.49,14,Medium,3,2.94,Standard,Normal,0,2.08,57,61.08,9.74,61.08,746,1,0,21464.0,4.56,3.37,4,2.94,1,1,1,0,0,20.0,33,28,35,48.0,20.0,0,0,Do Not Batch,Customer Distance Too High,117.50999999999999,0.0,2,2,0,2,2,0,0.0,Bike,2026-09-21,19
23,2026-09-25 21:27:00,Pizza Hut,Pizza,Society_10,17,2026-09-25 21:44:00,1.82,4,Small,2,1.44,Fragile,Normal,0,4.15,43,44.57,10.01,44.57,371,1,0,16643.0,2.09,4.88,8,3.44,1,1,1,0,1,20.0,18,32,21,52.0,20.0,0,0,Do Not Batch,Restaurant Ready-Time Gap,106.42,0.0,2,2,0,2,2,0,0.0,Scooter,2026-09-25,21
24,2026-09-08 01:00:00,Wow! Momo,Fast Food,Society_33,29,2026-09-08 01:29:00,7.31,22,Small,3,1.26,Standard,Normal,0,5.7,56,69.56,13.2,69.56,180,1,0,2315.0,1.12,1.83,5,1.26,1,1,1,0,1,20.0,35,20,38,40.0,20.0,0,0,Do Not Batch,Restaurant Ready-Time Gap,114.56,0.0,2,2,0,2,2,0,0.0,Bike,2026-09-08,1
25,2026-09-04 03:13:00,Wow! Momo,Fast Food,Society_26,8,2026-09-04 03:21:00,1.64,5,Small,2,1.12,Standard,Normal,0,1.2,44,36.39,13.14,36.39,604,1,0,17211.0,2.05,2.4,5,1.28,1,1,1,0,1,20.0,19,31,21,51.0,20.0,0,0,Do Not Batch,Restaurant Ready-Time Gap,92.2,0.0,2,2,0,2,2,0,0.0,Bike,2026-09-04,3
26,2026-09-15 13:18:00,Theobroma,Bakery,Society_09,24,2026-09-15 13:42:00,1.61,4,Small,1,1.26,Standard,Normal,0,5.31,36,39.35,8.72,39.35,299,1,0,9871.0,0.85,3.19,6,1.93,1,1,1,0,1,20.0,21,14,21,34.0,20.0,0,0,Do Not Batch,Restaurant Ready-Time Gap,75.33,0.0,2,2,0,2,2,0,0.0,Bike,2026-09-15,13
27,2026-09-25 15:51:00,Haldiram's,Indian,Society_20,35,2026-09-25 16:26:00,4.08,14,Medium,1,1.75,Standard,Normal,0,2.2,59,51.52,7.98,51.52,1313,1,0,11901.0,2.2,4.47,6,2.72,1,1,1,0,1,20.0,29,21,32,41.0,20.0,0,0,Do Not Batch,Restaurant Ready-Time Gap,96.69,0.0,2,2,0,2,2,0,0.0,Bike,2026-09-25,15
28,2026-09-11 02:03:00,KFC,Fast Food,Society_21,19,2026-09-11 02:22:00,1.72,5,Medium,5,1.41,Standard,Normal,0,3.66,43,37.51,14.31,37.51,100,1,0,2716.0,2.02,2.29,7,1.41,1,1,1,0,1,20.0,18,29,18,49.0,20.0,0,0,Do Not Batch,Restaurant Ready-Time Gap,97.1,0.0,2,2,0,2,2,0,0.0,Bike,2026-09-11,2
29,2026-09-09 04:14:00,Pizza Hut,Pizza,Society_13,27,2026-09-09 04:41:00,3.52,9,Medium,2,2.62,Standard,Normal,0,5.01,46,46.18,13.22,46.18,1361,1,0,8094.0,3.52,4.58,5,2.62,1,1,1,0,0,20.0,23,26,23,46.0,20.0,0,0,Do Not Batch,Customer Distance Too High,93.96000000000001,0.0,2,2,0,2,2,0,0.0,Bike,2026-09-09,4
30,2026-09-13 20:44:00,Pizza Hut,Pizza,Society_36,9,2026-09-13 20:53:00,2.97,7,Small,4,0.58,Fragile,Normal,0,1.42,49,45.87,12.05,45.87,1417,1,0,3033.0,0.2,1.84,9,1.26,1,0,1,0,1,20.0,23,27,25,47.0,20.0,0,0,Do Not Batch,Order Size/Item Incompatibility,103.00999999999999,0.0,2,2,0,2,2,0,0.0,Scooter,2026-09-13,20
31,2026-09-20 23:38:00,Pizza Hut,Pizza,Society_01,20,2026-09-20 23:58:00,2.76,7,Medium,4,1.47,Standard,Normal,0,1.0,39,46.47,14.62,46.47,1456,1,0,2349.0,1.47,2.07,8,1.47,1,1,1,0,1,20.0,24,20,27,40.0,20.0,0,0,Do Not Batch,Restaurant Ready-Time Gap,87.32,0.0,2,2,0,2,2,0,0.0,Bike,2026-09-20,23
32,2026-09-18 01:20:00,Burger King,Fast Food,Society_11,19,2026-09-18 01:39:00,3.85,10,Large,5,3.13,Fragile,Normal,0,2.25,42,55.0,10.23,55.0,955,1,0,22762.0,1.48,4.32,10,3.13,1,1,0,0,1,20.0,24,32,25,52.0,20.0,0,0,Do Not Batch,Priority Order,108.65,0.0,2,2,0,2,2,0,0.0,Bike,2026-09-18,1
33,2026-09-28 02:13:00,Theobroma,Bakery,Society_28,24,2026-09-28 02:37:00,1.33,4,Small,6,0.85,Standard,Normal,0,4.79,37,38.36,8.53,38.36,709,1,1,36706.0,0.09,1.24,11,0.85,1,1,1,0,1,20.0,15,19,17,39.0,20.0,0,0,Do Not Batch,Restaurant Ready-Time Gap,86.82,0.0,2,2,0,2,2,0,0.0,Scooter,2026-09-28,2
34,2026-09-24 13:07:00,McDonald's,Fast Food,Society_05,8,2026-09-24 13:15:00,3.61,9,Small,5,1.39,Spill-Risk,Priority,50,0.52,46,53.06,10.52,53.06,1281,1,0,22562.0,0.94,4.81,9,3.42,1,1,0,0,1,20.0,24,21,26,41.0,20.0,0,0,Do Not Batch,Priority Order,91.99000000000001,0.0,2,2,0,2,2,0,0.0,Bike,2026-09-24,13
35,2026-09-02 02:55:00,Subway,Fast Food,Society_13,36,2026-09-02 03:31:00,5.98,20,Small,2,0.76,Temperature-Sensitive,Normal,0,1.8,50,61.65,9.15,61.65,461,1,0,15296.0,2.82,5.0,8,4.24,1,1,1,0,1,20.0,38,20,38,40.0,20.0,0,0,Do Not Batch,Restaurant Ready-Time Gap,101.14,0.0,2,2,0,2,2,0,0.0,Bike,2026-09-02,2
36,2026-09-01 16:44:00,Burger King,Fast Food,Society_45,22,2026-09-01 17:06:00,2.9,7,Medium,3,1.77,Standard,Normal,0,0.45,37,48.56,5.47,48.56,419,1,0,344.0,2.32,3.11,6,1.77,1,1,1,0,1,20.0,19,30,20,50.0,20.0,0,0,Do Not Batch,Restaurant Ready-Time Gap,114.79,0.0,2,2,0,2,2,0,0.0,Scooter,2026-09-01,16
37,2026-09-11 11:29:00,Wow! Momo,Fast Food,Society_47,26,2026-09-11 11:55:00,2.29,8,Medium,5,1.4,Spill-Risk,Normal,0,4.6,51,45.08,7.13,45.08,917,1,0,13792.0,3.96,4.74,10,3.34,1,0,1,0,0,20.0,24,19,26,39.0,20.0,0,0,Do Not Batch,Order Size/Item Incompatibility,81.68,0.0,2,2,0,2,2,0,0.0,Scooter,2026-09-11,11
38,2026-09-10 11:31:00,Biryani Blues,Indian,Society_30,18,2026-09-10 11:49:00,2.91,8,Small,2,0.72,Standard,Normal,0,2.86,44,46.74,11.98,46.74,1365,1,0,17651.0,3.33,2.51,5,1.79,1,1,1,0,0,20.0,25,17,25,37.0,20.0,0,0,Do Not Batch,Customer Distance Too High,88.61,0.0,2,2,0,2,2,0,0.0,Bike,2026-09-10,11
39,2026-09-15 04:56:00,Domino's Pizza,Pizza,Society_47,8,2026-09-15 05:04:00,2.69,9,Medium,2,1.96,Standard,Normal,0,0.85,46,44.74,13.74,44.74,1413,1,0,19332.0,2.67,3.31,4,1.96,1,1,1,0,1,20.0,24,21,27,41.0,20.0,0,0,Do Not Batch,Restaurant Ready-Time Gap,84.71000000000001,0.0,2,2,0,2,2,0,0.0,Bike,2026-09-15,4
40,2026-09-21 08:52:00,McDonald's,Fast Food,Society_14,25,2026-09-21 09:17:00,1.85,4,Small,5,0.85,Standard,Normal,0,1.31,43,42.77,5.39,42.77,327,1,0,14883.0,1.72,5.6,9,4.75,1,1,1,0,1,20.0,16,22,16,42.0,20.0,0,0,Do Not Batch,Restaurant Ready-Time Gap,80.26,0.0,2,2,0,2,2,0,0.0,Bike,2026-09-21,8
41,2026-09-17 02:14:00,Theobroma,Bakery,Society_15,16,2026-09-17 02:30:00,3.26,7,Small,4,1.27,Spill-Risk,Normal,0,3.7,50,49.25,8.69,49.25,1455,1,0,18609.0,0.2,2.06,8,1.27,1,1,1,0,1,20.0,17,32,18,52.0,20.0,0,0,Do Not Batch,Restaurant Ready-Time Gap,109.61,0.0,2,2,0,2,2,0,0.0,Scooter,2026-09-17,2
42,2026-09-13 01:08:00,Wow! Momo,Fast Food,Society_25,22,2026-09-13 01:30:00,3.7,11,Small,5,1.34,Standard,Normal,0,1.32,47,49.52,5.2,49.52,614,1,0,9987.0,2.85,4.14,7,2.8,1,1,1,0,1,20.0,23,20,24,40.0,20.0,0,0,Do Not Batch,Restaurant Ready-Time Gap,103.09,0.0,2,2,0,2,2,0,0.0,Bike,2026-09-13,1
43,2026-09-22 04:46:00,Theobroma,Bakery,Society_36,22,2026-09-22 05:08:00,1.36,3,Medium,4,2.02,Standard,Normal,0,6.06,40,39.49,10.64,39.49,703,1,0,14682.0,3.24,3.28,7,2.02,1,1,1,0,0,20.0,18,54,18,74.0,20.0,0,0,Do Not Batch,Customer Distance Too High,126.93,0.0,2,2,0,2,2,0,0.0,Bike,2026-09-22,4
44,2026-09-25 21:20:00,Pizza Hut,Pizza,Society_21,30,2026-09-25 21:50:00,4.53,13,Small,5,0.7,Temperature-Sensitive,Normal,0,2.07,48,53.57,9.88,53.57,417,1,0,2024.0,0.3,2.11,9,1.41,1,1,0,0,1,20.0,26,26,29,46.0,20.0,0,0,Do Not Batch,Priority Order,112.96000000000001,0.0,2,2,0,2,2,0,0.0,Bike,2026-09-25,21
45,2026-09-20 11:26:00,Wow! Momo,Fast Food,Society_08,28,2026-09-20 11:54:00,3.11,11,Small,6,1.1,Temperature-Sensitive,Normal,0,4.36,45,45.05,8.24,45.05,439,1,0,19032.0,0.77,2.46,9,1.36,1,1,1,0,1,20.0,21,22,22,42.0,20.0,0,0,Do Not Batch,Restaurant Ready-Time Gap,93.44999999999999,0.0,2,2,0,2,2,0,0.0,Bike,2026-09-20,11
46,2026-09-27 02:16:00,KFC,Fast Food,Society_10,21,2026-09-27 02:37:00,8.55,19,Small,4,0.68,Standard,Normal,0,2.9,53,71.26,14.9,71.26,1186,1,0,3197.0,2.85,1.56,9,0.88,1,1,1,0,1,20.0,34,32,35,52.0,20.0,0,0,Do Not Batch,Restaurant Ready-Time Gap,131.58,0.0,2,2,0,2,2,0,0.0,Scooter,2026-09-27,2
47,2026-09-25 07:07:00,Wow! Momo,Fast Food,Society_44,28,2026-09-25 07:35:00,1.06,3,Small,6,0.79,Standard,Priority,50,3.53,43,40.81,6.81,40.81,318,1,0,18980.0,2.97,1.53,9,0.79,1,1,0,0,1,20.0,13,30,16,50.0,20.0,0,0,Do Not Batch,Priority Order,92.14,0.0,2,2,0,2,2,0,0.0,Bike,2026-09-25,7
48,2026-09-05 04:15:00,KFC,Fast Food,Society_04,20,2026-09-05 04:35:00,4.16,10,Small,5,0.52,Standard,Normal,0,3.25,48,55.82,8.92,55.82,153,1,0,24692.0,1.11,1.84,11,1.32,1,1,1,0,1,20.0,27,20,29,40.0,20.0,0,0,Do Not Batch,Restaurant Ready-Time Gap,91.13,0.0,2,2,0,2,2,0,0.0,Bike,2026-09-05,4
49,2026-09-08 00:30:00,Wow! Momo,Fast Food,Society_14,26,2026-09-08 00:56:00,3.45,12,Medium,1,1.73,Fragile,Normal,0,0.2,44,50.27,8.35,50.27,1411,1,0,5112.0,1.7,2.85,5,1.73,1,1,1,0,1,20.0,24,25,25,45.0,20.0,0,0,Do Not Batch,Restaurant Ready-Time Gap,97.82,0.0,2,2,0,2,2,0,0.0,Bike,2026-09-08,0
50,2026-09-12 02:14:00,Domino's Pizza,Pizza,Society_33,33,2026-09-12 02:47:00,2.77,8,Medium,6,2.93,Standard,Normal,0,4.08,51,43.49,12.14,43.49,1106,1,0,22069.0,0.2,7.85,11,4.92,0,1,1,0,1,20.0,20,20,20,40.0,20.0,0,0,Do Not Batch,Order Size/Item Incompatibility,90.75,0.0,2,2,0,2,2,0,0.0,Bike,2026-09-12,2
51,2026-09-17 21:10:00,Subway,Fast Food,Society_31,15,2026-09-17 21:25:00,0.5,2,Small,5,0.58,Spill-Risk,Normal,0,4.5,41,32.51,8.46,32.51,179,1,0,5500.0,4.43,1.52,11,0.94,1,1,1,0,0,20.0,12,31,15,51.0,20.0,0,0,Do Not Batch,Customer Distance Too High,90.8,0.0,2,2,0,2,2,0,0.0,Scooter,2026-09-17,21
52,2026-09-08 21:49:00,Pizza Hut,Pizza,Society_40,37,2026-09-08 22:26:00,2.05,6,Small,5,0.47,Standard,Normal,0,0.32,47,42.99,6.02,42.99,1498,1,0,32239.0,0.68,0.98,11,0.51,1,1,0,0,1,20.0,18,18,19,38.0,20.0,0,0,Do Not Batch,Priority Order,76.87,0.0,2,2,0,2,2,0,0.0,Scooter,2026-09-08,21
53,2026-09-28 07:27:00,Domino's Pizza,Pizza,Society_01,31,2026-09-28 07:58:00,4.42,15,Small,5,0.43,Fragile,Priority,50,6.31,49,53.13,12.44,53.13,998,1,0,36838.0,3.26,2.96,8,2.53,1,1,0,0,0,20.0,31,33,33,53.0,20.0,0,0,Do Not Batch,Priority Order,120.59,0.0,2,2,0,2,2,0,0.0,Scooter,2026-09-28,7
54,2026-09-28 15:44:00,Pizza Hut,Pizza,Society_44,26,2026-09-28 16:10:00,4.93,15,Small,3,1.19,Standard,Normal,0,0.2,55,53.78,6.76,53.78,23,1,0,3986.0,2.45,2.63,5,1.44,1,1,1,0,1,20.0,34,22,35,42.0,20.0,0,0,Do Not Batch,Restaurant Ready-Time Gap,98.35,0.0,2,2,0,2,2,0,0.0,Scooter,2026-09-28,15
55,2026-09-05 02:19:00,Haldiram's,Indian,Society_41,28,2026-09-05 02:47:00,2.49,7,Medium,4,1.69,Standard,Priority,50,2.1,48,44.73,6.84,44.73,1008,1,0,16392.0,4.31,2.77,6,1.69,1,1,0,0,0,20.0,24,22,26,42.0,20.0,0,0,Do Not Batch,Priority Order,94.05,0.0,2,2,0,2,2,0,0.0,Bike,2026-09-05,2
56,2026-09-08 08:24:00,Haldiram's,Indian,Society_40,13,2026-09-08 08:37:00,1.37,4,Small,6,0.53,Standard,Normal,0,0.2,36,35.38,12.76,35.38,607,1,0,1347.0,1.39,1.26,11,0.73,1,1,1,0,1,20.0,21,21,22,41.0,20.0,0,0,Do Not Batch,Restaurant Ready-Time Gap,76.19,0.0,2,2,0,2,2,0,0.0,Bike,2026-09-08,8
57,2026-09-21 11:05:00,McDonald's,Fast Food,Society_10,9,2026-09-21 11:14:00,12.0,33,Small,1,0.7,Standard,Normal,0,3.75,74,94.41,14.79,94.41,351,1,0,14846.0,2.59,2.18,4,1.48,1,1,1,0,1,20.0,45,21,46,41.0,20.0,0,0,Do Not Batch,Restaurant Ready-Time Gap,136.12,0.0,2,2,0,2,2,0,0.0,Bike,2026-09-21,11
58,2026-09-15 04:46:00,McDonald's,Fast Food,Society_28,11,2026-09-15 04:57:00,2.62,8,Small,6,0.71,Standard,Priority,50,2.54,52,46.87,13.05,46.87,910,1,0,19353.0,0.2,2.05,8,1.34,1,1,0,0,1,20.0,22,21,22,41.0,20.0,0,0,Do Not Batch,Priority Order,88.39,0.0,2,2,0,2,2,0,0.0,Scooter,2026-09-15,4
59,2026-09-23 12:21:00,Wow! Momo,Fast Food,Society_10,31,2026-09-23 12:52:00,3.75,9,Medium,5,2.13,Standard,Normal,0,0.2,40,54.03,11.25,54.03,884,1,0,10894.0,0.2,2.5,7,2.13,1,1,0,0,1,20.0,19,19,22,39.0,20.0,0,0,Do Not Batch,Priority Order,93.42,0.0,2,2,0,2,2,0,0.0,Scooter,2026-09-23,12
60,2026-09-12 01:58:00,Pizza Hut,Pizza,Society_22,36,2026-09-12 02:34:00,6.45,14,Small,6,0.74,Fragile,Normal,0,0.2,55,61.37,13.68,61.37,842,1,0,4403.0,3.33,4.08,11,3.34,1,1,1,0,0,20.0,32,15,35,35.0,20.0,0,0,Do Not Batch,Customer Distance Too High,102.14,0.0,2,2,0,2,2,0,0.0,Scooter,2026-09-12,1
61,2026-09-02 21:06:00,Wow! Momo,Fast Food,Society_22,22,2026-09-02 21:28:00,3.12,9,Small,1,0.95,Standard,Normal,0,0.57,45,49.07,13.23,49.07,1324,1,0,39020.0,0.2,6.13,4,5.18,0,1,1,0,1,20.0,26,19,26,39.0,20.0,0,0,Do Not Batch,Order Size/Item Incompatibility,97.14,0.0,2,2,0,2,2,0,0.0,Scooter,2026-09-02,21
62,2026-09-19 22:25:00,Subway,Fast Food,Society_31,22,2026-09-19 22:47:00,0.61,3,Small,4,0.55,Standard,Normal,0,3.33,38,36.91,7.51,36.91,936,1,0,8481.0,2.18,4.97,7,4.42,1,1,0,0,1,20.0,22,27,25,47.0,20.0,0,0,Do Not Batch,Priority Order,83.91,0.0,2,2,0,2,2,0,0.0,Scooter,2026-09-19,22
63,2026-09-07 10:06:00,Theobroma,Bakery,Society_36,31,2026-09-07 10:37:00,3.36,11,Small,2,0.5,Spill-Risk,Normal,0,2.16,44,50.55,7.97,50.55,626,1,0,24417.0,3.92,5.29,7,4.79,1,1,1,0,0,20.0,22,30,25,50.0,20.0,0,0,Do Not Batch,Customer Distance Too High,115.53999999999999,0.0,2,2,0,2,2,0,0.0,Bike,2026-09-07,10
64,2026-09-21 09:29:00,KFC,Fast Food,Society_45,31,2026-09-21 10:00:00,4.01,14,Small,4,0.49,Fragile,Normal,0,2.32,54,50.72,12.71,50.72,521,1,0,740.0,3.55,1.49,9,1.0,1,1,1,0,0,20.0,33,13,36,33.0,20.0,0,0,Do Not Batch,Customer Distance Too High,87.4,0.0,2,2,0,2,2,0,0.0,Bike,2026-09-21,9
65,2026-09-25 15:28:00,Subway,Fast Food,Society_44,23,2026-09-25 15:51:00,2.17,6,Medium,1,1.77,Spill-Risk,Normal,0,2.04,46,46.19,6.37,46.19,284,1,0,28184.0,1.57,5.18,7,3.41,1,1,1,0,1,20.0,16,20,17,40.0,20.0,0,0,Do Not Batch,Restaurant Ready-Time Gap,83.34,0.0,2,2,0,2,2,0,0.0,Scooter,2026-09-25,15
66,2026-09-26 16:48:00,Pizza Hut,Pizza,Society_08,16,2026-09-26 17:04:00,0.87,3,Medium,5,2.95,Spill-Risk,Normal,0,2.16,41,39.58,11.47,39.58,1097,1,0,36284.0,0.28,4.3,8,2.95,1,1,1,0,1,20.0,16,35,17,55.0,20.0,0,0,Do Not Batch,Restaurant Ready-Time Gap,101.74,0.0,2,2,0,2,2,0,0.0,Scooter,2026-09-26,16
67,2026-09-18 19:44:00,Pizza Hut,Pizza,Society_08,25,2026-09-18 20:09:00,3.25,7,Small,6,0.44,Spill-Risk,Normal,0,4.19,43,47.89,10.22,47.89,1443,1,0,246.0,3.21,1.51,12,1.07,1,1,1,0,0,20.0,25,26,27,46.0,20.0,0,0,Do Not Batch,Customer Distance Too High,95.53999999999999,0.0,2,2,0,2,2,0,0.0,Bike,2026-09-18,19
68,2026-09-16 12:56:00,Haldiram's,Indian,Society_39,21,2026-09-16 13:17:00,0.92,2,Small,5,0.94,Standard,Normal,0,4.62,46,39.03,10.38,39.03,276,1,0,1769.0,4.38,1.24,8,0.94,1,1,1,0,0,20.0,19,21,21,41.0,20.0,0,0,Do Not Batch,Customer Distance Too High,87.22,0.0,2,2,0,2,2,0,0.0,Bike,2026-09-16,12
69,2026-09-06 16:04:00,Biryani Blues,Indian,Society_18,28,2026-09-06 16:32:00,3.42,11,Small,2,1.49,Standard,Normal,0,1.72,45,48.94,10.81,48.94,971,1,0,8529.0,1.57,2.35,8,1.49,1,1,1,0,1,20.0,23,20,26,40.0,20.0,0,0,Do Not Batch,Restaurant Ready-Time Gap,90.05,0.0,2,2,0,2,2,0,0.0,Bike,2026-09-06,16
70,2026-09-27 04:49:00,Theobroma,Bakery,Society_18,33,2026-09-27 05:22:00,2.29,8,Small,3,0.86,Standard,Normal,0,1.5,51,44.16,7.77,44.16,377,1,1,22954.0,0.12,1.88,6,1.02,1,1,1,0,1,20.0,27,23,30,43.0,20.0,0,0,Do Not Batch,Restaurant Ready-Time Gap,86.68,0.0,2,2,0,2,2,0,0.0,Scooter,2026-09-27,4
71,2026-09-18 11:17:00,Subway,Fast Food,Society_24,14,2026-09-18 11:31:00,2.27,5,Medium,3,2.55,Temperature-Sensitive,Priority,50,5.96,43,45.3,5.65,45.3,285,1,1,9430.0,0.3,3.29,9,2.55,1,1,0,0,1,20.0,20,25,23,45.0,20.0,0,0,Do Not Batch,Priority Order,95.50999999999999,0.0,2,2,0,2,2,0,0.0,Bike,2026-09-18,11
72,2026-09-12 11:34:00,Wow! Momo,Fast Food,Society_05,16,2026-09-12 11:50:00,4.27,12,Small,2,0.34,Temperature-Sensitive,Normal,0,1.74,46,54.39,7.16,54.39,1411,1,0,1302.0,3.3,1.46,6,1.12,1,1,1,0,0,20.0,30,19,30,39.0,20.0,0,0,Do Not Batch,Customer Distance Too High,101.94,0.0,2,2,0,2,2,0,0.0,Bike,2026-09-12,11
73,2026-09-09 07:22:00,Theobroma,Bakery,Society_13,27,2026-09-09 07:49:00,11.44,32,Medium,6,3.49,Fragile,Normal,0,2.8,70,92.36,13.6,92.36,1261,1,0,701.0,4.22,4.46,7,3.49,1,1,1,0,0,20.0,51,19,52,39.0,20.0,0,0,Do Not Batch,Customer Distance Too High,130.38,0.0,2,2,0,2,2,0,0.0,Bike,2026-09-09,7
74,2026-09-17 23:54:00,Theobroma,Bakery,Society_34,9,2026-09-18 00:03:00,2.45,8,Medium,1,1.96,Temperature-Sensitive,Normal,0,0.2,45,42.27,5.05,42.27,597,1,0,16811.0,0.76,6.5,3,4.54,0,1,1,0,1,20.0,25,23,28,43.0,20.0,0,0,Do Not Batch,Order Size/Item Incompatibility,84.68,0.0,2,2,0,2,2,0,0.0,Bike,2026-09-17,23
75,2026-09-05 02:15:00,Subway,Fast Food,Society_29,15,2026-09-05 02:30:00,2.78,6,Large,5,5.55,Standard,Normal,0,2.73,43,47.32,10.66,47.32,1072,1,0,26242.0,0.4,8.98,10,5.55,0,1,1,0,1,20.0,25,19,28,39.0,20.0,0,0,Do Not Batch,Order Size/Item Incompatibility,89.63,0.0,2,2,0,2,2,0,0.0,Scooter,2026-09-05,2
76,2026-09-15 18:55:00,Burger King,Fast Food,Society_27,28,2026-09-15 19:23:00,4.19,12,Small,5,1.3,Standard,Normal,0,4.16,47,50.46,13.82,50.46,281,1,0,7159.0,5.78,4.87,9,3.57,1,1,1,0,0,20.0,26,13,27,33.0,20.0,0,0,Do Not Batch,Customer Distance Too High,91.2,0.0,2,2,0,2,2,0,0.0,Scooter,2026-09-15,18
77,2026-09-03 08:48:00,Pizza Hut,Pizza,Society_13,19,2026-09-03 09:07:00,1.42,5,Medium,6,2.94,Standard,Normal,0,2.79,35,36.03,8.77,36.03,1097,1,0,2687.0,2.25,4.29,9,2.94,1,1,1,0,1,20.0,23,35,25,55.0,20.0,0,0,Do Not Batch,Restaurant Ready-Time Gap,98.19,0.0,2,2,0,2,2,0,0.0,Bike,2026-09-03,8
78,2026-09-02 02:47:00,Wow! Momo,Fast Food,Society_20,22,2026-09-02 03:09:00,3.38,11,Small,4,0.52,Spill-Risk,Normal,0,1.9,56,51.07,14.47,51.07,1168,1,0,5939.0,2.85,4.84,9,4.32,1,1,1,0,1,20.0,29,14,32,34.0,20.0,0,0,Do Not Batch,Restaurant Ready-Time Gap,88.77000000000001,0.0,2,2,0,2,2,0,0.0,Bike,2026-09-02,2
79,2026-09-11 17:39:00,Burger King,Fast Food,Society_36,23,2026-09-11 18:02:00,1.6,5,Small,2,1.35,Temperature-Sensitive,Priority,50,4.16,46,36.2,5.22,36.2,331,1,0,260.0,1.53,1.71,6,1.35,1,1,0,0,1,20.0,17,29,20,49.0,20.0,0,0,Do Not Batch,Priority Order,103.60000000000001,0.0,2,2,0,2,2,0,0.0,Scooter,2026-09-11,17
80,2026-09-23 08:38:00,Biryani Blues,Indian,Society_39,35,2026-09-23 09:13:00,7.39,23,Small,2,1.5,Standard,Normal,0,2.4,67,71.31,11.94,71.31,1215,1,0,7962.0,3.19,2.22,7,1.5,1,1,1,0,0,20.0,40,22,43,42.0,20.0,0,0,Do Not Batch,Customer Distance Too High,113.03999999999999,0.0,2,2,0,2,2,0,0.0,Bike,2026-09-23,8
81,2026-09-10 15:01:00,Domino's Pizza,Pizza,Society_06,18,2026-09-10 15:19:00,2.13,6,Small,5,1.43,Standard,Normal,0,1.98,46,41.92,13.94,41.92,1019,1,0,12024.0,3.84,4.91,8,3.48,1,1,1,0,0,20.0,19,18,22,38.0,20.0,0,0,Do Not Batch,Customer Distance Too High,84.97,0.0,2,2,0,2,2,0,0.0,Scooter,2026-09-10,15
82,2026-09-02 19:00:00,McDonald's,Fast Food,Society_08,34,2026-09-02 19:34:00,3.59,11,Medium,3,3.43,Standard,Normal,0,2.07,55,49.58,10.3,49.58,904,1,0,20199.0,2.92,8.14,9,4.71,0,1,0,0,1,20.0,30,37,31,57.0,20.0,0,0,Do Not Batch,Priority Order,117.75,0.0,2,2,0,2,2,0,0.0,Scooter,2026-09-02,19
83,2026-09-13 11:03:00,Haldiram's,Indian,Society_20,26,2026-09-13 11:29:00,2.31,6,Medium,1,1.2,Standard,Normal,0,0.46,44,40.84,11.52,40.84,11,1,0,12408.0,4.94,3.32,7,2.12,1,1,1,0,0,20.0,22,16,23,36.0,20.0,0,0,Do Not Batch,Customer Distance Too High,84.81,0.0,2,2,0,2,2,0,0.0,Bike,2026-09-13,11
84,2026-09-25 20:41:00,Subway,Fast Food,Society_45,19,2026-09-25 21:00:00,1.69,4,Small,2,0.88,Standard,Normal,0,3.99,42,43.33,12.8,43.33,1217,1,0,31831.0,2.04,1.37,4,0.88,1,1,1,0,1,20.0,23,14,24,34.0,20.0,0,0,Do Not Batch,Restaurant Ready-Time Gap,80.36,0.0,2,2,0,2,2,0,0.0,Scooter,2026-09-25,20
85,2026-09-24 07:41:00,Wow! Momo,Fast Food,Society_33,17,2026-09-24 07:58:00,3.79,10,Medium,2,2.98,Temperature-Sensitive,Normal,0,2.13,40,53.55,8.58,53.55,45,1,0,5524.0,2.13,4.08,8,2.98,1,1,1,0,1,20.0,27,25,29,45.0,20.0,0,0,Do Not Batch,Restaurant Ready-Time Gap,98.6,0.0,2,2,0,2,2,0,0.0,Scooter,2026-09-24,7
86,2026-09-12 04:45:00,Haldiram's,Indian,Society_06,16,2026-09-12 05:01:00,8.34,26,Small,4,0.43,Standard,Normal,0,3.46,64,77.19,5.52,77.19,173,1,0,9943.0,2.82,3.35,5,2.92,1,1,1,0,1,20.0,42,18,45,38.0,20.0,0,0,Do Not Batch,Restaurant Ready-Time Gap,119.88,0.0,2,2,0,2,2,0,0.0,Scooter,2026-09-12,4
87,2026-09-18 23:31:00,Theobroma,Bakery,Society_26,25,2026-09-18 23:56:00,4.44,13,Small,3,1.37,Standard,Normal,0,1.63,54,56.05,5.82,56.05,302,1,0,2014.0,3.15,3.28,4,1.91,1,1,1,0,0,20.0,27,17,29,37.0,20.0,0,0,Do Not Batch,Customer Distance Too High,105.59,0.0,2,2,0,2,2,0,0.0,Scooter,2026-09-18,23
88,2026-09-06 09:39:00,Biryani Blues,Indian,Society_32,21,2026-09-06 10:00:00,1.67,6,Small,6,0.7,Standard,Normal,0,1.77,38,37.64,5.21,37.64,1098,1,0,31397.0,2.82,1.05,12,0.7,1,1,1,0,1,20.0,16,35,18,55.0,20.0,0,0,Do Not Batch,Restaurant Ready-Time Gap,99.22,0.0,2,2,0,2,2,0,0.0,Bike,2026-09-06,9
89,2026-09-01 21:01:00,KFC,Fast Food,Society_07,26,2026-09-01 21:27:00,0.5,2,Small,3,0.56,Standard,Normal,0,4.14,46,33.83,13.46,33.83,1404,1,0,16458.0,0.7,1.96,6,1.4,1,1,1,0,1,20.0,19,19,20,39.0,20.0,0,0,Do Not Batch,Restaurant Ready-Time Gap,76.44999999999999,0.0,2,2,0,2,2,0,0.0,Bike,2026-09-01,21
90,2026-09-10 07:23:00,Subway,Fast Food,Society_02,21,2026-09-10 07:44:00,5.0,15,Medium,1,2.21,Spill-Risk,Normal,0,3.65,59,60.21,9.22,60.21,314,1,0,1006.0,2.94,7.44,7,5.23,0,1,1,0,1,20.0,29,18,32,38.0,20.0,0,0,Do Not Batch,Order Size/Item Incompatibility,105.0,0.0,2,2,0,2,2,0,0.0,Scooter,2026-09-10,7
91,2026-09-21 20:26:00,Pizza Hut,Pizza,Society_48,28,2026-09-21 20:54:00,3.18,7,Small,5,1.18,Standard,Normal,0,4.99,50,51.67,6.81,51.67,961,1,0,1650.0,1.98,1.49,10,1.18,1,1,1,0,1,20.0,19,32,22,52.0,20.0,0,0,Do Not Batch,Restaurant Ready-Time Gap,103.97,0.0,2,2,0,2,2,0,0.0,Bike,2026-09-21,20
92,2026-09-04 15:28:00,Subway,Fast Food,Society_35,32,2026-09-04 16:00:00,4.07,14,Medium,6,2.7,Standard,Normal,0,1.94,48,48.42,10.88,48.42,1018,1,0,16899.0,1.69,3.89,11,2.7,1,1,1,0,1,20.0,25,20,27,40.0,20.0,0,0,Do Not Batch,Restaurant Ready-Time Gap,82.66,0.0,2,2,0,2,2,0,0.0,Scooter,2026-09-04,15
93,2026-09-23 22:19:00,Wow! Momo,Fast Food,Society_05,21,2026-09-23 22:40:00,3.9,11,Small,2,0.84,Standard,Normal,0,3.47,41,49.52,8.59,49.52,345,1,0,15941.0,2.55,3.8,3,2.96,1,1,1,0,1,20.0,23,20,23,40.0,20.0,0,0,Do Not Batch,Restaurant Ready-Time Gap,85.5,0.0,2,2,0,2,2,0,0.0,Bike,2026-09-23,22
94,2026-09-26 09:06:00,Theobroma,Bakery,Society_20,10,2026-09-26 09:16:00,4.92,17,Medium,4,3.19,Standard,Normal,0,4.33,48,60.49,6.23,60.49,498,1,0,20451.0,1.15,4.03,9,3.19,1,1,1,0,1,20.0,35,25,35,45.0,20.0,0,0,Do Not Batch,Restaurant Ready-Time Gap,105.76,0.0,2,2,0,2,2,0,0.0,Bike,2026-09-26,9
95,2026-09-19 04:59:00,Subway,Fast Food,Society_20,23,2026-09-19 05:22:00,1.93,5,Large,5,3.31,Standard,Normal,0,3.87,49,39.68,10.22,39.68,1459,1,0,5792.0,0.91,4.73,9,3.31,1,1,1,0,1,20.0,16,19,19,39.0,20.0,0,0,Do Not Batch,Restaurant Ready-Time Gap,79.0,0.0,2,2,0,2,2,0,0.0,Bike,2026-09-19,4
96,2026-09-29 10:43:00,Haldiram's,Indian,Society_08,24,2026-09-29 11:07:00,1.13,3,Medium,2,2.89,Standard,Normal,0,2.64,45,37.2,13.68,37.2,1288,1,0,17184.0,0.2,4.21,8,2.89,1,1,1,0,1,20.0,22,26,25,46.0,20.0,0,0,Do Not Batch,Restaurant Ready-Time Gap,80.83000000000001,0.0,2,2,0,2,2,0,0.0,Scooter,2026-09-29,10
97,2026-09-27 19:26:00,Biryani Blues,Indian,Society_33,23,2026-09-27 19:49:00,3.62,13,Medium,1,1.27,Temperature-Sensitive,Normal,0,3.43,56,49.25,11.51,49.25,1007,1,0,32599.0,4.95,2.25,6,1.27,1,1,1,0,0,20.0,23,23,25,43.0,20.0,0,0,Do Not Batch,Customer Distance Too High,108.97,0.0,2,2,0,2,2,0,0.0,Bike,2026-09-27,19
98,2026-09-07 01:25:00,Pizza Hut,Pizza,Society_38,23,2026-09-07 01:48:00,5.41,12,Small,3,1.35,Standard,Normal,0,2.12,44,61.51,12.62,61.51,663,1,1,1200.0,0.12,2.55,9,1.35,1,1,1,0,1,20.0,23,28,25,48.0,20.0,0,0,Do Not Batch,Restaurant Ready-Time Gap,116.36,0.0,2,2,0,2,2,0,0.0,Bike,2026-09-07,1
99,2026-09-19 01:46:00,Theobroma,Bakery,Society_29,19,2026-09-19 02:05:00,5.23,18,Small,1,0.74,Standard,Normal,0,0.2,48,57.71,5.15,57.71,836,1,0,8810.0,2.34,1.16,6,0.74,1,1,1,0,1,20.0,29,23,30,43.0,20.0,0,0,Do Not Batch,Restaurant Ready-Time Gap,106.78999999999999,0.0,2,2,0,2,2,0,0.0,Bike,2026-09-19,1
100,2026-09-09 04:47:00,KFC,Fast Food,Society_12,19,2026-09-09 05:06:00,5.68,16,Small,2,0.88,Standard,Normal,0,4.8,50,59.59,10.8,59.59,741,1,0,29537.0,1.57,2.25,3,1.37,1,1,0,0,1,20.0,30,26,32,46.0,20.0,0,0,Do Not Batch,Priority Order,111.13,0.0,2,2,0,2,2,0,0.0,Bike,2026-09-09,4
101,2026-09-07 03:14:00,Domino's Pizza,Pizza,Society_15,27,2026-09-07 03:41:00,4.15,12,Small,5,0.53,Standard,Normal,0,2.66,56,50.33,9.79,50.33,1458,1,0,7509.0,0.2,3.95,9,3.42,1,1,1,0,1,20.0,22,21,24,41.0,20.0,0,0,Do Not Batch,Restaurant Ready-Time Gap,93.19999999999999,0.0,2,2,0,2,2,0,0.0,Bike,2026-09-07,3
102,2026-09-05 14:12:00,KFC,Fast Food,Society_02,21,2026-09-05 14:33:00,3.86,9,Medium,3,2.54,Standard,Normal,0,6.02,39,55.11,13.23,55.11,953,1,0,33795.0,1.48,3.41,5,2.54,1,1,1,0,1,20.0,28,27,28,47.0,20.0,0,0,Do Not Batch,Restaurant Ready-Time Gap,99.02,0.0,2,2,0,2,2,0,0.0,Scooter,2026-09-05,14
103,2026-09-22 01:34:00,Haldiram's,Indian,Society_44,36,2026-09-22 02:10:00,3.28,10,Small,4,0.81,Standard,Normal,0,2.69,50,44.42,11.38,44.42,96,1,0,10617.0,3.5,3.7,6,2.89,1,1,1,0,0,20.0,27,17,27,37.0,20.0,0,0,Do Not Batch,Customer Distance Too High,81.62,0.0,2,2,0,2,2,0,0.0,Scooter,2026-09-22,1
104,2026-09-17 13:33:00,Subway,Fast Food,Society_37,18,2026-09-17 13:51:00,6.49,20,Small,2,1.38,Standard,Normal,0,3.13,53,62.65,13.23,62.65,783,1,0,19297.0,3.82,6.52,6,5.14,0,1,1,0,0,20.0,31,28,31,48.0,20.0,0,0,Do Not Batch,Order Size/Item Incompatibility,114.72999999999999,0.0,2,2,0,2,2,0,0.0,Bike,2026-09-17,13
105,2026-09-26 10:41:00,Haldiram's,Indian,Society_17,26,2026-09-26 11:07:00,4.44,14,Small,1,1.18,Fragile,Normal,0,1.68,46,55.06,10.47,55.06,672,1,0,6642.0,3.4,1.62,2,1.18,1,1,1,0,0,20.0,29,24,29,44.0,20.0,0,0,Do Not Batch,Customer Distance Too High,104.56,0.0,2,2,0,2,2,0,0.0,Scooter,2026-09-26,10
106,2026-09-07 18:40:00,Pizza Hut,Pizza,Society_41,14,2026-09-07 18:54:00,6.98,21,Small,5,1.11,Standard,Normal,0,0.2,51,63.03,8.41,63.03,301,1,0,28202.0,2.72,2.12,10,1.11,1,1,1,0,1,20.0,35,16,37,36.0,20.0,0,0,Do Not Batch,Restaurant Ready-Time Gap,98.83,0.0,2,2,0,2,2,0,0.0,Bike,2026-09-07,18
107,2026-09-28 03:07:00,KFC,Fast Food,Society_06,26,2026-09-28 03:33:00,7.64,19,Small,1,1.01,Standard,Normal,0,1.62,49,72.85,11.7,72.85,1373,1,0,3932.0,4.33,1.39,2,1.01,1,1,1,0,0,20.0,30,26,33,46.0,20.0,0,0,Do Not Batch,Customer Distance Too High,124.37,0.0,2,2,0,2,2,0,0.0,Bike,2026-09-28,3
108,2026-09-25 09:03:00,Subway,Fast Food,Society_34,20,2026-09-25 09:23:00,3.86,11,Small,2,1.49,Standard,Normal,0,5.68,47,51.02,5.6,51.02,555,1,0,20325.0,2.04,4.85,6,3.36,1,1,1,0,1,20.0,30,14,30,34.0,20.0,0,0,Do Not Batch,Restaurant Ready-Time Gap,83.88,0.0,2,2,0,2,2,0,0.0,Bike,2026-09-25,9
109,2026-10-01 03:48:00,Pizza Hut,Pizza,Society_08,32,2026-10-01 04:20:00,4.48,14,Small,1,1.29,Standard,Normal,0,1.7,51,50.56,12.37,50.56,551,1,0,14866.0,4.02,2.57,4,1.29,1,1,1,0,0,20.0,24,23,25,43.0,20.0,0,0,Do Not Batch,Customer Distance Too High,98.78,0.0,2,2,0,2,2,0,0.0,Scooter,2026-10-01,3
110,2026-09-30 02:43:00,Wow! Momo,Fast Food,Society_14,10,2026-09-30 02:53:00,4.7,15,Medium,1,2.6,Standard,Normal,0,0.77,48,53.93,7.63,53.93,616,1,0,15767.0,1.96,3.16,7,2.6,1,1,1,0,1,20.0,30,26,31,46.0,20.0,0,0,Do Not Batch,Restaurant Ready-Time Gap,105.44,0.0,2,2,0,2,2,0,0.0,Bike,2026-09-30,2
111,2026-09-14 11:12:00,McDonald's,Fast Food,Society_37,8,2026-09-14 11:20:00,3.98,12,Medium,6,3.31,Standard,Priority,50,2.54,42,48.83,13.17,48.83,767,1,0,2984.0,1.27,4.19,8,3.31,1,1,0,0,1,20.0,27,21,29,41.0,20.0,0,0,Do Not Batch,Priority Order,105.52,0.0,2,2,0,2,2,0,0.0,Scooter,2026-09-14,11
112,2026-09-09 08:21:00,KFC,Fast Food,Society_20,8,2026-09-09 08:29:00,4.13,14,Small,3,0.51,Standard,Normal,0,3.4,45,53.78,13.22,53.78,863,1,1,18276.0,0.28,2.1,7,1.59,1,1,1,0,1,20.0,26,31,27,51.0,20.0,0,0,Do Not Batch,Restaurant Ready-Time Gap,100.18,0.0,2,2,0,2,2,0,0.0,Bike,2026-09-09,8
113,2026-09-22 05:44:00,Theobroma,Bakery,Society_08,21,2026-09-22 06:05:00,4.83,11,Small,3,0.78,Standard,Normal,0,3.93,55,59.85,10.5,59.85,626,1,0,3089.0,1.01,5.57,8,4.79,1,1,1,0,1,20.0,28,32,28,52.0,20.0,0,0,Do Not Batch,Restaurant Ready-Time Gap,124.84,0.0,2,2,0,2,2,0,0.0,Bike,2026-09-22,5
114,2026-09-25 21:42:00,Domino's Pizza,Pizza,Society_11,8,2026-09-25 21:50:00,0.98,3,Small,3,0.98,Standard,Normal,0,3.4,34,33.36,11.95,33.36,1204,1,0,5076.0,3.42,1.74,6,0.98,1,1,1,0,0,20.0,21,36,24,56.0,20.0,0,0,Do Not Batch,Customer Distance Too High,103.45,0.0,2,2,0,2,2,0,0.0,Scooter,2026-09-25,21
115,2026-09-27 16:46:00,Theobroma,Bakery,Society_37,17,2026-09-27 17:03:00,2.04,6,Small,4,1.04,Standard,Normal,0,0.2,39,43.45,13.48,43.45,1075,1,0,30556.0,1.46,1.59,9,1.04,1,1,1,0,1,20.0,18,17,21,37.0,20.0,0,0,Do Not Batch,Restaurant Ready-Time Gap,80.05000000000001,0.0,2,2,0,2,2,0,0.0,Bike,2026-09-27,16
116,2026-09-12 03:02:00,McDonald's,Fast Food,Society_05,29,2026-09-12 03:31:00,2.0,6,Small,4,0.88,Standard,Normal,0,4.49,49,39.99,6.34,39.99,190,1,0,19116.0,1.05,2.09,8,1.21,1,1,1,0,1,20.0,24,21,24,41.0,20.0,0,0,Do Not Batch,Restaurant Ready-Time Gap,86.16,0.0,2,2,0,2,2,0,0.0,Bike,2026-09-12,3
117,2026-09-27 12:45:00,Subway,Fast Food,Society_37,28,2026-09-27 13:13:00,1.46,4,Small,5,1.3,Standard,Normal,0,2.48,36,37.43,11.46,37.43,389,1,0,20412.0,3.5,3.46,7,2.16,1,1,1,0,0,20.0,21,25,22,45.0,20.0,0,0,Do Not Batch,Customer Distance Too High,97.47,0.0,2,2,0,2,2,0,0.0,Bike,2026-09-27,12
118,2026-09-21 18:20:00,Subway,Fast Food,Society_21,26,2026-09-21 18:46:00,1.0,3,Medium,3,2.06,Standard,Normal,0,2.44,42,40.14,14.55,40.14,304,1,0,481.0,2.96,6.18,9,4.12,0,1,1,0,1,20.0,17,25,19,45.0,20.0,0,0,Do Not Batch,Order Size/Item Incompatibility,85.05,0.0,2,2,0,2,2,0,0.0,Bike,2026-09-21,18
119,2026-09-03 15:11:00,Burger King,Fast Food,Society_11,31,2026-09-03 15:42:00,1.07,3,Small,2,0.35,Fragile,Normal,0,0.2,38,38.44,11.14,38.44,497,1,0,23149.0,3.85,6.05,8,5.7,0,1,1,0,0,20.0,18,19,21,39.0,20.0,0,0,Do Not Batch,Order Size/Item Incompatibility,75.82,0.0,2,2,0,2,2,0,0.0,Bike,2026-09-03,15
120,2026-09-19 01:51:00,Haldiram's,Indian,Society_05,21,2026-09-19 02:12:00,2.74,10,Medium,1,1.37,Standard,Normal,0,2.89,43,47.6,8.53,47.6,882,1,0,15239.0,3.22,4.78,7,3.41,1,1,1,0,0,20.0,20,23,20,43.0,20.0,0,0,Do Not Batch,Customer Distance Too High,95.65,0.0,2,2,0,2,2,0,0.0,Scooter,2026-09-19,1
121,2026-09-08 06:26:00,Domino's Pizza,Pizza,Society_31,17,2026-09-08 06:43:00,6.03,13,Medium,2,1.25,Standard,Priority,50,1.47,51,61.21,7.06,61.21,1192,1,0,4183.0,1.45,2.19,4,1.25,1,1,0,0,1,20.0,27,28,27,48.0,20.0,0,0,Do Not Batch,Priority Order,114.31,0.0,2,2,0,2,2,0,0.0,Bike,2026-09-08,6
122,2026-09-23 17:25:00,Burger King,Fast Food,Society_32,27,2026-09-23 17:52:00,2.39,8,Small,4,0.65,Temperature-Sensitive,Normal,0,2.32,52,44.12,11.16,44.12,1059,1,0,16734.0,2.61,2.76,9,2.11,1,1,0,0,1,20.0,27,21,28,41.0,20.0,0,0,Do Not Batch,Priority Order,82.74,0.0,2,2,0,2,2,0,0.0,Bike,2026-09-23,17
123,2026-09-13 03:45:00,McDonald's,Fast Food,Society_30,26,2026-09-13 04:11:00,2.39,8,Small,6,0.83,Standard,Priority,50,2.82,40,47.05,11.46,47.05,1252,1,0,13869.0,2.68,2.47,8,1.64,1,1,0,0,1,20.0,27,28,29,48.0,20.0,0,0,Do Not Batch,Priority Order,97.89,0.0,2,2,0,2,2,0,0.0,Scooter,2026-09-13,3
124,2026-09-22 20:01:00,KFC,Fast Food,Society_40,26,2026-09-22 20:27:00,3.47,12,Small,5,1.21,Standard,Normal,0,2.9,55,51.56,11.56,51.56,516,1,0,9836.0,1.21,3.48,8,2.27,1,1,1,0,1,20.0,28,16,30,36.0,20.0,0,0,Do Not Batch,Restaurant Ready-Time Gap,87.03,0.0,2,2,0,2,2,0,0.0,Bike,2026-09-22,20
125,2026-09-15 19:14:00,Biryani Blues,Indian,Society_24,24,2026-09-15 19:38:00,0.55,2,Small,4,1.28,Standard,Normal,0,1.04,36,35.47,10.08,35.47,493,1,0,18078.0,0.95,6.07,5,4.79,0,1,1,0,1,20.0,12,27,13,47.0,20.0,0,0,Do Not Batch,Order Size/Item Incompatibility,83.27,0.0,2,2,0,2,2,0,0.0,Bike,2026-09-15,19
126,2026-09-14 05:30:00,Biryani Blues,Indian,Society_35,8,2026-09-14 05:38:00,5.4,17,Medium,1,2.91,Fragile,Normal,0,2.81,62,62.04,11.58,62.04,1246,1,0,24165.0,1.55,5.14,2,2.91,1,1,1,0,1,20.0,36,21,36,41.0,20.0,0,0,Do Not Batch,Restaurant Ready-Time Gap,100.68,0.0,2,2,0,2,2,0,0.0,Scooter,2026-09-14,5
127,2026-09-03 13:21:00,Theobroma,Bakery,Society_12,28,2026-09-03 13:49:00,4.18,13,Small,5,0.95,Standard,Normal,0,1.32,44,54.97,11.78,54.97,710,1,0,1998.0,5.35,2.27,6,1.32,1,1,0,0,0,20.0,31,19,32,39.0,20.0,0,0,Do Not Batch,Priority Order,97.00999999999999,0.0,2,2,0,2,2,0,0.0,Bike,2026-09-03,13
128,2026-09-18 06:46:00,KFC,Fast Food,Society_37,27,2026-09-18 07:13:00,4.56,11,Small,4,1.17,Fragile,Normal,0,1.94,46,54.1,11.96,54.1,1150,1,0,2069.0,1.92,1.66,9,1.17,1,1,1,0,1,20.0,27,21,28,41.0,20.0,0,0,Do Not Batch,Restaurant Ready-Time Gap,102.09,0.0,2,2,0,2,2,0,0.0,Scooter,2026-09-18,6
129,2026-09-11 12:17:00,Subway,Fast Food,Society_04,9,2026-09-11 12:26:00,6.27,16,Small,4,0.91,Spill-Risk,Normal,0,2.47,59,65.79,7.7,65.79,490,1,0,5823.0,4.23,1.79,6,0.91,1,1,1,0,0,20.0,29,22,30,42.0,20.0,0,0,Do Not Batch,Customer Distance Too High,113.55000000000001,0.0,2,2,0,2,2,0,0.0,Scooter,2026-09-11,12
130,2026-09-03 18:30:00,KFC,Fast Food,Society_18,16,2026-09-03 18:46:00,5.77,14,Small,5,0.48,Standard,Normal,0,1.53,58,58.61,10.98,58.61,725,1,0,18191.0,1.84,2.37,11,1.89,1,1,1,0,1,20.0,27,16,27,36.0,20.0,0,0,Do Not Batch,Restaurant Ready-Time Gap,94.32,0.0,2,2,0,2,2,0,0.0,Scooter,2026-09-03,18
131,2026-09-24 21:07:00,Theobroma,Bakery,Society_39,14,2026-09-24 21:21:00,1.83,5,Medium,3,2.78,Temperature-Sensitive,Normal,0,5.33,43,41.67,14.8,41.67,1393,1,0,13218.0,3.74,6.37,7,3.59,0,1,1,0,0,20.0,24,28,27,48.0,20.0,0,0,Do Not Batch,Order Size/Item Incompatibility,102.64,0.0,2,2,0,2,2,0,0.0,Scooter,2026-09-24,21
132,2026-09-21 01:12:00,KFC,Fast Food,Society_05,34,2026-09-21 01:46:00,7.88,22,Small,5,0.37,Fragile,Normal,0,5.01,64,71.09,9.81,71.09,433,1,0,23930.0,3.76,1.0,6,0.63,1,1,1,0,0,20.0,38,15,38,35.0,20.0,0,0,Do Not Batch,Customer Distance Too High,111.16,0.0,2,2,0,2,2,0,0.0,Scooter,2026-09-21,1
133,2026-09-18 23:19:00,Subway,Fast Food,Society_44,13,2026-09-18 23:32:00,2.7,9,Large,1,3.02,Standard,Normal,0,3.09,46,45.28,5.13,45.28,457,1,0,399.0,3.83,3.59,5,3.02,1,1,0,0,0,20.0,24,13,27,33.0,20.0,0,0,Do Not Batch,Priority Order,79.93,0.0,2,2,0,2,2,0,0.0,Bike,2026-09-18,23
134,2026-09-07 17:07:00,Wow! Momo,Fast Food,Society_09,17,2026-09-07 17:24:00,1.26,4,Small,6,0.81,Fragile,Normal,0,1.07,46,41.12,5.47,41.12,1411,1,0,5564.0,3.04,1.93,10,1.12,1,1,1,0,0,20.0,16,23,19,43.0,20.0,0,0,Do Not Batch,Customer Distance Too High,88.66999999999999,0.0,2,2,0,2,2,0,0.0,Scooter,2026-09-07,17
135,2026-09-14 09:21:00,McDonald's,Fast Food,Society_48,8,2026-09-14 09:29:00,4.73,13,Small,2,1.18,Standard,Normal,0,0.2,51,55.61,14.8,55.61,1124,1,0,16172.0,4.43,2.28,7,1.18,1,1,0,0,0,20.0,31,39,32,59.0,20.0,0,0,Do Not Batch,Priority Order,126.03,0.0,2,2,0,2,2,0,0.0,Scooter,2026-09-14,9
136,2026-09-25 09:21:00,Subway,Fast Food,Society_42,17,2026-09-25 09:38:00,1.81,4,Medium,1,1.62,Standard,Normal,0,0.9,42,43.85,10.61,43.85,995,1,0,8098.0,3.03,7.27,7,5.65,0,1,1,0,0,20.0,19,37,21,57.0,20.0,0,0,Do Not Batch,Order Size/Item Incompatibility,107.25,0.0,2,2,0,2,2,0,0.0,Bike,2026-09-25,9
137,2026-09-08 06:39:00,Burger King,Fast Food,Society_02,19,2026-09-08 06:58:00,3.12,11,Medium,6,2.25,Standard,Normal,0,0.81,50,47.3,9.12,47.3,1227,1,0,14568.0,4.9,2.81,10,2.25,1,1,1,0,0,20.0,22,25,23,45.0,20.0,0,0,Do Not Batch,Customer Distance Too High,91.93,0.0,2,2,0,2,2,0,0.0,Bike,2026-09-08,6
138,2026-09-20 16:13:00,Haldiram's,Indian,Society_20,27,2026-09-20 16:40:00,5.22,15,Small,3,1.24,Standard,Normal,0,1.47,54,56.74,12.57,56.74,518,1,0,2633.0,0.23,3.52,9,2.28,1,1,1,0,1,20.0,34,27,34,47.0,20.0,0,0,Do Not Batch,Restaurant Ready-Time Gap,121.72999999999999,0.0,2,2,0,2,2,0,0.0,Bike,2026-09-20,16
139,2026-09-05 10:14:00,Biryani Blues,Indian,Society_02,24,2026-09-05 10:38:00,2.31,6,Small,5,0.84,Temperature-Sensitive,Normal,0,2.41,43,41.81,8.91,41.81,1156,1,0,4850.0,2.99,2.23,10,1.39,1,1,0,0,1,20.0,17,33,19,53.0,20.0,0,0,Do Not Batch,Priority Order,96.63,0.0,2,2,0,2,2,0,0.0,Bike,2026-09-05,10
140,2026-09-16 04:13:00,KFC,Fast Food,Society_28,16,2026-09-16 04:29:00,1.46,4,Medium,3,1.65,Standard,Normal,0,0.2,42,39.92,11.35,39.92,1187,1,0,10592.0,2.9,5.02,9,3.37,1,1,1,0,1,20.0,14,32,16,52.0,20.0,0,0,Do Not Batch,Restaurant Ready-Time Gap,96.46000000000001,0.0,2,2,0,2,2,0,0.0,Scooter,2026-09-16,4
141,2026-09-16 06:24:00,Haldiram's,Indian,Society_03,28,2026-09-16 06:52:00,2.42,8,Small,6,1.25,Standard,Normal,0,6.32,44,41.57,13.94,41.57,695,1,0,20120.0,1.19,2.1,9,1.25,1,1,1,0,1,20.0,22,30,22,50.0,20.0,0,0,Do Not Batch,Restaurant Ready-Time Gap,100.45,0.0,2,2,0,2,2,0,0.0,Bike,2026-09-16,6
142,2026-09-03 00:27:00,Subway,Fast Food,Society_31,23,2026-09-03 00:50:00,1.38,3,Large,5,5.18,Standard,Priority,50,4.21,43,36.2,5.13,36.2,1415,1,0,28809.0,3.31,6.18,7,5.18,0,1,0,0,0,20.0,22,29,22,49.0,20.0,0,0,Do Not Batch,Priority Order,78.84,0.0,2,2,0,2,2,0,0.0,Bike,2026-09-03,0
143,2026-09-20 00:59:00,Theobroma,Bakery,Society_19,26,2026-09-20 01:25:00,3.52,8,Large,4,5.57,Spill-Risk,Normal,0,2.92,46,48.46,9.94,48.46,206,1,0,2213.0,0.41,10.41,8,5.57,0,1,1,0,1,20.0,23,22,24,42.0,20.0,0,0,Do Not Batch,Order Size/Item Incompatibility,87.19,0.0,2,2,0,2,2,0,0.0,Scooter,2026-09-20,0
144,2026-09-01 19:47:00,KFC,Fast Food,Society_18,27,2026-09-01 20:14:00,1.21,4,Small,5,0.8,Fragile,Normal,0,1.74,43,38.96,9.36,38.96,271,1,0,38723.0,1.58,2.17,7,1.37,1,1,1,0,1,20.0,16,18,16,38.0,20.0,0,0,Do Not Batch,Restaurant Ready-Time Gap,76.27000000000001,0.0,2,2,0,2,2,0,0.0,Scooter,2026-09-01,19
145,2026-09-05 20:56:00,Biryani Blues,Indian,Society_28,21,2026-09-05 21:17:00,6.14,17,Small,5,1.11,Standard,Normal,0,1.12,50,60.52,13.37,60.52,860,1,0,16164.0,0.2,1.8,8,1.11,1,1,0,0,1,20.0,30,28,33,48.0,20.0,0,0,Do Not Batch,Priority Order,116.36000000000001,0.0,2,2,0,2,2,0,0.0,Bike,2026-09-05,20
146,2026-09-18 22:15:00,Haldiram's,Indian,Society_17,26,2026-09-18 22:41:00,6.67,15,Small,5,0.79,Spill-Risk,Priority,50,4.02,51,67.81,5.59,67.81,339,1,0,8281.0,4.68,2.22,7,1.43,1,1,0,0,0,20.0,29,15,32,35.0,20.0,0,0,Do Not Batch,Priority Order,104.18,0.0,2,2,0,2,2,0,0.0,Bike,2026-09-18,22
147,2026-09-16 02:05:00,McDonald's,Fast Food,Society_20,27,2026-09-16 02:32:00,8.78,22,Small,6,0.76,Temperature-Sensitive,Normal,0,2.43,65,79.24,7.8,79.24,904,1,0,1061.0,2.18,5.47,12,4.71,1,1,0,0,1,20.0,35,42,37,62.0,20.0,0,0,Do Not Batch,Priority Order,147.41,0.0,2,2,0,2,2,0,0.0,Scooter,2026-09-16,2
148,2026-09-12 00:42:00,Theobroma,Bakery,Society_47,19,2026-09-12 01:01:00,4.06,9,Large,1,3.91,Spill-Risk,Normal,0,3.83,42,49.2,12.04,49.2,1325,1,0,8781.0,5.53,6.24,7,3.91,0,1,0,0,0,20.0,27,18,28,38.0,20.0,0,0,Do Not Batch,Priority Order,91.93,0.0,2,2,0,2,2,0,0.0,Scooter,2026-09-12,0
149,2026-09-23 09:35:00,Domino's Pizza,Pizza,Society_28,8,2026-09-23 09:43:00,4.03,9,Small,3,1.18,Standard,Normal,0,3.14,52,50.87,14.89,50.87,1430,1,0,10205.0,3.62,1.98,7,1.18,1,1,1,0,0,20.0,21,25,22,45.0,20.0,0,0,Do Not Batch,Customer Distance Too High,96.66,0.0,2,2,0,2,2,0,0.0,Scooter,2026-09-23,9
150,2026-09-17 18:47:00,Haldiram's,Indian,Society_20,29,2026-09-17 19:16:00,4.59,13,Small,6,1.33,Standard,Normal,0,1.53,47,55.74,6.15,55.74,978,1,0,8253.0,3.13,2.64,9,1.33,1,1,1,0,0,20.0,27,23,29,43.0,20.0,0,0,Do Not Batch,Customer Distance Too High,102.39,0.0,2,2,0,2,2,0,0.0,Bike,2026-09-17,18
151,2026-09-15 05:40:00,Theobroma,Bakery,Society_04,13,2026-09-15 05:53:00,2.58,7,Small,5,1.06,Standard,Normal,0,1.28,40,43.98,9.88,43.98,41,1,0,2677.0,1.68,2.33,9,1.27,1,1,1,0,1,20.0,23,24,23,44.0,20.0,0,0,Do Not Batch,Restaurant Ready-Time Gap,93.22999999999999,0.0,2,2,0,2,2,0,0.0,Bike,2026-09-15,5
152,2026-09-01 13:13:00,Biryani Blues,Indian,Society_42,25,2026-09-01 13:38:00,2.4,8,Small,5,0.87,Standard,Normal,0,0.2,38,43.6,9.73,43.6,1250,1,0,21485.0,1.04,1.58,11,0.87,1,1,1,0,1,20.0,24,17,25,37.0,20.0,0,0,Do Not Batch,Restaurant Ready-Time Gap,83.72,0.0,2,2,0,2,2,0,0.0,Bike,2026-09-01,13
153,2026-09-22 07:59:00,KFC,Fast Food,Society_20,8,2026-09-22 08:07:00,0.76,3,Small,6,1.32,Standard,Normal,0,2.04,37,35.31,7.19,35.31,1491,1,0,27657.0,3.23,5.63,10,4.31,1,1,1,0,0,20.0,18,18,20,38.0,20.0,0,0,Do Not Batch,Customer Distance Too High,79.43,0.0,2,2,0,2,2,0,0.0,Bike,2026-09-22,7
154,2026-09-05 05:22:00,Pizza Hut,Pizza,Society_11,15,2026-09-05 05:37:00,1.77,4,Small,1,0.34,Standard,Normal,0,3.78,46,44.29,6.65,44.29,740,1,0,10032.0,2.4,0.66,5,0.34,1,1,1,0,1,20.0,22,25,24,45.0,20.0,0,0,Do Not Batch,Restaurant Ready-Time Gap,90.11,0.0,2,2,0,2,2,0,0.0,Bike,2026-09-05,5
155,2026-09-07 02:50:00,Wow! Momo,Fast Food,Society_08,28,2026-09-07 03:18:00,2.44,6,Medium,1,3.09,Temperature-Sensitive,Normal,0,3.72,36,45.03,11.87,45.03,93,1,0,24202.0,0.63,3.93,3,3.09,1,1,1,0,1,20.0,22,27,25,47.0,20.0,0,0,Do Not Batch,Restaurant Ready-Time Gap,94.55000000000001,0.0,2,2,0,2,2,0,0.0,Bike,2026-09-07,2
156,2026-09-27 22:51:00,McDonald's,Fast Food,Society_41,26,2026-09-27 23:17:00,1.42,4,Medium,4,3.27,Standard,Normal,0,0.2,40,38.4,11.46,38.4,635,1,0,30261.0,0.38,4.64,8,3.27,1,1,1,0,1,20.0,17,29,19,49.0,20.0,0,0,Do Not Batch,Restaurant Ready-Time Gap,97.8,0.0,2,2,0,2,2,0,0.0,Bike,2026-09-27,22
157,2026-09-25 10:50:00,Pizza Hut,Pizza,Society_29,21,2026-09-25 11:11:00,2.84,10,Medium,4,1.6,Standard,Normal,0,2.59,47,48.76,11.95,48.76,1303,1,0,26526.0,1.16,4.5,10,2.9,1,1,1,0,1,20.0,29,17,29,37.0,20.0,0,0,Do Not Batch,Restaurant Ready-Time Gap,94.03999999999999,0.0,2,2,0,2,2,0,0.0,Bike,2026-09-25,10
158,2026-09-03 00:02:00,KFC,Fast Food,Society_43,16,2026-09-03 00:18:00,12.0,26,Medium,1,2.88,Standard,Normal,0,1.77,57,91.23,5.78,91.23,1187,1,0,29563.0,5.05,6.25,7,3.37,0,1,1,0,0,20.0,44,30,44,50.0,20.0,0,0,Do Not Batch,Order Size/Item Incompatibility,147.77,0.0,2,2,0,2,2,0,0.0,Scooter,2026-09-03,0
159,2026-09-26 23:08:00,Theobroma,Bakery,Society_48,24,2026-09-26 23:32:00,5.55,16,Small,4,1.4,Standard,Normal,0,2.38,53,58.75,6.67,58.75,295,1,0,32983.0,5.6,2.46,5,1.4,1,1,1,0,0,20.0,31,15,31,35.0,20.0,0,0,Do Not Batch,Customer Distance Too High,103.03,0.0,2,2,0,2,2,0,0.0,Bike,2026-09-26,23
160,2026-09-12 19:10:00,Subway,Fast Food,Society_49,19,2026-09-12 19:29:00,1.25,3,Small,3,0.71,Standard,Normal,0,1.85,33,39.67,11.06,39.67,211,1,0,18417.0,2.79,2.16,6,1.45,1,1,1,0,1,20.0,13,19,13,39.0,20.0,0,0,Do Not Batch,Restaurant Ready-Time Gap,79.41,0.0,2,2,0,2,2,0,0.0,Scooter,2026-09-12,19
161,2026-09-09 17:11:00,McDonald's,Fast Food,Society_46,37,2026-09-09 17:48:00,1.96,5,Small,3,0.94,Standard,Normal,0,2.37,44,40.96,8.13,40.96,388,1,0,25873.0,2.71,2.97,6,2.03,1,1,1,0,1,20.0,23,20,25,40.0,20.0,0,0,Do Not Batch,Restaurant Ready-Time Gap,75.25999999999999,0.0,2,2,0,2,2,0,0.0,Scooter,2026-09-09,17
162,2026-09-02 22:09:00,Subway,Fast Food,Society_45,19,2026-09-02 22:28:00,4.48,11,Small,5,0.65,Temperature-Sensitive,Normal,0,2.0,56,53.12,10.41,53.12,1354,1,0,228.0,2.03,1.49,7,0.84,1,1,1,0,1,20.0,27,21,28,41.0,20.0,0,0,Do Not Batch,Restaurant Ready-Time Gap,97.36,0.0,2,2,0,2,2,0,0.0,Bike,2026-09-02,22
163,2026-09-12 10:08:00,Subway,Fast Food,Society_49,35,2026-09-12 10:43:00,10.31,29,Medium,3,1.9,Standard,Normal,0,5.55,63,87.28,10.58,87.28,142,1,0,13553.0,1.19,7.08,8,5.18,0,1,0,0,1,20.0,44,17,46,37.0,20.0,0,0,Do Not Batch,Priority Order,123.48,0.0,2,2,0,2,2,0,0.0,Bike,2026-09-12,10
164,2026-09-15 04:40:00,KFC,Fast Food,Society_22,22,2026-09-15 05:02:00,1.13,4,Small,3,1.24,Spill-Risk,Normal,0,2.86,42,39.99,9.61,39.99,1465,1,0,7613.0,4.43,4.76,5,3.52,1,1,1,0,0,20.0,19,32,20,52.0,20.0,0,0,Do Not Batch,Customer Distance Too High,101.78999999999999,0.0,2,2,0,2,2,0,0.0,Scooter,2026-09-15,4
165,2026-09-14 13:51:00,Haldiram's,Indian,Society_12,21,2026-09-14 14:12:00,1.79,5,Small,3,1.39,Spill-Risk,Normal,0,1.48,42,39.16,13.77,39.16,267,1,0,5924.0,5.12,2.39,7,1.39,1,1,1,0,0,20.0,18,20,19,40.0,20.0,0,0,Do Not Batch,Customer Distance Too High,84.77,0.0,2,2,0,2,2,0,0.0,Bike,2026-09-14,13
166,2026-09-23 19:52:00,Biryani Blues,Indian,Society_23,22,2026-09-23 20:14:00,2.84,7,Medium,2,2.33,Standard,Normal,0,3.48,51,47.05,14.19,47.05,1158,1,0,1616.0,1.25,4.65,7,2.33,1,1,1,0,1,20.0,20,28,21,48.0,20.0,0,0,Do Not Batch,Restaurant Ready-Time Gap,94.66,0.0,2,2,0,2,2,0,0.0,Bike,2026-09-23,19
167,2026-09-26 19:53:00,KFC,Fast Food,Society_08,26,2026-09-26 20:19:00,3.48,9,Medium,4,3.06,Standard,Priority,50,2.21,39,47.79,7.4,47.79,12,1,0,33799.0,2.38,8.57,6,5.51,0,1,0,0,1,20.0,21,21,24,41.0,20.0,0,0,Do Not Batch,Priority Order,98.35,0.0,2,2,0,2,2,0,0.0,Bike,2026-09-26,19
168,2026-09-16 13:46:00,Biryani Blues,Indian,Society_21,31,2026-09-16 14:17:00,4.2,13,Small,5,0.34,Fragile,Normal,0,0.2,58,55.56,8.33,55.56,733,1,0,14015.0,1.87,6.25,8,5.91,0,0,1,0,1,20.0,30,21,30,41.0,20.0,0,0,Do Not Batch,Order Size/Item Incompatibility,109.23,0.0,2,2,0,2,2,0,0.0,Bike,2026-09-16,13
169,2026-09-15 16:16:00,KFC,Fast Food,Society_35,21,2026-09-15 16:37:00,2.13,5,Small,5,1.29,Spill-Risk,Priority,50,1.35,43,44.44,7.8,44.44,840,1,0,9237.0,1.91,2.89,11,1.6,1,0,0,0,1,20.0,22,17,25,37.0,20.0,0,0,Do Not Batch,Priority Order,77.12,0.0,2,2,0,2,2,0,0.0,Bike,2026-09-15,16
170,2026-09-07 09:25:00,Domino's Pizza,Pizza,Society_34,23,2026-09-07 09:48:00,9.73,30,Small,3,0.93,Standard,Normal,0,3.68,69,78.59,9.78,78.59,862,1,0,7220.0,4.16,2.3,4,1.37,1,1,0,0,0,20.0,41,33,43,53.0,20.0,0,0,Do Not Batch,Priority Order,132.99,0.0,2,2,0,2,2,0,0.0,Scooter,2026-09-07,9
171,2026-09-08 14:30:00,McDonald's,Fast Food,Society_13,25,2026-09-08 14:55:00,2.16,6,Small,5,1.31,Standard,Normal,0,0.2,44,44.88,6.88,44.88,1124,1,0,24486.0,0.66,2.41,10,1.31,1,1,0,0,1,20.0,20,33,23,53.0,20.0,0,0,Do Not Batch,Priority Order,115.30000000000001,0.0,2,2,0,2,2,0,0.0,Bike,2026-09-08,14
172,2026-09-06 09:50:00,Haldiram's,Indian,Society_24,31,2026-09-06 10:21:00,2.53,7,Medium,2,1.76,Standard,Normal,0,4.13,51,45.07,10.2,45.07,384,1,0,17632.0,3.15,2.27,5,1.76,1,1,1,0,0,20.0,25,25,26,45.0,20.0,0,0,Do Not Batch,Customer Distance Too High,89.12,0.0,2,2,0,2,2,0,0.0,Bike,2026-09-06,9
173,2026-09-05 07:05:00,Haldiram's,Indian,Society_29,13,2026-09-05 07:18:00,2.19,7,Medium,1,2.92,Standard,Normal,0,2.01,38,42.69,8.4,42.69,1256,1,0,4781.0,3.52,4.84,5,2.92,1,1,1,0,0,20.0,25,16,27,36.0,20.0,0,0,Do Not Batch,Customer Distance Too High,83.21000000000001,0.0,2,2,0,2,2,0,0.0,Scooter,2026-09-05,7
174,2026-09-05 01:56:00,Theobroma,Bakery,Society_12,23,2026-09-05 02:19:00,3.2,8,Medium,3,2.2,Fragile,Normal,0,0.92,40,44.71,11.87,44.71,886,1,0,5199.0,2.3,3.61,4,2.2,1,1,1,0,1,20.0,24,38,24,58.0,20.0,0,0,Do Not Batch,Restaurant Ready-Time Gap,113.32,0.0,2,2,0,2,2,0,0.0,Scooter,2026-09-05,1
175,2026-09-25 12:36:00,Pizza Hut,Pizza,Society_44,34,2026-09-25 13:10:00,0.86,3,Small,5,1.16,Standard,Priority,50,3.07,41,34.68,6.05,34.68,347,1,0,1458.0,3.75,1.53,8,1.16,1,1,0,0,0,20.0,16,23,17,43.0,20.0,0,0,Do Not Batch,Priority Order,80.00999999999999,0.0,2,2,0,2,2,0,0.0,Scooter,2026-09-25,12
176,2026-09-05 11:22:00,KFC,Fast Food,Society_44,15,2026-09-05 11:37:00,1.99,5,Medium,3,2.25,Standard,Normal,0,2.71,43,38.37,12.68,38.37,46,1,0,31140.0,2.71,2.93,7,2.25,1,1,1,0,1,20.0,18,31,18,51.0,20.0,0,0,Do Not Batch,Restaurant Ready-Time Gap,109.63,0.0,2,2,0,2,2,0,0.0,Bike,2026-09-05,11
177,2026-09-20 10:04:00,McDonald's,Fast Food,Society_45,24,2026-09-20 10:28:00,3.46,12,Medium,6,3.22,Standard,Normal,0,2.35,49,50.51,12.39,50.51,958,1,0,6102.0,4.2,4.76,11,3.22,1,1,1,0,0,20.0,31,24,34,44.0,20.0,0,0,Do Not Batch,Customer Distance Too High,93.07,0.0,2,2,0,2,2,0,0.0,Bike,2026-09-20,10
178,2026-09-15 00:44:00,Biryani Blues,Indian,Society_44,18,2026-09-15 01:02:00,2.15,5,Small,3,1.1,Spill-Risk,Normal,0,5.45,49,45.43,5.15,45.43,735,1,0,13110.0,0.37,2.49,8,1.39,1,1,1,0,1,20.0,21,24,21,44.0,20.0,0,0,Do Not Batch,Restaurant Ready-Time Gap,101.68,0.0,2,2,0,2,2,0,0.0,Bike,2026-09-15,0
179,2026-09-14 01:19:00,Subway,Fast Food,Society_43,26,2026-09-14 01:45:00,4.82,14,Small,6,0.94,Standard,Normal,0,4.62,50,58.29,12.73,58.29,65,1,0,16686.0,2.01,2.71,7,1.77,1,1,1,0,1,20.0,26,21,28,41.0,20.0,0,0,Do Not Batch,Restaurant Ready-Time Gap,104.47999999999999,0.0,2,2,0,2,2,0,0.0,Scooter,2026-09-14,1
180,2026-09-09 15:47:00,Wow! Momo,Fast Food,Society_16,17,2026-09-09 16:04:00,2.34,6,Small,2,0.57,Standard,Normal,0,2.79,46,45.0,10.48,45.0,345,1,0,4615.0,2.4,3.53,3,2.96,1,1,1,0,1,20.0,18,18,19,38.0,20.0,0,0,Do Not Batch,Restaurant Ready-Time Gap,80.97999999999999,0.0,2,2,0,2,2,0,0.0,Scooter,2026-09-09,15
181,2026-09-15 22:56:00,Domino's Pizza,Pizza,Society_34,32,2026-09-15 23:28:00,3.18,7,Small,4,1.38,Standard,Priority,50,5.01,43,49.27,10.82,49.27,1286,1,0,17066.0,0.2,1.94,5,1.38,1,1,0,0,1,20.0,21,20,21,40.0,20.0,0,0,Do Not Batch,Priority Order,84.07,0.0,2,2,0,2,2,0,0.0,Bike,2026-09-15,22
182,2026-09-18 18:08:00,Wow! Momo,Fast Food,Society_07,21,2026-09-18 18:29:00,3.2,9,Large,4,5.33,Standard,Normal,0,0.2,48,51.17,13.47,51.17,1089,1,0,7050.0,0.98,5.65,9,5.33,1,1,1,0,1,20.0,24,31,27,51.0,20.0,0,0,Do Not Batch,Restaurant Ready-Time Gap,111.39,0.0,2,2,0,2,2,0,0.0,Bike,2026-09-18,18
183,2026-09-17 05:54:00,KFC,Fast Food,Society_47,22,2026-09-17 06:16:00,3.65,9,Medium,1,1.99,Temperature-Sensitive,Normal,0,2.75,48,47.43,5.08,47.43,1345,1,0,3817.0,1.36,3.67,4,1.99,1,1,1,0,1,20.0,26,27,28,47.0,20.0,0,0,Do Not Batch,Restaurant Ready-Time Gap,104.0,0.0,2,2,0,2,2,0,0.0,Scooter,2026-09-17,5
184,2026-09-25 18:23:00,Domino's Pizza,Pizza,Society_10,18,2026-09-25 18:41:00,0.63,2,Large,6,3.82,Spill-Risk,Normal,0,2.78,45,34.61,5.44,34.61,1500,1,0,31281.0,3.83,4.64,8,3.82,1,1,1,0,0,20.0,12,30,13,50.0,20.0,0,0,Do Not Batch,Customer Distance Too High,82.86,0.0,2,2,0,2,2,0,0.0,Bike,2026-09-25,18
185,2026-09-02 04:36:00,Biryani Blues,Indian,Society_41,29,2026-09-02 05:05:00,2.71,10,Large,5,4.58,Standard,Normal,0,2.57,50,45.22,14.19,45.22,126,1,0,17313.0,1.51,7.49,6,4.58,0,1,1,0,1,20.0,26,28,29,48.0,20.0,0,0,Do Not Batch,Order Size/Item Incompatibility,107.25999999999999,0.0,2,2,0,2,2,0,0.0,Bike,2026-09-02,4
186,2026-09-22 23:10:00,Haldiram's,Indian,Society_30,24,2026-09-22 23:34:00,1.43,4,Small,2,1.46,Standard,Normal,0,4.48,49,37.63,7.32,37.63,672,1,0,1629.0,1.35,1.9,3,1.46,1,1,1,0,1,20.0,21,25,22,45.0,20.0,0,0,Do Not Batch,Restaurant Ready-Time Gap,87.13,0.0,2,2,0,2,2,0,0.0,Bike,2026-09-22,23
187,2026-09-23 03:52:00,Haldiram's,Indian,Society_43,23,2026-09-23 04:15:00,0.99,3,Small,2,1.24,Standard,Normal,0,2.59,48,33.71,9.29,33.71,662,1,0,5488.0,3.64,5.21,5,3.97,1,1,1,0,0,20.0,17,44,17,64.0,20.0,0,0,Do Not Batch,Customer Distance Too High,107.16,0.0,2,2,0,2,2,0,0.0,Bike,2026-09-23,3
188,2026-09-27 06:12:00,Theobroma,Bakery,Society_07,11,2026-09-27 06:23:00,9.68,33,Small,3,1.45,Standard,Normal,0,2.13,63,81.48,5.91,81.48,87,1,0,11907.0,0.23,2.82,6,1.45,1,1,1,0,1,20.0,52,24,55,44.0,20.0,0,0,Do Not Batch,Restaurant Ready-Time Gap,137.53,0.0,2,2,0,2,2,0,0.0,Bike,2026-09-27,6
189,2026-09-29 13:46:00,KFC,Fast Food,Society_50,22,2026-09-29 14:08:00,4.19,13,Large,5,4.69,Standard,Normal,0,3.23,47,49.24,6.75,49.24,863,1,0,10863.0,0.2,6.28,9,4.69,0,1,1,0,1,20.0,24,28,27,48.0,20.0,0,0,Do Not Batch,Order Size/Item Incompatibility,95.64,0.0,2,2,0,2,2,0,0.0,Bike,2026-09-29,13
190,2026-09-25 09:40:00,McDonald's,Fast Food,Society_47,27,2026-09-25 10:07:00,2.12,6,Small,4,1.21,Standard,Normal,0,0.31,42,46.17,13.93,46.17,919,1,0,11097.0,1.99,1.73,6,1.21,1,1,1,0,1,20.0,19,25,19,45.0,20.0,0,0,Do Not Batch,Restaurant Ready-Time Gap,90.12,0.0,2,2,0,2,2,0,0.0,Bike,2026-09-25,9
191,2026-09-04 13:57:00,Subway,Fast Food,Society_46,20,2026-09-04 14:17:00,7.18,18,Small,1,0.65,Standard,Normal,0,2.52,50,64.66,13.27,64.66,1148,1,0,26427.0,0.47,2.4,4,1.75,1,1,1,0,1,20.0,33,33,36,53.0,20.0,0,0,Do Not Batch,Restaurant Ready-Time Gap,118.25,0.0,2,2,0,2,2,0,0.0,Bike,2026-09-04,13
192,2026-09-15 07:11:00,Domino's Pizza,Pizza,Society_41,27,2026-09-15 07:38:00,5.58,19,Small,4,0.81,Standard,Normal,0,1.78,57,60.62,5.61,60.62,1298,1,0,7493.0,0.53,2.29,5,1.48,1,1,0,0,1,20.0,37,32,40,52.0,20.0,0,0,Do Not Batch,Priority Order,112.50999999999999,0.0,2,2,0,2,2,0,0.0,Bike,2026-09-15,7
193,2026-09-25 03:08:00,Biryani Blues,Indian,Society_12,15,2026-09-25 03:23:00,4.34,10,Small,3,1.36,Standard,Normal,0,3.52,54,53.03,12.59,53.03,1156,1,0,23515.0,3.3,2.75,8,1.39,1,1,0,0,0,20.0,21,33,24,53.0,20.0,0,0,Do Not Batch,Priority Order,107.85,0.0,2,2,0,2,2,0,0.0,Bike,2026-09-25,3
194,2026-09-26 01:57:00,Pizza Hut,Pizza,Society_22,12,2026-09-26 02:09:00,1.79,6,Small,3,1.5,Standard,Normal,0,3.6,40,41.29,6.5,41.29,407,1,0,26169.0,3.73,2.89,6,1.5,1,1,1,0,0,20.0,19,20,19,40.0,20.0,0,0,Do Not Batch,Customer Distance Too High,88.44,0.0,2,2,0,2,2,0,0.0,Bike,2026-09-26,1
195,2026-09-08 08:54:00,Haldiram's,Indian,Society_21,23,2026-09-08 09:17:00,0.53,2,Small,1,1.02,Standard,Normal,0,4.69,46,34.72,8.69,34.72,56,1,0,40.0,3.6,1.55,7,1.02,1,1,1,0,0,20.0,21,21,21,41.0,20.0,0,0,Do Not Batch,Customer Distance Too High,70.1,0.0,2,2,0,2,2,0,0.0,Bike,2026-09-08,8
196,2026-09-21 22:46:00,Theobroma,Bakery,Society_41,24,2026-09-21 23:10:00,4.04,12,Medium,2,2.88,Fragile,Normal,0,3.83,54,49.34,7.13,49.34,1017,1,0,13595.0,4.05,3.91,6,2.88,1,1,1,0,0,20.0,26,21,27,41.0,20.0,0,0,Do Not Batch,Customer Distance Too High,85.29,0.0,2,2,0,2,2,0,0.0,Bike,2026-09-21,22
197,2026-09-30 18:51:00,Domino's Pizza,Pizza,Society_18,27,2026-09-30 19:18:00,5.85,20,Small,2,0.5,Spill-Risk,Normal,0,2.88,50,65.01,9.38,65.01,1391,1,0,20339.0,4.24,1.32,3,0.82,1,1,1,0,0,20.0,37,43,37,63.0,20.0,0,0,Do Not Batch,Customer Distance Too High,137.93,0.0,2,2,0,2,2,0,0.0,Scooter,2026-09-30,18
198,2026-09-17 13:35:00,Domino's Pizza,Pizza,Society_13,19,2026-09-17 13:54:00,5.05,17,Small,5,0.91,Standard,Normal,0,3.36,62,59.65,10.53,59.65,1383,1,0,7705.0,0.2,1.47,7,0.91,1,1,1,0,1,20.0,34,13,37,33.0,20.0,0,0,Do Not Batch,Restaurant Ready-Time Gap,97.8,0.0,2,2,0,2,2,0,0.0,Bike,2026-09-17,13
199,2026-09-04 00:11:00,Pizza Hut,Pizza,Society_19,30,2026-09-04 00:41:00,7.11,20,Small,6,1.05,Standard,Normal,0,0.48,57,63.96,10.49,63.96,432,1,1,4719.0,0.34,2.52,7,1.47,1,1,1,0,1,20.0,31,30,31,50.0,20.0,0,0,Do Not Batch,Restaurant Ready-Time Gap,112.52000000000001,0.0,2,2,0,2,2,0,0.0,Bike,2026-09-04,0
200,2026-09-19 19:40:00,Subway,Fast Food,Society_48,27,2026-09-19 20:07:00,6.22,21,Large,5,3.21,Spill-Risk,Normal,0,0.23,59,64.58,8.32,64.58,65,1,0,8384.0,1.76,4.98,6,3.21,1,0,1,0,1,20.0,36,18,39,38.0,20.0,0,0,Do Not Batch,Order Size/Item Incompatibility,110.77,0.0,2,2,0,2,2,0,0.0,Bike,2026-09-19,19
201,2026-09-09 22:13:00,McDonald's,Fast Food,Society_10,26,2026-09-09 22:39:00,2.5,7,Medium,5,1.43,Standard,Normal,0,3.11,38,48.27,6.13,48.27,156,1,0,25958.0,1.45,4.7,9,3.27,1,1,1,0,1,20.0,22,14,25,34.0,20.0,0,0,Do Not Batch,Restaurant Ready-Time Gap,86.67,0.0,2,2,0,2,2,0,0.0,Scooter,2026-09-09,22
202,2026-09-02 19:08:00,Theobroma,Bakery,Society_02,21,2026-09-02 19:29:00,3.56,12,Small,3,1.03,Standard,Normal,0,0.57,53,50.2,11.9,50.2,385,1,0,4545.0,3.28,5.99,6,4.96,1,1,1,0,0,20.0,26,27,29,47.0,20.0,0,0,Do Not Batch,Customer Distance Too High,117.59,0.0,2,2,0,2,2,0,0.0,Scooter,2026-09-02,19
203,2026-09-23 18:22:00,Pizza Hut,Pizza,Society_03,21,2026-09-23 18:43:00,3.2,8,Small,3,1.08,Standard,Normal,0,4.01,46,49.65,11.1,49.65,1266,1,0,12843.0,0.2,2.29,6,1.21,1,1,1,0,1,20.0,25,24,25,44.0,20.0,0,0,Do Not Batch,Restaurant Ready-Time Gap,88.65,0.0,2,2,0,2,2,0,0.0,Bike,2026-09-23,18
204,2026-09-27 02:03:00,Theobroma,Bakery,Society_45,8,2026-09-27 02:11:00,9.95,28,Large,3,5.32,Standard,Normal,0,1.03,69,82.77,8.86,82.77,1325,1,0,30451.0,0.2,7.65,9,5.32,0,1,0,0,1,20.0,47,21,50,41.0,20.0,0,0,Do Not Batch,Priority Order,125.5,0.0,2,2,0,2,2,0,0.0,Bike,2026-09-27,2
205,2026-09-13 08:40:00,Haldiram's,Indian,Society_10,27,2026-09-13 09:07:00,2.94,10,Medium,2,2.9,Standard,Normal,0,2.46,42,49.82,5.84,49.82,1292,1,0,7597.0,3.39,4.12,6,2.9,1,1,1,0,0,20.0,21,19,22,39.0,20.0,0,0,Do Not Batch,Customer Distance Too High,98.92,0.0,2,2,0,2,2,0,0.0,Bike,2026-09-13,8
206,2026-09-21 13:58:00,Theobroma,Bakery,Society_20,20,2026-09-21 14:18:00,2.0,6,Large,4,4.84,Standard,Normal,0,0.2,48,38.73,6.99,38.73,559,1,0,11264.0,3.18,7.85,7,4.84,0,1,1,0,0,20.0,17,19,19,39.0,20.0,0,0,Do Not Batch,Order Size/Item Incompatibility,80.85,0.0,2,2,0,2,2,0,0.0,Bike,2026-09-21,13
207,2026-09-02 04:54:00,Haldiram's,Indian,Society_16,15,2026-09-02 05:09:00,1.61,5,Small,5,0.81,Standard,Normal,0,3.11,37,40.0,7.83,40.0,1023,1,0,37921.0,2.69,2.29,11,1.48,1,1,1,0,1,20.0,21,19,23,39.0,20.0,0,0,Do Not Batch,Restaurant Ready-Time Gap,75.72999999999999,0.0,2,2,0,2,2,0,0.0,Scooter,2026-09-02,4
208,2026-09-08 19:06:00,Wow! Momo,Fast Food,Society_49,25,2026-09-08 19:31:00,6.82,19,Medium,1,3.32,Standard,Normal,0,3.52,60,65.05,13.95,65.05,734,1,0,29140.0,1.27,4.74,2,3.32,1,1,1,0,1,20.0,37,36,38,56.0,20.0,0,0,Do Not Batch,Restaurant Ready-Time Gap,122.46,0.0,2,2,0,2,2,0,0.0,Scooter,2026-09-08,19
209,2026-09-14 02:17:00,Theobroma,Bakery,Society_37,20,2026-09-14 02:37:00,6.96,19,Medium,6,2.18,Standard,Normal,0,1.91,63,65.14,9.44,65.14,1105,1,0,11366.0,3.54,2.75,8,2.18,1,1,1,0,0,20.0,31,19,33,39.0,20.0,0,0,Do Not Batch,Customer Distance Too High,104.49000000000001,0.0,2,2,0,2,2,0,0.0,Bike,2026-09-14,2
210,2026-09-10 19:16:00,Theobroma,Bakery,Society_01,33,2026-09-10 19:49:00,2.85,7,Small,1,1.22,Standard,Normal,0,0.2,42,43.53,6.6,43.53,498,1,0,1956.0,3.45,2.06,6,1.22,1,1,1,0,0,20.0,23,21,24,41.0,20.0,0,0,Do Not Batch,Customer Distance Too High,88.80000000000001,0.0,2,2,0,2,2,0,0.0,Scooter,2026-09-10,19
211,2026-09-25 14:00:00,Subway,Fast Food,Society_27,26,2026-09-25 14:26:00,1.16,3,Medium,3,1.45,Standard,Normal,0,6.92,37,39.74,5.77,39.74,1064,1,0,30223.0,2.62,4.68,9,3.23,1,1,0,0,1,20.0,15,23,15,43.0,20.0,0,0,Do Not Batch,Priority Order,95.6,0.0,2,2,0,2,2,0,0.0,Bike,2026-09-25,14
212,2026-09-05 18:56:00,Wow! Momo,Fast Food,Society_49,31,2026-09-05 19:27:00,1.91,5,Small,2,0.75,Standard,Normal,0,3.35,39,44.78,5.78,44.78,1321,1,0,12331.0,0.85,2.12,6,1.37,1,1,1,0,1,20.0,20,18,22,38.0,20.0,0,0,Do Not Batch,Restaurant Ready-Time Gap,81.43,0.0,2,2,0,2,2,0,0.0,Bike,2026-09-05,18
213,2026-09-01 21:01:00,KFC,Fast Food,Society_47,33,2026-09-01 21:34:00,3.02,8,Medium,3,2.15,Standard,Normal,0,1.02,51,46.18,9.89,46.18,1146,1,0,525.0,1.9,3.64,4,2.15,1,1,1,0,1,20.0,20,19,21,39.0,20.0,0,0,Do Not Batch,Restaurant Ready-Time Gap,85.52000000000001,0.0,2,2,0,2,2,0,0.0,Bike,2026-09-01,21
214,2026-09-26 17:35:00,Burger King,Fast Food,Society_10,26,2026-09-26 18:01:00,3.01,11,Small,6,0.5,Fragile,Normal,0,4.18,55,43.89,7.22,43.89,1379,1,0,31307.0,3.67,1.95,8,1.45,1,1,1,0,0,20.0,21,19,22,39.0,20.0,0,0,Do Not Batch,Customer Distance Too High,84.2,0.0,2,2,0,2,2,0,0.0,Bike,2026-09-26,17
215,2026-09-20 01:09:00,Theobroma,Bakery,Society_19,17,2026-09-20 01:26:00,1.65,4,Medium,3,2.48,Standard,Normal,0,1.23,43,37.62,10.0,37.62,426,1,0,6366.0,4.36,3.88,9,2.48,1,1,1,0,0,20.0,19,22,22,42.0,20.0,0,0,Do Not Batch,Customer Distance Too High,88.19999999999999,0.0,2,2,0,2,2,0,0.0,Bike,2026-09-20,1
216,2026-09-27 02:44:00,KFC,Fast Food,Society_26,35,2026-09-27 03:19:00,3.53,8,Medium,5,1.47,Standard,Normal,0,3.89,38,47.3,8.92,47.3,290,1,0,5593.0,2.04,3.32,7,1.85,1,1,1,0,1,20.0,20,25,20,45.0,20.0,0,0,Do Not Batch,Restaurant Ready-Time Gap,92.19,0.0,2,2,0,2,2,0,0.0,Scooter,2026-09-27,2
217,2026-09-12 09:30:00,Burger King,Fast Food,Society_43,22,2026-09-12 09:52:00,0.76,3,Medium,3,1.36,Standard,Normal,0,0.86,41,37.65,11.97,37.65,814,1,0,11102.0,2.15,2.85,7,1.49,1,1,1,0,1,20.0,13,20,14,40.0,20.0,0,0,Do Not Batch,Restaurant Ready-Time Gap,77.12,0.0,2,2,0,2,2,0,0.0,Bike,2026-09-12,9
218,2026-09-24 12:32:00,Wow! Momo,Fast Food,Society_03,28,2026-09-24 13:00:00,2.29,8,Small,5,0.52,Fragile,Priority,50,3.01,48,40.06,8.88,40.06,1203,1,0,1682.0,2.27,2.2,11,1.68,1,1,0,0,1,20.0,22,16,24,36.0,20.0,0,0,Do Not Batch,Priority Order,84.86,0.0,2,2,0,2,2,0,0.0,Scooter,2026-09-24,12
219,2026-09-17 12:25:00,Wow! Momo,Fast Food,Society_18,21,2026-09-17 12:46:00,2.92,8,Small,4,1.32,Standard,Priority,50,4.3,52,44.45,14.43,44.45,37,1,0,8691.0,2.88,2.72,9,1.4,1,1,0,0,1,20.0,25,25,28,45.0,20.0,0,0,Do Not Batch,Priority Order,89.53,0.0,2,2,0,2,2,0,0.0,Bike,2026-09-17,12
220,2026-09-20 03:06:00,Pizza Hut,Pizza,Society_43,18,2026-09-20 03:24:00,1.69,5,Medium,4,2.27,Spill-Risk,Normal,0,0.72,50,36.52,7.18,36.52,1260,1,0,21339.0,1.69,4.72,9,2.45,1,1,1,0,1,20.0,22,13,25,33.0,20.0,0,0,Do Not Batch,Restaurant Ready-Time Gap,74.77000000000001,0.0,2,2,0,2,2,0,0.0,Bike,2026-09-20,3
221,2026-09-11 14:43:00,Burger King,Fast Food,Society_39,15,2026-09-11 14:58:00,3.34,12,Medium,1,2.54,Spill-Risk,Normal,0,4.19,44,50.07,11.2,50.07,891,1,0,1838.0,0.2,5.01,7,2.54,1,1,1,0,1,20.0,29,19,32,39.0,20.0,0,0,Do Not Batch,Restaurant Ready-Time Gap,102.56,0.0,2,2,0,2,2,0,0.0,Bike,2026-09-11,14
222,2026-09-26 08:51:00,Haldiram's,Indian,Society_22,28,2026-09-26 09:19:00,3.12,11,Small,3,0.82,Spill-Risk,Normal,0,2.32,54,44.85,9.74,44.85,1463,1,0,34804.0,4.17,2.18,4,1.36,1,1,1,0,0,20.0,23,26,23,46.0,20.0,0,0,Do Not Batch,Customer Distance Too High,86.93,0.0,2,2,0,2,2,0,0.0,Bike,2026-09-26,8
223,2026-09-13 05:19:00,Biryani Blues,Indian,Society_12,13,2026-09-13 05:32:00,1.48,4,Medium,3,1.63,Standard,Normal,0,0.2,47,41.77,7.72,41.77,797,1,0,17124.0,5.01,2.79,8,1.63,1,1,1,0,0,20.0,21,17,22,37.0,20.0,0,0,Do Not Batch,Customer Distance Too High,88.45,0.0,2,2,0,2,2,0,0.0,Scooter,2026-09-13,5
224,2026-09-08 21:04:00,Biryani Blues,Indian,Society_07,8,2026-09-08 21:12:00,3.01,11,Small,4,0.86,Standard,Normal,0,2.42,46,43.56,12.77,43.56,251,1,0,3050.0,1.64,2.04,8,1.18,1,1,1,0,1,20.0,24,27,24,47.0,20.0,0,0,Do Not Batch,Restaurant Ready-Time Gap,95.28,0.0,2,2,0,2,2,0,0.0,Bike,2026-09-08,21
225,2026-09-18 02:31:00,Domino's Pizza,Pizza,Society_06,16,2026-09-18 02:47:00,4.17,9,Medium,1,2.19,Standard,Normal,0,3.9,53,53.31,5.39,53.31,382,1,0,14536.0,1.01,3.3,3,2.19,1,1,1,0,1,20.0,26,22,27,42.0,20.0,0,0,Do Not Batch,Restaurant Ready-Time Gap,99.62,0.0,2,2,0,2,2,0,0.0,Bike,2026-09-18,2
226,2026-09-15 09:43:00,McDonald's,Fast Food,Society_38,20,2026-09-15 10:03:00,4.44,10,Small,5,1.29,Fragile,Normal,0,2.05,55,56.81,14.03,56.81,618,1,0,1197.0,2.31,4.37,9,3.08,1,0,1,0,1,20.0,22,34,25,54.0,20.0,0,0,Do Not Batch,Order Size/Item Incompatibility,114.37,0.0,2,2,0,2,2,0,0.0,Scooter,2026-09-15,9
227,2026-09-27 06:28:00,Pizza Hut,Pizza,Society_30,41,2026-09-27 07:09:00,1.01,3,Small,4,1.37,Fragile,Normal,0,4.12,35,33.18,5.17,33.18,622,1,0,36629.0,2.24,1.87,7,1.37,1,0,1,0,1,20.0,15,25,17,45.0,20.0,0,0,Do Not Batch,Order Size/Item Incompatibility,79.42,0.0,2,2,0,2,2,0,0.0,Bike,2026-09-27,6
228,2026-09-29 22:33:00,Wow! Momo,Fast Food,Society_25,11,2026-09-29 22:44:00,1.17,4,Small,3,1.05,Fragile,Normal,0,4.17,37,41.78,12.57,41.78,970,1,0,19339.0,3.89,2.42,6,1.37,1,0,1,0,0,20.0,14,30,16,50.0,20.0,0,0,Do Not Batch,Order Size/Item Incompatibility,97.86,0.0,2,2,0,2,2,0,0.0,Bike,2026-09-29,22
229,2026-09-24 13:40:00,McDonald's,Fast Food,Society_12,11,2026-09-24 13:51:00,1.81,5,Large,4,4.58,Standard,Priority,50,4.21,44,42.77,10.93,42.77,686,1,0,11996.0,2.58,5.36,10,4.58,1,1,0,0,1,20.0,22,28,22,48.0,20.0,0,0,Do Not Batch,Priority Order,97.92,0.0,2,2,0,2,2,0,0.0,Scooter,2026-09-24,13
230,2026-09-15 00:50:00,McDonald's,Fast Food,Society_22,21,2026-09-15 01:11:00,1.14,3,Medium,1,2.68,Temperature-Sensitive,Normal,0,4.72,35,39.68,13.1,39.68,1114,1,0,1743.0,1.39,4.6,4,2.68,1,1,1,0,1,20.0,20,25,23,45.0,20.0,0,0,Do Not Batch,Restaurant Ready-Time Gap,86.75,0.0,2,2,0,2,2,0,0.0,Bike,2026-09-15,0
231,2026-09-13 23:02:00,Burger King,Fast Food,Society_28,11,2026-09-13 23:13:00,3.16,9,Medium,4,2.25,Standard,Priority,50,1.9,46,51.43,13.82,51.43,464,1,0,16733.0,0.65,3.62,8,2.25,1,1,0,0,1,20.0,27,25,28,45.0,20.0,0,0,Do Not Batch,Priority Order,92.67,0.0,2,2,0,2,2,0,0.0,Bike,2026-09-13,23
232,2026-09-19 01:00:00,McDonald's,Fast Food,Society_30,25,2026-09-19 01:25:00,5.52,16,Medium,3,1.32,Standard,Normal,0,2.81,52,62.66,11.59,62.66,1492,1,0,17091.0,3.71,1.81,9,1.32,1,1,1,0,0,20.0,31,20,31,40.0,20.0,0,0,Do Not Batch,Customer Distance Too High,101.71,0.0,2,2,0,2,2,0,0.0,Scooter,2026-09-19,1
233,2026-09-13 11:19:00,Haldiram's,Indian,Society_08,27,2026-09-13 11:46:00,4.3,15,Large,4,3.65,Standard,Normal,0,1.29,59,56.28,5.62,56.28,1087,1,0,14579.0,3.34,4.73,10,3.65,1,1,1,0,0,20.0,26,25,29,45.0,20.0,0,0,Do Not Batch,Customer Distance Too High,101.82,0.0,2,2,0,2,2,0,0.0,Bike,2026-09-13,11
234,2026-09-11 15:15:00,Domino's Pizza,Pizza,Society_20,24,2026-09-11 15:39:00,3.48,10,Medium,2,1.36,Standard,Normal,0,2.33,43,53.18,12.59,53.18,1301,1,0,13884.0,3.98,1.72,7,1.36,1,1,1,0,0,20.0,20,19,20,39.0,20.0,0,0,Do Not Batch,Customer Distance Too High,94.94,0.0,2,2,0,2,2,0,0.0,Scooter,2026-09-11,15
235,2026-09-18 21:19:00,Wow! Momo,Fast Food,Society_13,15,2026-09-18 21:34:00,0.56,2,Small,4,1.29,Standard,Normal,0,1.81,47,38.6,6.7,38.6,970,1,0,3429.0,1.14,2.66,7,1.37,1,1,1,0,1,20.0,19,25,21,45.0,20.0,0,0,Do Not Batch,Restaurant Ready-Time Gap,94.68,0.0,2,2,0,2,2,0,0.0,Bike,2026-09-18,21
236,2026-09-27 23:05:00,Domino's Pizza,Pizza,Society_38,29,2026-09-27 23:34:00,2.09,7,Medium,3,2.5,Spill-Risk,Normal,0,1.44,44,43.44,7.74,43.44,531,1,0,4387.0,5.07,3.08,5,2.5,1,1,1,0,0,20.0,26,18,29,38.0,20.0,0,0,Do Not Batch,Customer Distance Too High,89.16,0.0,2,2,0,2,2,0,0.0,Bike,2026-09-27,23
237,2026-09-14 23:20:00,Haldiram's,Indian,Society_12,30,2026-09-14 23:50:00,0.5,2,Small,2,0.85,Spill-Risk,Normal,0,1.91,39,35.81,6.99,35.81,511,1,0,16792.0,0.2,3.53,5,2.68,1,1,1,0,1,20.0,15,29,15,49.0,20.0,0,0,Do Not Batch,Restaurant Ready-Time Gap,91.52000000000001,0.0,2,2,0,2,2,0,0.0,Bike,2026-09-14,23
238,2026-09-16 02:38:00,Haldiram's,Indian,Society_38,34,2026-09-16 03:12:00,3.6,11,Small,2,0.87,Standard,Normal,0,1.86,43,52.4,6.23,52.4,838,1,0,7863.0,3.49,1.63,4,0.87,1,1,1,0,0,20.0,27,22,28,42.0,20.0,0,0,Do Not Batch,Customer Distance Too High,107.34,0.0,2,2,0,2,2,0,0.0,Bike,2026-09-16,2
239,2026-09-24 07:14:00,Haldiram's,Indian,Society_31,30,2026-09-24 07:44:00,1.91,7,Medium,6,2.51,Standard,Normal,0,3.02,42,39.39,10.53,39.39,768,1,0,17202.0,0.2,2.96,9,2.51,1,1,1,0,1,20.0,26,23,28,43.0,20.0,0,0,Do Not Batch,Restaurant Ready-Time Gap,98.64,0.0,2,2,0,2,2,0,0.0,Bike,2026-09-24,7
240,2026-09-02 14:15:00,Theobroma,Bakery,Society_32,16,2026-09-02 14:31:00,2.06,5,Small,4,0.89,Standard,Priority,50,0.84,48,40.32,14.39,40.32,1038,1,0,6952.0,1.39,1.67,6,0.89,1,1,0,0,1,20.0,18,32,19,52.0,20.0,0,0,Do Not Batch,Priority Order,110.25999999999999,0.0,2,2,0,2,2,0,0.0,Bike,2026-09-02,14
241,2026-09-07 16:18:00,Burger King,Fast Food,Society_04,23,2026-09-07 16:41:00,3.71,13,Small,6,0.92,Standard,Normal,0,3.2,55,51.54,11.0,51.54,36,1,0,8615.0,4.69,2.69,9,1.77,1,1,1,0,0,20.0,23,21,23,41.0,20.0,0,0,Do Not Batch,Customer Distance Too High,100.1,0.0,2,2,0,2,2,0,0.0,Scooter,2026-09-07,16
242,2026-09-30 01:15:00,Burger King,Fast Food,Society_23,11,2026-09-30 01:26:00,1.73,6,Small,1,0.65,Standard,Priority,50,1.1,45,42.94,10.9,42.94,1222,1,0,14338.0,3.66,2.46,7,1.81,1,1,0,0,0,20.0,23,33,26,53.0,20.0,0,0,Do Not Batch,Priority Order,108.14999999999999,0.0,2,2,0,2,2,0,0.0,Scooter,2026-09-30,1
243,2026-09-19 12:56:00,Subway,Fast Food,Society_30,16,2026-09-19 13:12:00,4.61,14,Small,6,1.5,Spill-Risk,Normal,0,4.0,45,52.42,5.3,52.42,783,1,0,22138.0,1.74,6.64,10,5.14,0,1,1,0,1,20.0,33,28,35,48.0,20.0,0,0,Do Not Batch,Order Size/Item Incompatibility,104.5,0.0,2,2,0,2,2,0,0.0,Scooter,2026-09-19,12
244,2026-09-11 01:18:00,Subway,Fast Food,Society_09,12,2026-09-11 01:30:00,4.36,11,Small,5,0.36,Standard,Normal,0,2.07,43,55.83,7.16,55.83,1184,1,0,4704.0,1.77,1.43,9,1.07,1,1,1,0,1,20.0,29,18,30,38.0,20.0,0,0,Do Not Batch,Restaurant Ready-Time Gap,97.65,0.0,2,2,0,2,2,0,0.0,Scooter,2026-09-11,1
245,2026-09-15 02:12:00,Burger King,Fast Food,Society_17,24,2026-09-15 02:36:00,3.34,9,Small,2,0.77,Spill-Risk,Normal,0,1.16,39,46.6,11.77,46.6,324,1,0,8339.0,2.64,3.18,3,2.41,1,0,1,0,1,20.0,28,23,29,43.0,20.0,0,0,Do Not Batch,Order Size/Item Incompatibility,83.38,0.0,2,2,0,2,2,0,0.0,Scooter,2026-09-15,2
246,2026-09-20 21:34:00,Subway,Fast Food,Society_24,20,2026-09-20 21:54:00,4.31,10,Medium,6,1.4,Standard,Normal,0,3.26,51,54.33,11.53,54.33,964,1,0,3992.0,3.22,3.85,8,2.45,1,1,1,0,0,20.0,28,30,31,50.0,20.0,0,0,Do Not Batch,Customer Distance Too High,110.97,0.0,2,2,0,2,2,0,0.0,Scooter,2026-09-20,21
247,2026-09-02 03:31:00,Wow! Momo,Fast Food,Society_46,23,2026-09-02 03:54:00,3.54,10,Small,5,0.31,Standard,Normal,0,3.3,42,48.2,8.4,48.2,484,1,0,11962.0,4.25,2.26,10,1.95,1,1,1,0,0,20.0,28,26,28,46.0,20.0,0,0,Do Not Batch,Customer Distance Too High,89.78,0.0,2,2,0,2,2,0,0.0,Bike,2026-09-02,3
248,2026-09-22 12:31:00,Wow! Momo,Fast Food,Society_16,8,2026-09-22 12:39:00,2.07,7,Large,2,5.79,Standard,Normal,0,0.97,43,46.09,9.47,46.09,573,1,0,3259.0,1.86,8.97,3,5.79,0,1,1,0,1,20.0,20,19,21,39.0,20.0,0,0,Do Not Batch,Order Size/Item Incompatibility,91.46000000000001,0.0,2,2,0,2,2,0,0.0,Scooter,2026-09-22,12
249,2026-09-05 08:58:00,McDonald's,Fast Food,Society_27,29,2026-09-05 09:27:00,2.43,8,Medium,2,1.61,Standard,Normal,0,0.2,53,46.42,9.62,46.42,6,1,0,17905.0,0.24,4.1,5,2.49,1,1,0,0,1,20.0,26,18,26,38.0,20.0,0,0,Do Not Batch,Priority Order,81.82,0.0,2,2,0,2,2,0,0.0,Scooter,2026-09-05,8
250,2026-09-23 20:19:00,Theobroma,Bakery,Society_25,8,2026-09-23 20:27:00,0.67,2,Medium,4,1.92,Standard,Normal,0,2.72,36,34.79,13.31,34.79,1363,1,0,21315.0,2.72,3.8,8,1.92,1,1,1,0,1,20.0,15,22,15,42.0,20.0,0,0,Do Not Batch,Restaurant Ready-Time Gap,71.42,0.0,2,2,0,2,2,0,0.0,Bike,2026-09-23,20
251,2026-09-10 23:40:00,Biryani Blues,Indian,Society_05,22,2026-09-11 00:02:00,3.3,10,Small,4,1.18,Standard,Normal,0,5.07,45,51.72,8.44,51.72,38,1,0,733.0,1.86,1.9,6,1.18,1,1,1,0,1,20.0,21,27,21,47.0,20.0,0,0,Do Not Batch,Restaurant Ready-Time Gap,98.46000000000001,0.0,2,2,0,2,2,0,0.0,Bike,2026-09-10,23
252,2026-09-02 19:07:00,Haldiram's,Indian,Society_05,14,2026-09-02 19:21:00,3.2,9,Small,2,0.69,Standard,Normal,0,1.4,44,45.72,5.67,45.72,495,1,0,185.0,0.68,2.37,5,1.68,1,1,1,0,1,20.0,28,23,31,43.0,20.0,0,0,Do Not Batch,Restaurant Ready-Time Gap,92.0,0.0,2,2,0,2,2,0,0.0,Scooter,2026-09-02,19
253,2026-09-18 02:00:00,McDonald's,Fast Food,Society_28,20,2026-09-18 02:20:00,5.04,13,Small,2,1.25,Spill-Risk,Normal,0,4.77,52,59.55,5.32,59.55,177,1,0,3368.0,2.92,4.47,8,3.22,1,1,1,0,1,20.0,25,22,25,42.0,20.0,0,0,Do Not Batch,Restaurant Ready-Time Gap,110.06,0.0,2,2,0,2,2,0,0.0,Scooter,2026-09-18,2
254,2026-09-17 00:44:00,Pizza Hut,Pizza,Society_42,17,2026-09-17 01:01:00,2.02,7,Medium,6,1.72,Standard,Normal,0,4.12,37,38.71,13.96,38.71,323,1,0,12751.0,2.2,4.38,10,2.66,1,1,1,0,1,20.0,18,36,20,56.0,20.0,0,0,Do Not Batch,Restaurant Ready-Time Gap,103.18,0.0,2,2,0,2,2,0,0.0,Bike,2026-09-17,0
255,2026-09-28 22:13:00,Wow! Momo,Fast Food,Society_08,18,2026-09-28 22:31:00,1.77,6,Medium,6,3.3,Standard,Normal,0,4.06,48,41.46,12.62,41.46,155,1,1,31393.0,0.12,6.39,7,3.3,0,1,1,0,1,20.0,16,25,19,45.0,20.0,0,0,Do Not Batch,Order Size/Item Incompatibility,86.49000000000001,0.0,2,2,0,2,2,0,0.0,Bike,2026-09-28,22
256,2026-09-03 03:02:00,Burger King,Fast Food,Society_06,25,2026-09-03 03:27:00,2.43,8,Medium,1,2.58,Temperature-Sensitive,Normal,0,3.18,39,42.81,14.28,42.81,928,1,0,3433.0,1.25,3.9,2,2.58,1,1,1,0,1,20.0,23,38,24,58.0,20.0,0,0,Do Not Batch,Restaurant Ready-Time Gap,107.93,0.0,2,2,0,2,2,0,0.0,Scooter,2026-09-03,3
257,2026-09-11 15:19:00,Haldiram's,Indian,Society_48,14,2026-09-11 15:33:00,2.96,8,Medium,3,2.02,Standard,Normal,0,0.2,49,49.32,11.12,49.32,688,1,0,21292.0,3.18,2.99,4,2.02,1,1,1,0,0,20.0,21,18,24,38.0,20.0,0,0,Do Not Batch,Customer Distance Too High,92.08,0.0,2,2,0,2,2,0,0.0,Bike,2026-09-11,15
258,2026-09-27 18:32:00,Burger King,Fast Food,Society_04,34,2026-09-27 19:06:00,2.13,5,Small,6,0.52,Standard,Normal,0,0.7,47,44.33,5.96,44.33,846,1,0,412.0,0.66,1.91,10,1.39,1,1,0,0,1,20.0,21,26,22,46.0,20.0,0,0,Do Not Batch,Priority Order,90.08,0.0,2,2,0,2,2,0,0.0,Scooter,2026-09-27,18
259,2026-09-04 19:27:00,Wow! Momo,Fast Food,Society_38,19,2026-09-04 19:46:00,5.06,13,Large,2,3.95,Standard,Normal,0,1.75,44,53.64,12.81,53.64,255,1,0,34725.0,1.34,7.25,8,3.95,0,1,1,0,1,20.0,29,21,31,41.0,20.0,0,0,Do Not Batch,Order Size/Item Incompatibility,95.1,0.0,2,2,0,2,2,0,0.0,Scooter,2026-09-04,19
260,2026-09-17 10:59:00,Haldiram's,Indian,Society_18,29,2026-09-17 11:28:00,2.53,8,Small,4,0.75,Temperature-Sensitive,Normal,0,2.96,46,43.12,10.73,43.12,834,1,0,5501.0,2.16,1.42,9,0.75,1,1,1,0,1,20.0,27,22,27,42.0,20.0,0,0,Do Not Batch,Restaurant Ready-Time Gap,89.37,0.0,2,2,0,2,2,0,0.0,Bike,2026-09-17,10
261,2026-09-26 22:10:00,Wow! Momo,Fast Food,Society_06,9,2026-09-26 22:19:00,6.23,15,Small,1,1.17,Standard,Normal,0,2.84,47,66.72,9.0,66.72,604,1,1,15607.0,0.14,2.45,4,1.28,1,1,1,0,1,20.0,25,32,25,52.0,20.0,0,0,Do Not Batch,Restaurant Ready-Time Gap,122.53,0.0,2,2,0,2,2,0,0.0,Scooter,2026-09-26,22
262,2026-09-20 10:26:00,Haldiram's,Indian,Society_23,20,2026-09-20 10:46:00,0.83,3,Large,2,4.87,Standard,Normal,0,0.76,45,36.67,9.42,36.67,746,1,0,19457.0,3.6,5.3,3,4.87,1,1,1,0,0,20.0,21,33,21,53.0,20.0,0,0,Do Not Batch,Customer Distance Too High,93.1,0.0,2,2,0,2,2,0,0.0,Scooter,2026-09-20,10
263,2026-09-01 21:57:00,Pizza Hut,Pizza,Society_11,19,2026-09-01 22:16:00,5.21,18,Small,3,1.02,Standard,Normal,0,4.17,52,60.73,14.75,60.73,1361,1,0,2371.0,4.01,2.98,6,1.96,1,1,1,0,0,20.0,35,31,35,51.0,20.0,0,0,Do Not Batch,Customer Distance Too High,108.50999999999999,0.0,2,2,0,2,2,0,0.0,Scooter,2026-09-01,21
264,2026-09-15 10:16:00,Haldiram's,Indian,Society_26,25,2026-09-15 10:41:00,2.13,7,Large,3,3.12,Standard,Normal,0,0.85,46,43.36,8.98,43.36,96,1,0,20186.0,4.48,6.01,5,3.12,0,1,1,0,0,20.0,26,20,29,40.0,20.0,0,0,Do Not Batch,Order Size/Item Incompatibility,80.56,0.0,2,2,0,2,2,0,0.0,Bike,2026-09-15,10
265,2026-09-05 11:57:00,Haldiram's,Indian,Society_36,15,2026-09-05 12:12:00,0.54,2,Small,6,0.5,Standard,Normal,0,3.01,36,31.4,5.9,31.4,572,1,0,22029.0,7.54,0.99,7,0.5,1,1,1,0,0,20.0,12,23,14,43.0,20.0,0,0,Do Not Batch,Customer Distance Too High,73.9,0.0,2,2,0,2,2,0,0.0,Bike,2026-09-05,11
266,2026-09-03 09:23:00,Domino's Pizza,Pizza,Society_36,23,2026-09-03 09:46:00,1.89,6,Medium,4,2.33,Standard,Normal,0,3.25,48,42.03,13.05,42.03,1413,1,0,2334.0,2.56,3.68,6,2.33,1,1,1,0,1,20.0,23,19,24,39.0,20.0,0,0,Do Not Batch,Restaurant Ready-Time Gap,82.0,0.0,2,2,0,2,2,0,0.0,Bike,2026-09-03,9
267,2026-09-18 16:20:00,Haldiram's,Indian,Society_43,36,2026-09-18 16:56:00,1.96,6,Small,4,1.0,Standard,Normal,0,1.46,49,45.61,8.45,45.61,1228,1,0,9662.0,4.49,4.14,8,3.14,1,1,1,0,0,20.0,20,18,23,38.0,20.0,0,0,Do Not Batch,Customer Distance Too High,85.35,0.0,2,2,0,2,2,0,0.0,Scooter,2026-09-18,16
268,2026-09-22 07:02:00,Domino's Pizza,Pizza,Society_05,13,2026-09-22 07:15:00,1.52,4,Medium,1,1.52,Standard,Normal,0,3.22,38,36.26,5.35,36.26,520,1,0,10993.0,3.92,3.0,6,1.52,1,1,1,0,0,20.0,14,31,14,51.0,20.0,0,0,Do Not Batch,Customer Distance Too High,88.91999999999999,0.0,2,2,0,2,2,0,0.0,Scooter,2026-09-22,7
269,2026-09-23 03:48:00,McDonald's,Fast Food,Society_02,16,2026-09-23 04:04:00,4.23,10,Medium,5,2.97,Standard,Normal,0,4.17,51,54.47,10.01,54.47,919,1,0,7854.0,3.89,3.49,7,2.97,1,1,1,0,0,20.0,23,20,23,40.0,20.0,0,0,Do Not Batch,Customer Distance Too High,98.42,0.0,2,2,0,2,2,0,0.0,Bike,2026-09-23,3
270,2026-09-01 14:04:00,Haldiram's,Indian,Society_11,8,2026-09-01 14:12:00,1.85,4,Medium,2,2.4,Standard,Normal,0,3.5,35,42.07,10.12,42.07,602,1,0,30076.0,4.98,2.74,6,2.4,1,1,0,0,0,20.0,20,22,20,42.0,20.0,0,0,Do Not Batch,Priority Order,82.7,0.0,2,2,0,2,2,0,0.0,Bike,2026-09-01,14
271,2026-09-28 17:21:00,KFC,Fast Food,Society_02,16,2026-09-28 17:37:00,1.86,6,Small,2,1.37,Temperature-Sensitive,Normal,0,2.09,47,37.31,8.78,37.31,741,1,0,1426.0,1.91,2.74,3,1.37,1,1,0,0,1,20.0,20,27,21,47.0,20.0,0,0,Do Not Batch,Priority Order,88.85,0.0,2,2,0,2,2,0,0.0,Bike,2026-09-28,17
272,2026-09-04 19:13:00,Theobroma,Bakery,Society_50,13,2026-09-04 19:26:00,4.66,16,Medium,5,2.7,Standard,Normal,0,2.07,47,54.59,6.26,54.59,634,1,0,21728.0,1.8,3.17,10,2.7,1,1,1,0,1,20.0,28,16,29,36.0,20.0,0,0,Do Not Batch,Restaurant Ready-Time Gap,91.67,0.0,2,2,0,2,2,0,0.0,Scooter,2026-09-04,19
273,2026-09-18 20:17:00,Pizza Hut,Pizza,Society_31,8,2026-09-18 20:25:00,2.44,6,Medium,3,2.46,Standard,Normal,0,2.02,44,47.92,5.5,47.92,489,1,0,4245.0,2.95,2.91,9,2.46,1,1,1,0,1,20.0,19,24,22,44.0,20.0,0,0,Do Not Batch,Restaurant Ready-Time Gap,90.38,0.0,2,2,0,2,2,0,0.0,Bike,2026-09-18,20
274,2026-09-23 13:39:00,Subway,Fast Food,Society_22,27,2026-09-23 14:06:00,0.5,2,Large,4,3.45,Fragile,Priority,50,5.35,35,35.34,8.08,35.34,579,1,0,28479.0,2.24,4.75,8,3.45,1,1,0,0,1,20.0,13,19,15,39.0,20.0,0,0,Do Not Batch,Priority Order,78.11000000000001,0.0,2,2,0,2,2,0,0.0,Scooter,2026-09-23,13
275,2026-09-06 18:17:00,Domino's Pizza,Pizza,Society_06,23,2026-09-06 18:40:00,0.68,2,Large,5,4.9,Standard,Normal,0,3.26,43,33.99,11.65,33.99,868,1,0,10823.0,2.95,8.43,6,4.9,0,1,0,0,1,20.0,19,25,20,45.0,20.0,0,0,Do Not Batch,Priority Order,76.73,0.0,2,2,0,2,2,0,0.0,Scooter,2026-09-06,18
276,2026-09-15 07:33:00,Haldiram's,Indian,Society_19,15,2026-09-15 07:48:00,3.43,10,Small,3,0.3,Standard,Normal,0,4.5,54,48.19,11.07,48.19,672,1,0,9397.0,4.69,0.74,4,0.44,1,1,1,0,0,20.0,21,30,24,50.0,20.0,0,0,Do Not Batch,Customer Distance Too High,97.69,0.0,2,2,0,2,2,0,0.0,Bike,2026-09-15,7
277,2026-09-22 19:11:00,Theobroma,Bakery,Society_35,23,2026-09-22 19:34:00,2.26,7,Medium,6,2.22,Standard,Normal,0,1.57,40,43.96,13.12,43.96,1174,1,0,14704.0,1.83,3.11,7,2.22,1,1,1,0,1,20.0,22,20,23,40.0,20.0,0,0,Do Not Batch,Restaurant Ready-Time Gap,88.25,0.0,2,2,0,2,2,0,0.0,Bike,2026-09-22,19
278,2026-09-18 01:48:00,Pizza Hut,Pizza,Society_12,15,2026-09-18 02:03:00,0.61,2,Medium,1,2.65,Standard,Normal,0,0.2,38,38.03,10.0,38.03,1442,1,0,3193.0,2.07,3.02,5,2.65,1,1,1,0,1,20.0,18,28,21,48.0,20.0,0,0,Do Not Batch,Restaurant Ready-Time Gap,91.38,0.0,2,2,0,2,2,0,0.0,Bike,2026-09-18,1
279,2026-09-06 08:50:00,Biryani Blues,Indian,Society_08,25,2026-09-06 09:15:00,1.01,3,Small,5,1.26,Standard,Normal,0,3.17,42,37.24,7.82,37.24,923,1,0,21650.0,2.74,2.18,9,1.26,1,1,1,0,1,20.0,19,16,19,36.0,20.0,0,0,Do Not Batch,Restaurant Ready-Time Gap,74.58000000000001,0.0,2,2,0,2,2,0,0.0,Scooter,2026-09-06,8
280,2026-09-24 09:06:00,Haldiram's,Indian,Society_34,29,2026-09-24 09:35:00,1.52,5,Medium,6,1.31,Standard,Priority,50,5.46,48,40.39,11.53,40.39,1346,1,0,4850.0,2.18,2.78,10,1.47,1,1,0,0,1,20.0,15,18,16,38.0,20.0,0,0,Do Not Batch,Priority Order,77.66,0.0,2,2,0,2,2,0,0.0,Bike,2026-09-24,9
281,2026-09-10 19:43:00,Burger King,Fast Food,Society_43,21,2026-09-10 20:04:00,1.09,3,Large,4,3.57,Standard,Normal,0,2.7,35,40.74,5.21,40.74,445,1,0,21750.0,0.2,4.34,10,3.57,1,1,1,0,1,20.0,20,22,20,42.0,20.0,0,0,Do Not Batch,Restaurant Ready-Time Gap,82.84,0.0,2,2,0,2,2,0,0.0,Scooter,2026-09-10,19
282,2026-09-16 03:19:00,Wow! Momo,Fast Food,Society_45,13,2026-09-16 03:32:00,6.15,17,Large,6,3.92,Standard,Normal,0,2.83,61,61.51,13.16,61.51,549,1,0,4717.0,1.69,7.22,9,3.92,0,1,0,0,1,20.0,35,13,37,33.0,20.0,0,0,Do Not Batch,Priority Order,97.46000000000001,0.0,2,2,0,2,2,0,0.0,Scooter,2026-09-16,3
283,2026-09-06 06:48:00,KFC,Fast Food,Society_25,14,2026-09-06 07:02:00,0.94,4,Small,6,0.73,Standard,Normal,0,2.53,36,32.7,11.14,32.7,132,1,0,21284.0,3.46,1.1,11,0.73,1,1,1,0,0,20.0,20,33,20,53.0,20.0,0,0,Do Not Batch,Customer Distance Too High,103.79,0.0,2,2,0,2,2,0,0.0,Scooter,2026-09-06,6
284,2026-09-06 01:59:00,Subway,Fast Food,Society_07,8,2026-09-06 02:07:00,1.29,5,Large,6,3.41,Standard,Normal,0,1.0,45,37.15,6.27,37.15,907,1,0,21438.0,4.51,4.57,12,3.41,1,1,1,0,0,20.0,22,41,24,61.0,20.0,0,0,Do Not Batch,Customer Distance Too High,119.1,0.0,2,2,0,2,2,0,0.0,Scooter,2026-09-06,1
285,2026-09-25 00:19:00,Subway,Fast Food,Society_24,22,2026-09-25 00:41:00,3.97,12,Small,6,0.74,Standard,Normal,0,1.41,44,50.21,10.3,50.21,777,1,0,16814.0,0.88,1.26,10,0.74,1,1,1,0,1,20.0,25,20,26,40.0,20.0,0,0,Do Not Batch,Restaurant Ready-Time Gap,108.64,0.0,2,2,0,2,2,0,0.0,Scooter,2026-09-25,0
286,2026-09-01 18:27:00,Theobroma,Bakery,Society_30,23,2026-09-01 18:50:00,5.45,14,Medium,6,2.94,Standard,Normal,0,4.04,55,61.88,12.83,61.88,174,1,0,4769.0,0.88,5.14,9,2.94,1,1,1,0,1,20.0,31,18,33,38.0,20.0,0,0,Do Not Batch,Restaurant Ready-Time Gap,106.59,0.0,2,2,0,2,2,0,0.0,Bike,2026-09-01,18
287,2026-09-21 12:06:00,Subway,Fast Food,Society_37,16,2026-09-21 12:22:00,4.11,12,Small,6,1.42,Standard,Normal,0,1.28,53,56.15,5.22,56.15,692,1,0,24308.0,2.54,2.92,11,1.5,1,1,0,0,1,20.0,24,23,24,43.0,20.0,0,0,Do Not Batch,Priority Order,111.82,0.0,2,2,0,2,2,0,0.0,Scooter,2026-09-21,12
288,2026-09-13 16:13:00,Theobroma,Bakery,Society_44,16,2026-09-13 16:29:00,2.05,5,Small,4,0.37,Standard,Priority,50,3.05,46,38.64,13.2,38.64,295,1,0,13840.0,0.2,1.43,5,1.06,1,1,0,0,1,20.0,15,18,16,38.0,20.0,0,0,Do Not Batch,Priority Order,82.92,0.0,2,2,0,2,2,0,0.0,Bike,2026-09-13,16
289,2026-09-30 11:30:00,Domino's Pizza,Pizza,Society_16,23,2026-09-30 11:53:00,0.51,2,Medium,6,2.27,Standard,Normal,0,4.1,46,34.88,11.05,34.88,358,1,0,5692.0,1.88,2.79,12,2.27,1,1,1,0,1,20.0,19,31,22,51.0,20.0,0,0,Do Not Batch,Restaurant Ready-Time Gap,89.49000000000001,0.0,2,2,0,2,2,0,0.0,Bike,2026-09-30,11
290,2026-10-01 00:14:00,KFC,Fast Food,Society_15,18,2026-10-01 00:32:00,2.76,6,Medium,2,1.85,Spill-Risk,Normal,0,3.15,48,44.89,5.51,44.89,690,1,0,13766.0,0.2,5.33,3,3.48,1,1,0,0,1,20.0,21,14,22,34.0,20.0,0,0,Do Not Batch,Priority Order,78.89,0.0,2,2,0,2,2,0,0.0,Bike,2026-10-01,0
291,2026-09-13 04:52:00,Biryani Blues,Indian,Society_09,16,2026-09-13 05:08:00,1.42,4,Small,5,0.96,Standard,Priority,50,1.57,45,37.16,6.14,37.16,1448,1,0,17668.0,4.42,3.91,9,2.95,1,1,0,0,0,20.0,22,16,25,36.0,20.0,0,0,Do Not Batch,Priority Order,76.72,0.0,2,2,0,2,2,0,0.0,Scooter,2026-09-13,4
292,2026-09-02 20:22:00,Haldiram's,Indian,Society_49,26,2026-09-02 20:48:00,4.02,14,Medium,1,1.96,Standard,Normal,0,0.2,52,48.57,11.91,48.57,150,1,0,21508.0,1.42,3.29,7,1.96,1,1,1,0,1,20.0,26,27,26,47.0,20.0,0,0,Do Not Batch,Restaurant Ready-Time Gap,104.31,0.0,2,2,0,2,2,0,0.0,Scooter,2026-09-02,20
293,2026-09-19 11:46:00,Subway,Fast Food,Society_28,22,2026-09-19 12:08:00,2.3,8,Small,3,1.22,Standard,Normal,0,1.75,38,39.68,14.89,39.68,350,1,0,13805.0,4.81,2.14,9,1.22,1,1,0,0,0,20.0,25,20,26,40.0,20.0,0,0,Do Not Batch,Priority Order,79.16,0.0,2,2,0,2,2,0,0.0,Scooter,2026-09-19,11
294,2026-09-30 11:43:00,KFC,Fast Food,Society_10,26,2026-09-30 12:09:00,2.92,7,Small,1,0.36,Standard,Normal,0,0.39,51,48.85,9.37,48.85,1373,1,0,536.0,4.06,0.74,2,0.38,1,1,1,0,0,20.0,25,21,28,41.0,20.0,0,0,Do Not Batch,Customer Distance Too High,100.37,0.0,2,2,0,2,2,0,0.0,Scooter,2026-09-30,11
295,2026-09-04 01:06:00,Theobroma,Bakery,Society_19,43,2026-09-04 01:49:00,1.96,5,Small,1,1.06,Spill-Risk,Normal,0,3.86,36,44.28,7.73,44.28,277,1,0,26985.0,1.6,3.28,7,2.22,1,1,1,0,1,20.0,23,19,23,39.0,20.0,0,0,Do Not Batch,Restaurant Ready-Time Gap,88.24000000000001,0.0,2,2,0,2,2,0,0.0,Bike,2026-09-04,1
296,2026-09-03 11:22:00,Burger King,Fast Food,Society_23,15,2026-09-03 11:37:00,2.88,7,Medium,2,2.7,Standard,Normal,0,1.5,48,47.8,8.96,47.8,1235,1,0,22444.0,1.0,4.57,5,2.7,1,1,1,0,1,20.0,23,22,25,42.0,20.0,0,0,Do Not Batch,Restaurant Ready-Time Gap,84.68,0.0,2,2,0,2,2,0,0.0,Bike,2026-09-03,11
297,2026-09-30 21:02:00,Wow! Momo,Fast Food,Society_21,22,2026-09-30 21:24:00,1.77,5,Medium,6,3.36,Standard,Normal,0,0.74,43,38.44,8.15,38.44,905,1,0,20173.0,2.23,5.42,7,3.36,1,1,1,0,1,20.0,24,16,27,36.0,20.0,0,0,Do Not Batch,Restaurant Ready-Time Gap,80.37,0.0,2,2,0,2,2,0,0.0,Bike,2026-09-30,21
298,2026-09-03 14:39:00,McDonald's,Fast Food,Society_45,31,2026-09-03 15:10:00,1.71,5,Medium,5,2.15,Standard,Normal,0,0.83,39,43.85,5.61,43.85,1114,1,0,14698.0,2.35,4.07,8,2.15,1,1,1,0,1,20.0,17,20,19,40.0,20.0,0,0,Do Not Batch,Restaurant Ready-Time Gap,90.92,0.0,2,2,0,2,2,0,0.0,Bike,2026-09-03,14
299,2026-09-22 09:52:00,Theobroma,Bakery,Society_35,21,2026-09-22 10:13:00,1.45,4,Medium,5,1.93,Standard,Normal,0,0.2,34,35.98,11.26,35.98,626,1,0,2841.0,2.98,6.72,10,4.79,0,1,1,0,1,20.0,16,26,17,46.0,20.0,0,0,Do Not Batch,Order Size/Item Incompatibility,100.97,0.0,2,2,0,2,2,0,0.0,Scooter,2026-09-22,9
300,2026-09-06 07:16:00,Burger King,Fast Food,Society_29,19,2026-09-06 07:35:00,1.81,7,Small,4,0.45,Standard,Normal,0,2.05,52,39.42,7.56,39.42,494,1,0,7603.0,1.41,0.93,9,0.48,1,1,1,0,1,20.0,18,23,21,43.0,20.0,0,0,Do Not Batch,Restaurant Ready-Time Gap,84.86,0.0,2,2,0,2,2,0,0.0,Bike,2026-09-06,7
301,2026-09-27 08:24:00,Pizza Hut,Pizza,Society_48,32,2026-09-27 08:56:00,1.42,5,Small,5,1.01,Standard,Normal,0,1.54,45,35.8,6.72,35.8,1244,1,0,5364.0,3.54,3.01,11,2.0,1,1,1,0,0,20.0,15,19,15,39.0,20.0,0,0,Do Not Batch,Customer Distance Too High,70.94999999999999,0.0,2,2,0,2,2,0,0.0,Bike,2026-09-27,8
302,2026-09-17 14:03:00,Theobroma,Bakery,Society_15,19,2026-09-17 14:22:00,2.89,7,Medium,1,1.91,Standard,Normal,0,5.96,38,49.54,13.16,49.54,174,1,0,18003.0,2.87,4.11,4,2.2,1,1,1,0,1,20.0,18,23,18,43.0,20.0,0,0,Do Not Batch,Restaurant Ready-Time Gap,94.25,0.0,2,2,0,2,2,0,0.0,Bike,2026-09-17,14
303,2026-09-04 21:53:00,Domino's Pizza,Pizza,Society_37,10,2026-09-04 22:03:00,1.42,4,Small,6,0.37,Standard,Normal,0,3.51,46,35.3,7.09,35.3,922,1,0,22403.0,2.02,1.04,11,0.67,1,1,1,0,1,20.0,18,27,20,47.0,20.0,0,0,Do Not Batch,Restaurant Ready-Time Gap,84.53999999999999,0.0,2,2,0,2,2,0,0.0,Bike,2026-09-04,21
304,2026-09-22 02:09:00,Subway,Fast Food,Society_31,38,2026-09-22 02:47:00,3.09,7,Large,6,4.12,Fragile,Normal,0,2.36,37,44.91,14.65,44.91,700,1,0,24492.0,1.5,5.81,12,4.12,1,1,1,0,1,20.0,17,16,17,36.0,20.0,0,0,Do Not Batch,Restaurant Ready-Time Gap,83.22999999999999,0.0,2,2,0,2,2,0,0.0,Scooter,2026-09-22,2
305,2026-09-09 03:10:00,Pizza Hut,Pizza,Society_19,25,2026-09-09 03:35:00,6.72,19,Small,6,0.68,Standard,Normal,0,3.72,62,63.19,12.83,63.19,1266,1,0,8225.0,2.24,1.89,9,1.21,1,1,1,0,1,20.0,38,24,39,44.0,20.0,0,0,Do Not Batch,Restaurant Ready-Time Gap,102.19,0.0,2,2,0,2,2,0,0.0,Scooter,2026-09-09,3
306,2026-09-03 19:12:00,Wow! Momo,Fast Food,Society_47,32,2026-09-03 19:44:00,1.61,6,Medium,4,2.07,Standard,Normal,0,3.7,37,38.59,13.09,38.59,1010,1,0,12319.0,1.36,3.72,7,2.07,1,1,1,0,1,20.0,19,23,20,43.0,20.0,0,0,Do Not Batch,Restaurant Ready-Time Gap,80.7,0.0,2,2,0,2,2,0,0.0,Bike,2026-09-03,19
307,2026-09-30 18:16:00,Pizza Hut,Pizza,Society_25,17,2026-09-30 18:33:00,4.73,15,Small,6,1.13,Temperature-Sensitive,Normal,0,1.85,51,55.65,11.46,55.65,1225,1,0,608.0,2.58,6.22,10,5.09,0,1,1,0,1,20.0,34,15,36,35.0,20.0,0,0,Do Not Batch,Order Size/Item Incompatibility,90.69999999999999,0.0,2,2,0,2,2,0,0.0,Bike,2026-09-30,18
308,2026-09-12 03:54:00,Pizza Hut,Pizza,Society_08,18,2026-09-12 04:12:00,2.46,6,Small,2,0.4,Standard,Normal,0,1.91,41,47.17,6.32,47.17,347,1,0,20716.0,2.62,0.77,5,0.4,1,1,0,0,1,20.0,25,25,28,45.0,20.0,0,0,Do Not Batch,Priority Order,92.5,0.0,2,2,0,2,2,0,0.0,Scooter,2026-09-12,3
309,2026-09-03 07:16:00,Burger King,Fast Food,Society_38,27,2026-09-03 07:43:00,4.91,14,Medium,5,1.32,Standard,Normal,0,4.23,50,55.62,6.68,55.62,1060,1,0,25090.0,2.87,2.57,10,1.32,1,1,1,0,1,20.0,24,25,24,45.0,20.0,0,0,Do Not Batch,Restaurant Ready-Time Gap,96.37,0.0,2,2,0,2,2,0,0.0,Scooter,2026-09-03,7
310,2026-09-16 23:08:00,Pizza Hut,Pizza,Society_47,12,2026-09-16 23:20:00,7.91,22,Medium,3,3.02,Temperature-Sensitive,Priority,50,4.33,66,68.69,8.04,68.69,1132,1,0,16786.0,4.97,3.53,5,3.02,1,1,0,0,0,20.0,41,25,42,45.0,20.0,0,0,Do Not Batch,Priority Order,122.41,0.0,2,2,0,2,2,0,0.0,Bike,2026-09-16,23
311,2026-09-28 07:37:00,Domino's Pizza,Pizza,Society_13,30,2026-09-28 08:07:00,5.18,15,Medium,4,1.74,Standard,Normal,0,2.17,53,54.96,14.78,54.96,1273,1,0,25420.0,2.31,2.6,9,1.74,1,1,1,0,1,20.0,32,24,35,44.0,20.0,0,0,Do Not Batch,Restaurant Ready-Time Gap,104.95,0.0,2,2,0,2,2,0,0.0,Bike,2026-09-28,7
312,2026-09-21 20:24:00,Domino's Pizza,Pizza,Society_14,23,2026-09-21 20:47:00,0.58,2,Small,5,0.34,Standard,Normal,0,2.82,39,35.14,9.68,35.14,1154,1,0,22916.0,3.91,0.75,7,0.41,1,1,1,0,0,20.0,16,23,17,43.0,20.0,0,0,Do Not Batch,Customer Distance Too High,81.16,0.0,2,2,0,2,2,0,0.0,Bike,2026-09-21,20
313,2026-09-11 13:46:00,Subway,Fast Food,Society_05,17,2026-09-11 14:03:00,1.4,5,Large,2,5.24,Standard,Normal,0,3.1,38,35.01,8.76,35.01,133,1,0,10649.0,2.82,8.26,3,5.24,0,1,1,0,1,20.0,24,28,25,48.0,20.0,0,0,Do Not Batch,Order Size/Item Incompatibility,80.28999999999999,0.0,2,2,0,2,2,0,0.0,Scooter,2026-09-11,13
314,2026-09-10 23:59:00,Subway,Fast Food,Society_46,31,2026-09-11 00:30:00,2.67,8,Large,6,5.23,Standard,Normal,0,3.06,52,44.79,6.19,44.79,914,1,0,237.0,2.17,6.41,11,5.23,0,1,1,0,1,20.0,21,15,24,35.0,20.0,0,0,Do Not Batch,Order Size/Item Incompatibility,82.72999999999999,0.0,2,2,0,2,2,0,0.0,Scooter,2026-09-10,23
315,2026-09-08 14:44:00,Domino's Pizza,Pizza,Society_50,27,2026-09-08 15:11:00,0.96,3,Small,4,1.4,Standard,Normal,0,0.27,42,35.0,11.25,35.0,1229,1,0,14343.0,2.33,2.37,10,1.4,1,1,1,0,1,20.0,15,16,18,36.0,20.0,0,0,Do Not Batch,Restaurant Ready-Time Gap,69.5,0.0,2,2,0,2,2,0,0.0,Scooter,2026-09-08,14
316,2026-09-10 16:09:00,Wow! Momo,Fast Food,Society_04,35,2026-09-10 16:44:00,2.17,5,Small,2,1.34,Standard,Normal,0,2.48,44,43.35,7.79,43.35,1439,1,0,7041.0,2.42,4.17,7,2.83,1,1,1,0,1,20.0,23,17,23,37.0,20.0,0,0,Do Not Batch,Restaurant Ready-Time Gap,85.93,0.0,2,2,0,2,2,0,0.0,Scooter,2026-09-10,16
317,2026-09-12 22:16:00,Pizza Hut,Pizza,Society_06,24,2026-09-12 22:40:00,2.34,6,Medium,6,3.18,Standard,Priority,50,3.87,51,46.93,5.69,46.93,1081,1,0,23535.0,2.89,3.89,12,3.18,1,1,0,0,1,20.0,21,28,23,48.0,20.0,0,0,Do Not Batch,Priority Order,94.71000000000001,0.0,2,2,0,2,2,0,0.0,Scooter,2026-09-12,22
318,2026-09-12 03:04:00,Wow! Momo,Fast Food,Society_29,11,2026-09-12 03:15:00,3.14,11,Small,3,0.74,Standard,Priority,50,2.9,41,51.33,5.6,51.33,942,1,0,12106.0,1.16,1.66,6,0.92,1,1,0,0,1,20.0,21,20,23,40.0,20.0,0,0,Do Not Batch,Priority Order,100.69999999999999,0.0,2,2,0,2,2,0,0.0,Bike,2026-09-12,3
319,2026-09-29 22:41:00,Haldiram's,Indian,Society_01,35,2026-09-29 23:16:00,1.16,4,Medium,3,1.95,Standard,Normal,0,0.74,37,40.72,6.19,40.72,916,1,0,34415.0,0.45,5.96,5,4.01,1,1,1,0,1,20.0,21,32,22,52.0,20.0,0,0,Do Not Batch,Restaurant Ready-Time Gap,102.58,0.0,2,2,0,2,2,0,0.0,Bike,2026-09-29,22
320,2026-09-12 22:02:00,Burger King,Fast Food,Society_43,35,2026-09-12 22:37:00,2.47,7,Medium,2,2.38,Spill-Risk,Priority,50,2.58,48,42.66,8.77,42.66,666,1,0,18339.0,3.42,3.45,6,2.38,1,0,0,0,0,20.0,26,18,28,38.0,20.0,0,0,Do Not Batch,Priority Order,82.88999999999999,0.0,2,2,0,2,2,0,0.0,Bike,2026-09-12,22
321,2026-09-16 11:49:00,Domino's Pizza,Pizza,Society_20,23,2026-09-16 12:12:00,0.97,3,Small,1,0.9,Spill-Risk,Normal,0,2.74,33,34.1,10.47,34.1,81,1,0,8453.0,3.76,2.33,6,1.43,1,1,1,0,0,20.0,14,17,15,37.0,20.0,0,0,Do Not Batch,Customer Distance Too High,76.02000000000001,0.0,2,2,0,2,2,0,0.0,Bike,2026-09-16,11
322,2026-09-22 21:30:00,Biryani Blues,Indian,Society_27,11,2026-09-22 21:41:00,0.5,2,Small,4,1.46,Spill-Risk,Normal,0,1.9,38,35.46,9.78,35.46,375,1,0,22530.0,3.54,2.66,6,1.46,1,0,1,0,0,20.0,20,30,23,50.0,20.0,0,0,Do Not Batch,Order Size/Item Incompatibility,97.56,0.0,2,2,0,2,2,0,0.0,Scooter,2026-09-22,21
323,2026-09-25 21:08:00,Pizza Hut,Pizza,Society_34,24,2026-09-25 21:32:00,5.99,20,Medium,4,2.66,Standard,Normal,0,3.22,63,64.47,8.82,64.47,687,1,0,10597.0,2.72,3.48,5,2.66,1,1,1,0,1,20.0,36,44,37,64.0,20.0,0,0,Do Not Batch,Restaurant Ready-Time Gap,159.51,0.0,2,2,0,2,2,0,0.0,Bike,2026-09-25,21
324,2026-09-09 07:20:00,Burger King,Fast Food,Society_46,17,2026-09-09 07:37:00,1.58,4,Medium,1,2.41,Spill-Risk,Normal,0,0.2,48,36.78,13.84,36.78,1319,1,0,11820.0,3.57,3.44,3,2.41,1,0,1,0,0,20.0,16,22,16,42.0,20.0,0,0,Do Not Batch,Order Size/Item Incompatibility,89.2,0.0,2,2,0,2,2,0,0.0,Scooter,2026-09-09,7
325,2026-09-06 13:02:00,Theobroma,Bakery,Society_24,8,2026-09-06 13:10:00,1.57,5,Small,5,0.73,Standard,Normal,0,2.28,42,37.51,10.44,37.51,174,1,0,2091.0,3.5,2.93,8,2.2,1,1,1,0,0,20.0,18,26,19,46.0,20.0,0,0,Do Not Batch,Customer Distance Too High,82.22,0.0,2,2,0,2,2,0,0.0,Bike,2026-09-06,13
326,2026-09-04 20:00:00,Wow! Momo,Fast Food,Society_11,21,2026-09-04 20:21:00,2.38,8,Small,1,0.49,Temperature-Sensitive,Normal,0,2.0,50,44.33,10.35,44.33,991,1,0,2779.0,3.6,6.16,3,5.67,0,1,1,0,0,20.0,20,26,21,46.0,20.0,0,0,Do Not Batch,Order Size/Item Incompatibility,89.14,0.0,2,2,0,2,2,0,0.0,Bike,2026-09-04,20
327,2026-09-11 01:05:00,McDonald's,Fast Food,Society_13,9,2026-09-11 01:14:00,1.1,3,Large,4,4.75,Standard,Normal,0,0.28,47,37.49,7.17,37.49,390,1,0,3014.0,1.3,10.3,7,5.55,0,1,1,0,1,20.0,18,34,18,54.0,20.0,0,0,Do Not Batch,Order Size/Item Incompatibility,98.48,0.0,2,2,0,2,2,0,0.0,Bike,2026-09-11,1
328,2026-09-27 09:14:00,Haldiram's,Indian,Society_44,21,2026-09-27 09:35:00,1.36,4,Medium,5,1.64,Temperature-Sensitive,Normal,0,3.54,48,40.6,12.96,40.6,436,1,0,4007.0,0.96,5.07,7,3.43,1,1,1,0,1,20.0,22,19,22,39.0,20.0,0,0,Do Not Batch,Restaurant Ready-Time Gap,90.43,0.0,2,2,0,2,2,0,0.0,Bike,2026-09-27,9
329,2026-09-15 04:10:00,Pizza Hut,Pizza,Society_08,26,2026-09-15 04:36:00,0.59,2,Medium,1,1.32,Standard,Normal,0,4.07,44,34.66,11.19,34.66,1282,1,0,7035.0,1.96,3.26,7,1.94,1,1,1,0,1,20.0,21,35,23,55.0,20.0,0,0,Do Not Batch,Restaurant Ready-Time Gap,110.82,0.0,2,2,0,2,2,0,0.0,Bike,2026-09-15,4
330,2026-09-10 21:27:00,Domino's Pizza,Pizza,Society_26,12,2026-09-10 21:39:00,4.37,15,Medium,5,2.08,Standard,Normal,0,2.37,58,52.25,14.62,52.25,268,1,0,16416.0,2.48,3.6,6,2.08,1,1,1,0,1,20.0,33,14,36,34.0,20.0,0,0,Do Not Batch,Restaurant Ready-Time Gap,88.50999999999999,0.0,2,2,0,2,2,0,0.0,Bike,2026-09-10,21
331,2026-09-11 21:56:00,Burger King,Fast Food,Society_13,26,2026-09-11 22:22:00,7.26,16,Small,4,0.36,Standard,Normal,0,4.01,52,67.4,6.38,67.4,36,1,0,14716.0,2.16,2.13,7,1.77,1,1,1,0,1,20.0,26,20,29,40.0,20.0,0,0,Do Not Batch,Restaurant Ready-Time Gap,115.96000000000001,0.0,2,2,0,2,2,0,0.0,Scooter,2026-09-11,21
332,2026-09-23 03:55:00,McDonald's,Fast Food,Society_18,37,2026-09-23 04:32:00,2.65,8,Small,5,0.92,Standard,Normal,0,4.01,51,43.86,6.92,43.86,667,1,0,13.0,0.2,1.37,9,0.92,1,1,1,0,1,4.3,27,21,27,25.3,4.3,1,0,Do Not Batch,Restaurant Ready-Time Gap,87.6,0.0,2,2,0,2,2,0,0.0,Bike,2026-09-23,3
333,2026-09-25 10:05:00,KFC,Fast Food,Society_15,17,2026-09-25 10:22:00,3.85,11,Medium,3,1.58,Standard,Normal,0,1.93,43,48.82,7.12,48.82,1475,1,0,6196.0,4.91,3.98,6,2.4,1,1,1,0,0,20.0,26,21,29,41.0,20.0,0,0,Do Not Batch,Customer Distance Too High,95.61,0.0,2,2,0,2,2,0,0.0,Scooter,2026-09-25,10
334,2026-09-02 05:32:00,Subway,Fast Food,Society_46,26,2026-09-02 05:58:00,4.89,11,Small,6,0.62,Standard,Normal,0,4.47,41,53.42,8.03,53.42,285,1,0,32803.0,2.12,1.36,12,0.74,1,1,1,0,1,20.0,21,26,22,46.0,20.0,0,0,Do Not Batch,Restaurant Ready-Time Gap,103.63,0.0,2,2,0,2,2,0,0.0,Scooter,2026-09-02,5
335,2026-09-15 11:04:00,KFC,Fast Food,Society_17,23,2026-09-15 11:27:00,9.29,28,Medium,1,3.43,Spill-Risk,Priority,50,4.44,67,79.18,6.92,79.18,1416,1,0,5451.0,2.74,4.7,5,3.43,1,1,0,0,1,20.0,41,18,44,38.0,20.0,0,0,Do Not Batch,Priority Order,111.60000000000001,0.0,2,2,0,2,2,0,0.0,Scooter,2026-09-15,11
336,2026-09-20 12:38:00,KFC,Fast Food,Society_42,17,2026-09-20 12:55:00,0.73,2,Small,2,1.28,Standard,Normal,0,5.39,37,37.65,13.05,37.65,756,1,0,15971.0,4.24,2.52,4,1.28,1,1,1,0,0,20.0,18,26,18,46.0,20.0,0,0,Do Not Batch,Customer Distance Too High,94.84,0.0,2,2,0,2,2,0,0.0,Bike,2026-09-20,12
337,2026-09-07 10:29:00,McDonald's,Fast Food,Society_50,15,2026-09-07 10:44:00,0.5,2,Small,4,1.32,Standard,Normal,0,2.54,37,34.38,5.85,34.38,747,1,0,26636.0,0.2,4.3,9,2.98,1,1,1,0,1,20.0,15,20,18,40.0,20.0,0,0,Do Not Batch,Restaurant Ready-Time Gap,80.53999999999999,0.0,2,2,0,2,2,0,0.0,Scooter,2026-09-07,10
338,2026-09-07 00:44:00,Wow! Momo,Fast Food,Society_27,41,2026-09-07 01:25:00,3.65,13,Small,4,0.43,Spill-Risk,Normal,0,3.58,52,46.75,10.77,46.75,1439,1,0,12280.0,1.78,3.26,9,2.83,1,1,1,0,1,20.0,31,21,31,41.0,20.0,0,0,Do Not Batch,Restaurant Ready-Time Gap,89.33,0.0,2,2,0,2,2,0,0.0,Bike,2026-09-07,0
339,2026-09-24 16:25:00,Haldiram's,Indian,Society_50,17,2026-09-24 16:42:00,0.76,3,Medium,2,1.43,Standard,Normal,0,0.2,45,36.37,8.32,36.37,769,1,1,3122.0,0.1,2.67,6,1.43,1,1,1,0,1,20.0,22,21,24,41.0,20.0,0,0,Do Not Batch,Restaurant Ready-Time Gap,80.78999999999999,0.0,2,2,0,2,2,0,0.0,Bike,2026-09-24,16
340,2026-09-06 02:07:00,Wow! Momo,Fast Food,Society_40,19,2026-09-06 02:26:00,1.44,4,Large,2,5.91,Fragile,Normal,0,4.3,35,38.85,9.82,38.85,796,1,0,11032.0,2.03,7.19,6,5.91,0,1,1,0,1,20.0,18,25,18,45.0,20.0,0,0,Do Not Batch,Order Size/Item Incompatibility,89.4,0.0,2,2,0,2,2,0,0.0,Bike,2026-09-06,2
341,2026-09-16 20:23:00,Haldiram's,Indian,Society_03,22,2026-09-16 20:45:00,4.0,12,Large,5,3.49,Standard,Normal,0,2.17,51,52.12,6.02,52.12,1384,1,0,13375.0,2.26,5.98,6,3.49,1,1,1,0,1,20.0,30,16,31,36.0,20.0,0,0,Do Not Batch,Restaurant Ready-Time Gap,96.31,0.0,2,2,0,2,2,0,0.0,Bike,2026-09-16,20
342,2026-09-20 13:54:00,McDonald's,Fast Food,Society_23,23,2026-09-20 14:17:00,7.81,19,Small,5,0.77,Fragile,Normal,0,4.69,64,68.33,10.37,68.33,249,1,0,21890.0,4.53,2.38,7,1.61,1,1,1,0,0,20.0,29,20,30,40.0,20.0,0,0,Do Not Batch,Customer Distance Too High,114.75,0.0,2,2,0,2,2,0,0.0,Scooter,2026-09-20,13
343,2026-09-03 10:12:00,Pizza Hut,Pizza,Society_26,25,2026-09-03 10:37:00,1.31,4,Medium,4,2.94,Standard,Normal,0,0.79,46,34.87,8.26,34.87,485,1,0,9718.0,3.44,5.45,5,2.94,1,1,1,0,0,20.0,17,15,18,35.0,20.0,0,0,Do Not Batch,Customer Distance Too High,76.22999999999999,0.0,2,2,0,2,2,0,0.0,Scooter,2026-09-03,10
344,2026-09-15 18:58:00,Burger King,Fast Food,Society_48,18,2026-09-15 19:16:00,3.87,9,Large,5,3.95,Standard,Normal,0,2.51,43,54.66,8.88,54.66,1483,1,0,12070.0,3.84,5.01,9,3.95,1,1,1,0,0,20.0,25,25,25,45.0,20.0,0,0,Do Not Batch,Customer Distance Too High,111.11,0.0,2,2,0,2,2,0,0.0,Bike,2026-09-15,18
345,2026-09-12 20:42:00,Wow! Momo,Fast Food,Society_15,17,2026-09-12 20:59:00,1.1,3,Medium,1,2.96,Temperature-Sensitive,Normal,0,4.63,38,35.98,8.99,35.98,1089,1,0,1440.0,2.57,3.28,6,2.96,1,1,1,0,1,20.0,14,36,14,56.0,20.0,0,0,Do Not Batch,Restaurant Ready-Time Gap,96.19999999999999,0.0,2,2,0,2,2,0,0.0,Scooter,2026-09-12,20
346,2026-09-15 20:26:00,Biryani Blues,Indian,Society_34,13,2026-09-15 20:39:00,0.55,2,Small,5,1.32,Spill-Risk,Normal,0,1.62,40,31.82,7.43,31.82,856,1,0,1190.0,0.54,3.8,6,2.48,1,1,0,0,1,20.0,20,19,21,39.0,20.0,0,0,Do Not Batch,Priority Order,73.07,0.0,2,2,0,2,2,0,0.0,Scooter,2026-09-15,20
347,2026-09-26 12:55:00,Pizza Hut,Pizza,Society_39,33,2026-09-26 13:28:00,2.51,8,Small,3,0.37,Standard,Priority,50,2.02,47,45.33,11.65,45.33,175,1,0,1458.0,0.2,1.53,8,1.16,1,1,0,0,1,20.0,20,22,23,42.0,20.0,0,0,Do Not Batch,Priority Order,80.00999999999999,0.0,2,2,0,2,2,0,0.0,Scooter,2026-09-26,12
348,2026-09-07 09:44:00,Biryani Blues,Indian,Society_43,27,2026-09-07 10:11:00,0.62,3,Medium,6,1.29,Standard,Priority,50,3.84,44,33.98,10.36,33.98,459,1,0,18474.0,0.36,1.6,7,1.29,1,1,0,0,1,20.0,16,36,16,56.0,20.0,0,0,Do Not Batch,Priority Order,98.03999999999999,0.0,2,2,0,2,2,0,0.0,Bike,2026-09-07,9
349,2026-09-12 09:43:00,Domino's Pizza,Pizza,Society_31,22,2026-09-12 10:05:00,1.87,6,Medium,4,1.36,Standard,Normal,0,2.03,41,41.81,5.55,41.81,39,1,0,4019.0,3.0,3.32,6,1.96,1,1,1,0,1,20.0,19,26,22,46.0,20.0,0,0,Do Not Batch,Restaurant Ready-Time Gap,86.55000000000001,0.0,2,2,0,2,2,0,0.0,Bike,2026-09-12,9
350,2026-09-29 01:48:00,Subway,Fast Food,Society_44,25,2026-09-29 02:13:00,2.28,5,Small,6,0.92,Standard,Priority,50,0.2,41,39.48,5.75,39.48,1148,1,0,8849.0,2.54,2.67,9,1.75,1,1,0,0,1,20.0,22,28,24,48.0,20.0,0,0,Do Not Batch,Priority Order,93.07,0.0,2,2,0,2,2,0,0.0,Scooter,2026-09-29,1
351,2026-09-11 03:37:00,McDonald's,Fast Food,Society_28,11,2026-09-11 03:48:00,2.68,9,Small,3,1.48,Standard,Normal,0,2.67,52,41.71,5.22,41.71,822,1,0,6883.0,2.21,2.92,8,1.48,1,1,1,0,1,20.0,20,16,22,36.0,20.0,0,0,Do Not Batch,Restaurant Ready-Time Gap,81.12,0.0,2,2,0,2,2,0,0.0,Bike,2026-09-11,3
352,2026-09-26 08:17:00,Subway,Fast Food,Society_29,25,2026-09-26 08:42:00,2.6,8,Small,4,0.97,Standard,Normal,0,0.84,48,45.28,9.77,45.28,117,1,0,1711.0,1.98,2.27,9,1.3,1,1,1,0,1,20.0,22,18,24,38.0,20.0,0,0,Do Not Batch,Restaurant Ready-Time Gap,82.71000000000001,0.0,2,2,0,2,2,0,0.0,Scooter,2026-09-26,8
353,2026-09-12 23:25:00,Pizza Hut,Pizza,Society_28,22,2026-09-12 23:47:00,2.99,8,Large,6,4.53,Standard,Normal,0,2.2,52,45.21,7.79,45.21,317,1,0,67.0,5.32,7.71,12,4.53,0,1,0,0,0,20.0,19,18,21,38.0,20.0,0,0,Do Not Batch,Priority Order,92.14,0.0,2,2,0,2,2,0,0.0,Bike,2026-09-12,23
354,2026-09-13 18:34:00,Burger King,Fast Food,Society_34,8,2026-09-13 18:42:00,2.06,7,Small,6,0.38,Standard,Normal,0,4.28,41,42.08,12.13,42.08,344,1,0,2914.0,1.35,4.33,11,3.95,1,1,1,0,1,20.0,22,23,23,43.0,20.0,0,0,Do Not Batch,Restaurant Ready-Time Gap,96.74,0.0,2,2,0,2,2,0,0.0,Scooter,2026-09-13,18
355,2026-09-27 23:38:00,Biryani Blues,Indian,Society_20,15,2026-09-27 23:53:00,0.93,2,Medium,3,2.76,Standard,Normal,0,5.39,34,38.52,14.95,38.52,797,1,0,4137.0,3.8,3.92,8,2.76,1,1,1,0,0,20.0,20,24,20,44.0,20.0,0,0,Do Not Batch,Customer Distance Too High,85.2,0.0,2,2,0,2,2,0,0.0,Bike,2026-09-27,23
356,2026-09-07 15:09:00,Subway,Fast Food,Society_09,24,2026-09-07 15:33:00,9.17,20,Small,1,1.32,Standard,Normal,0,5.92,53,78.2,11.95,78.2,641,1,0,22563.0,2.5,7.03,3,5.71,0,1,0,0,1,20.0,38,17,40,37.0,20.0,0,0,Do Not Batch,Priority Order,123.22,0.0,2,2,0,2,2,0,0.0,Bike,2026-09-07,15
357,2026-09-16 09:20:00,McDonald's,Fast Food,Society_28,15,2026-09-16 09:35:00,3.67,11,Small,1,1.37,Standard,Normal,0,4.68,46,52.72,8.38,52.72,171,1,0,11200.0,2.41,2.68,6,1.37,1,1,1,0,1,20.0,21,16,22,36.0,20.0,0,0,Do Not Batch,Restaurant Ready-Time Gap,97.6,0.0,2,2,0,2,2,0,0.0,Bike,2026-09-16,9
358,2026-09-26 12:40:00,Domino's Pizza,Pizza,Society_32,21,2026-09-26 13:01:00,4.19,12,Small,6,0.52,Standard,Normal,0,1.4,52,54.61,11.54,54.61,349,1,0,20336.0,4.15,1.88,10,1.36,1,1,1,0,0,20.0,25,24,27,44.0,20.0,0,0,Do Not Batch,Customer Distance Too High,96.42,0.0,2,2,0,2,2,0,0.0,Bike,2026-09-26,12
359,2026-09-24 20:36:00,Burger King,Fast Food,Society_09,19,2026-09-24 20:55:00,0.65,2,Small,2,0.46,Standard,Normal,0,3.64,35,33.83,13.89,33.83,814,1,0,29045.0,4.55,1.95,6,1.49,1,1,1,0,0,20.0,15,15,15,35.0,20.0,0,0,Do Not Batch,Customer Distance Too High,73.3,0.0,2,2,0,2,2,0,0.0,Bike,2026-09-24,20
360,2026-09-05 20:18:00,McDonald's,Fast Food,Society_31,19,2026-09-05 20:37:00,1.83,4,Small,4,1.29,Standard,Normal,0,1.36,45,44.74,12.11,44.74,332,1,0,24955.0,2.16,2.21,9,1.29,1,1,1,0,1,20.0,14,27,16,47.0,20.0,0,0,Do Not Batch,Restaurant Ready-Time Gap,88.6,0.0,2,2,0,2,2,0,0.0,Scooter,2026-09-05,20
361,2026-09-19 10:37:00,Pizza Hut,Pizza,Society_39,22,2026-09-19 10:59:00,7.51,19,Large,4,4.22,Standard,Normal,0,1.81,54,73.44,7.78,73.44,528,1,0,11778.0,3.62,7.46,10,4.22,0,1,1,0,0,20.0,38,39,40,59.0,20.0,0,0,Do Not Batch,Order Size/Item Incompatibility,158.64999999999998,0.0,2,2,0,2,2,0,0.0,Bike,2026-09-19,10
362,2026-09-25 23:31:00,McDonald's,Fast Food,Society_48,23,2026-09-25 23:54:00,5.26,15,Large,6,5.86,Standard,Normal,0,3.36,45,59.26,10.45,59.26,728,1,0,3031.0,3.01,10.07,7,5.86,0,1,1,0,0,20.0,26,23,29,43.0,20.0,0,0,Do Not Batch,Order Size/Item Incompatibility,97.63,0.0,2,2,0,2,2,0,0.0,Scooter,2026-09-25,23
363,2026-09-29 07:26:00,Domino's Pizza,Pizza,Society_35,14,2026-09-29 07:40:00,5.18,16,Small,5,0.74,Standard,Priority,50,1.55,53,59.63,8.59,59.63,1376,1,0,448.0,2.51,2.05,8,1.31,1,1,0,0,1,20.0,31,20,34,40.0,20.0,0,0,Do Not Batch,Priority Order,100.28,0.0,2,2,0,2,2,0,0.0,Scooter,2026-09-29,7
364,2026-09-17 11:47:00,Wow! Momo,Fast Food,Society_02,27,2026-09-17 12:14:00,1.39,3,Small,1,0.52,Standard,Normal,0,2.29,41,41.17,7.26,41.17,72,1,0,7224.0,2.79,0.86,3,0.52,1,1,1,0,1,20.0,22,24,25,44.0,20.0,0,0,Do Not Batch,Restaurant Ready-Time Gap,95.56,0.0,2,2,0,2,2,0,0.0,Bike,2026-09-17,11
365,2026-09-03 05:01:00,Pizza Hut,Pizza,Society_45,29,2026-09-03 05:30:00,1.76,6,Large,5,5.08,Temperature-Sensitive,Normal,0,3.63,36,39.97,9.31,39.97,1344,1,0,22406.0,1.54,6.41,11,5.08,0,1,0,0,1,20.0,18,32,21,52.0,20.0,0,0,Do Not Batch,Priority Order,99.21000000000001,0.0,2,2,0,2,2,0,0.0,Bike,2026-09-03,5
366,2026-09-27 04:42:00,KFC,Fast Food,Society_45,23,2026-09-27 05:05:00,3.08,7,Medium,2,2.84,Standard,Normal,0,0.2,43,45.77,14.3,45.77,753,1,0,757.0,2.07,3.82,6,2.84,1,1,1,0,1,20.0,25,23,27,43.0,20.0,0,0,Do Not Batch,Restaurant Ready-Time Gap,91.13,0.0,2,2,0,2,2,0,0.0,Bike,2026-09-27,4
367,2026-09-03 08:25:00,Domino's Pizza,Pizza,Society_02,20,2026-09-03 08:45:00,0.58,2,Small,6,1.15,Standard,Normal,0,2.88,46,36.05,13.34,36.05,1233,1,0,24371.0,1.69,2.05,11,1.15,1,1,1,0,1,20.0,14,25,16,45.0,20.0,0,0,Do Not Batch,Restaurant Ready-Time Gap,80.99,0.0,2,2,0,2,2,0,0.0,Scooter,2026-09-03,8
368,2026-09-18 12:24:00,Subway,Fast Food,Society_15,28,2026-09-18 12:52:00,1.75,6,Medium,5,3.19,Standard,Normal,0,5.65,45,40.21,14.99,40.21,1184,1,0,15466.0,3.76,4.26,9,3.19,1,1,1,0,0,20.0,18,23,21,43.0,20.0,0,0,Do Not Batch,Customer Distance Too High,82.03,0.0,2,2,0,2,2,0,0.0,Bike,2026-09-18,12
369,2026-09-28 14:16:00,Haldiram's,Indian,Society_39,23,2026-09-28 14:39:00,1.34,5,Small,1,0.62,Temperature-Sensitive,Normal,0,3.14,45,37.23,11.22,37.23,55,1,0,33832.0,2.37,2.31,5,1.69,1,1,0,0,1,20.0,23,21,23,41.0,20.0,0,0,Do Not Batch,Priority Order,81.96,0.0,2,2,0,2,2,0,0.0,Bike,2026-09-28,14
370,2026-09-08 14:47:00,Pizza Hut,Pizza,Society_19,30,2026-09-08 15:17:00,5.14,12,Large,2,5.91,Standard,Normal,0,2.31,50,61.16,13.58,61.16,762,1,0,10355.0,0.68,6.4,5,5.91,0,1,1,0,1,20.0,24,14,25,34.0,20.0,0,0,Do Not Batch,Order Size/Item Incompatibility,97.72,0.0,2,2,0,2,2,0,0.0,Bike,2026-09-08,14
371,2026-09-14 08:10:00,Pizza Hut,Pizza,Society_18,11,2026-09-14 08:21:00,5.73,20,Medium,6,3.44,Standard,Normal,0,2.56,52,61.85,14.82,61.85,681,1,0,9866.0,1.49,4.56,7,3.44,1,1,1,0,1,20.0,35,31,37,51.0,20.0,0,0,Do Not Batch,Restaurant Ready-Time Gap,115.82,0.0,2,2,0,2,2,0,0.0,Bike,2026-09-14,8
372,2026-09-29 04:18:00,Theobroma,Bakery,Society_38,30,2026-09-29 04:48:00,1.83,6,Small,5,0.85,Standard,Normal,0,2.39,48,44.73,7.75,44.73,127,1,0,36899.0,0.2,1.8,10,0.95,1,1,1,0,1,20.0,21,25,24,45.0,20.0,0,0,Do Not Batch,Restaurant Ready-Time Gap,99.69999999999999,0.0,2,2,0,2,2,0,0.0,Bike,2026-09-29,4
373,2026-09-13 03:25:00,Domino's Pizza,Pizza,Society_44,20,2026-09-13 03:45:00,4.05,12,Small,6,1.28,Spill-Risk,Normal,0,2.25,56,53.49,5.4,53.49,463,1,0,9561.0,1.81,3.04,8,1.76,1,0,1,0,1,20.0,22,19,23,39.0,20.0,0,0,Do Not Batch,Order Size/Item Incompatibility,105.21000000000001,0.0,2,2,0,2,2,0,0.0,Bike,2026-09-13,3
374,2026-09-19 03:23:00,Subway,Fast Food,Society_08,18,2026-09-19 03:41:00,2.79,8,Medium,2,2.52,Standard,Priority,50,3.06,45,45.52,11.72,45.52,581,1,0,3732.0,2.55,3.25,5,2.52,1,1,0,0,1,20.0,24,32,27,52.0,20.0,0,0,Do Not Batch,Priority Order,97.09,0.0,2,2,0,2,2,0,0.0,Bike,2026-09-19,3
375,2026-09-07 05:51:00,Biryani Blues,Indian,Society_45,20,2026-09-07 06:11:00,5.98,20,Small,2,1.2,Spill-Risk,Normal,0,4.22,65,62.1,6.09,62.1,1246,1,0,34212.0,2.31,3.43,3,2.23,1,1,1,0,1,20.0,38,24,41,44.0,20.0,0,0,Do Not Batch,Restaurant Ready-Time Gap,100.74000000000001,0.0,2,2,0,2,2,0,0.0,Scooter,2026-09-07,5
376,2026-09-08 16:24:00,Subway,Fast Food,Society_42,24,2026-09-08 16:48:00,3.56,8,Medium,3,3.13,Standard,Normal,0,1.63,48,51.35,8.06,51.35,749,1,0,5331.0,5.27,5.02,6,3.13,1,1,1,0,0,20.0,26,28,26,48.0,20.0,0,0,Do Not Batch,Customer Distance Too High,106.82,0.0,2,2,0,2,2,0,0.0,Scooter,2026-09-08,16
377,2026-09-11 06:36:00,Theobroma,Bakery,Society_18,12,2026-09-11 06:48:00,1.61,6,Small,3,1.02,Standard,Normal,0,2.79,42,42.52,11.73,42.52,131,1,0,19593.0,3.3,3.8,6,2.78,1,1,1,0,0,20.0,24,22,24,42.0,20.0,0,0,Do Not Batch,Customer Distance Too High,84.19,0.0,2,2,0,2,2,0,0.0,Scooter,2026-09-11,6
378,2026-09-23 12:46:00,Domino's Pizza,Pizza,Society_11,21,2026-09-23 13:07:00,3.28,9,Large,4,5.86,Standard,Normal,0,3.33,51,51.72,7.12,51.72,1106,1,0,5609.0,3.24,10.78,9,5.86,0,1,1,0,0,20.0,20,22,22,42.0,20.0,0,0,Do Not Batch,Order Size/Item Incompatibility,98.97999999999999,0.0,2,2,0,2,2,0,0.0,Bike,2026-09-23,12
379,2026-09-15 07:22:00,Pizza Hut,Pizza,Society_35,11,2026-09-15 07:33:00,4.4,15,Small,1,1.21,Standard,Normal,0,1.35,57,57.87,7.92,57.87,1417,1,0,953.0,0.2,2.47,6,1.26,1,1,1,0,1,20.0,25,26,28,46.0,20.0,0,0,Do Not Batch,Restaurant Ready-Time Gap,115.00999999999999,0.0,2,2,0,2,2,0,0.0,Scooter,2026-09-15,7
380,2026-09-30 01:36:00,Haldiram's,Indian,Society_41,28,2026-09-30 02:04:00,0.5,2,Small,1,1.37,Standard,Normal,0,0.51,35,34.12,14.46,34.12,572,1,0,13363.0,1.99,1.86,2,1.37,1,1,1,0,1,20.0,17,26,18,46.0,20.0,0,0,Do Not Batch,Restaurant Ready-Time Gap,76.62,0.0,2,2,0,2,2,0,0.0,Bike,2026-09-30,1
381,2026-09-15 01:23:00,Burger King,Fast Food,Society_24,26,2026-09-15 01:49:00,1.76,6,Medium,2,2.38,Standard,Normal,0,1.1,46,42.67,13.4,42.67,798,1,0,212.0,1.82,5.67,5,3.29,1,1,1,0,1,20.0,21,18,23,38.0,20.0,0,0,Do Not Batch,Restaurant Ready-Time Gap,86.71000000000001,0.0,2,2,0,2,2,0,0.0,Bike,2026-09-15,1
382,2026-09-28 04:43:00,Domino's Pizza,Pizza,Society_39,20,2026-09-28 05:03:00,2.33,8,Small,2,1.11,Standard,Normal,0,3.13,40,46.31,14.92,46.31,1230,1,0,21062.0,1.4,2.32,3,1.21,1,1,1,0,1,20.0,21,31,21,51.0,20.0,0,0,Do Not Batch,Restaurant Ready-Time Gap,100.66,0.0,2,2,0,2,2,0,0.0,Bike,2026-09-28,4
383,2026-09-16 20:59:00,Subway,Fast Food,Society_37,8,2026-09-16 21:07:00,2.77,9,Medium,3,3.04,Standard,Normal,0,2.18,40,44.91,11.31,44.91,422,1,0,556.0,1.38,3.87,9,3.04,1,1,1,0,1,20.0,26,29,28,49.0,20.0,0,0,Do Not Batch,Restaurant Ready-Time Gap,94.78,0.0,2,2,0,2,2,0,0.0,Bike,2026-09-16,20
384,2026-09-18 16:05:00,Haldiram's,Indian,Society_33,8,2026-09-18 16:13:00,1.75,6,Small,3,0.51,Fragile,Normal,0,4.09,49,44.05,11.33,44.05,173,1,0,19255.0,0.2,3.43,4,2.92,1,1,1,0,1,20.0,20,23,22,43.0,20.0,0,0,Do Not Batch,Restaurant Ready-Time Gap,86.74,0.0,2,2,0,2,2,0,0.0,Bike,2026-09-18,16
385,2026-09-05 22:53:00,Theobroma,Bakery,Society_38,21,2026-09-05 23:14:00,6.95,17,Large,3,4.96,Standard,Normal,0,0.36,59,67.39,14.13,67.39,1352,1,0,33056.0,0.71,8.39,5,4.96,0,1,1,0,1,20.0,33,17,36,37.0,20.0,0,0,Do Not Batch,Order Size/Item Incompatibility,111.99000000000001,0.0,2,2,0,2,2,0,0.0,Scooter,2026-09-05,22
386,2026-09-17 10:57:00,Domino's Pizza,Pizza,Society_45,20,2026-09-17 11:17:00,1.53,4,Large,4,5.31,Standard,Priority,50,1.61,45,41.9,7.04,41.9,732,1,0,7457.0,3.72,6.7,8,5.31,0,1,0,0,0,20.0,22,22,23,42.0,20.0,0,0,Do Not Batch,Priority Order,91.0,0.0,2,2,0,2,2,0,0.0,Bike,2026-09-17,10
387,2026-09-05 14:41:00,Theobroma,Bakery,Society_41,19,2026-09-05 15:00:00,0.75,3,Small,4,0.47,Standard,Normal,0,0.2,44,32.71,10.81,32.71,250,1,0,26247.0,2.3,2.39,8,1.92,1,1,1,0,1,20.0,13,17,13,37.0,20.0,0,0,Do Not Batch,Restaurant Ready-Time Gap,67.5,0.0,2,2,0,2,2,0,0.0,Bike,2026-09-05,14
388,2026-09-27 16:41:00,McDonald's,Fast Food,Society_06,20,2026-09-27 17:01:00,0.5,2,Medium,3,2.03,Spill-Risk,Normal,0,0.2,34,34.3,13.16,34.3,229,1,0,4510.0,1.79,6.61,7,4.58,0,1,0,0,1,20.0,20,16,22,36.0,20.0,0,0,Do Not Batch,Priority Order,77.07,0.0,2,2,0,2,2,0,0.0,Scooter,2026-09-27,16
389,2026-09-13 08:34:00,Subway,Fast Food,Society_46,27,2026-09-13 09:01:00,5.01,13,Medium,2,2.16,Standard,Normal,0,2.13,54,60.04,7.36,60.04,129,1,0,2675.0,2.49,3.07,6,2.16,1,1,1,0,1,20.0,26,28,28,48.0,20.0,0,0,Do Not Batch,Restaurant Ready-Time Gap,125.83000000000001,0.0,2,2,0,2,2,0,0.0,Bike,2026-09-13,8
390,2026-09-13 03:14:00,McDonald's,Fast Food,Society_15,14,2026-09-13 03:28:00,5.87,20,Large,3,5.55,Fragile,Normal,0,2.73,60,60.99,10.18,60.99,637,1,0,19794.0,4.13,6.74,9,5.55,0,1,1,0,0,20.0,36,23,39,43.0,20.0,0,0,Do Not Batch,Order Size/Item Incompatibility,110.01,0.0,2,2,0,2,2,0,0.0,Scooter,2026-09-13,3
391,2026-09-10 01:34:00,Pizza Hut,Pizza,Society_05,26,2026-09-10 02:00:00,1.7,6,Small,2,0.51,Standard,Normal,0,3.16,36,39.83,7.58,39.83,1361,1,0,9373.0,2.51,2.47,5,1.96,1,1,1,0,1,20.0,19,29,21,49.0,20.0,0,0,Do Not Batch,Restaurant Ready-Time Gap,87.61,0.0,2,2,0,2,2,0,0.0,Scooter,2026-09-10,1
392,2026-09-28 03:46:00,Burger King,Fast Food,Society_49,16,2026-09-28 04:02:00,0.5,2,Small,1,0.88,Standard,Normal,0,3.69,32,34.21,7.46,34.21,1059,1,0,23104.0,3.26,2.99,6,2.11,1,1,0,0,0,20.0,15,15,16,35.0,20.0,0,0,Do Not Batch,Priority Order,72.83,0.0,2,2,0,2,2,0,0.0,Scooter,2026-09-28,3
393,2026-09-11 11:25:00,Biryani Blues,Indian,Society_09,33,2026-09-11 11:58:00,1.12,4,Small,2,1.42,Standard,Normal,0,0.2,48,37.35,13.53,37.35,735,1,0,8006.0,1.31,2.81,7,1.42,1,1,1,0,1,20.0,17,29,20,49.0,20.0,0,0,Do Not Batch,Restaurant Ready-Time Gap,93.6,0.0,2,2,0,2,2,0,0.0,Scooter,2026-09-11,11
394,2026-09-10 16:42:00,McDonald's,Fast Food,Society_11,19,2026-09-10 17:01:00,2.64,9,Medium,2,3.42,Standard,Normal,0,2.23,39,46.59,11.14,46.59,1044,1,1,18585.0,0.27,4.7,8,3.42,1,1,1,0,1,20.0,24,15,24,35.0,20.0,0,0,Do Not Batch,Restaurant Ready-Time Gap,88.33000000000001,0.0,2,2,0,2,2,0,0.0,Bike,2026-09-10,16
395,2026-09-28 02:11:00,McDonald's,Fast Food,Society_15,8,2026-09-28 02:19:00,2.35,7,Small,3,1.12,Standard,Normal,0,1.64,48,41.4,14.25,41.4,646,1,0,21247.0,3.0,3.37,7,2.25,1,1,1,0,1,20.0,21,22,23,42.0,20.0,0,0,Do Not Batch,Restaurant Ready-Time Gap,80.72999999999999,0.0,2,2,0,2,2,0,0.0,Scooter,2026-09-28,2
396,2026-09-10 19:03:00,Pizza Hut,Pizza,Society_25,13,2026-09-10 19:16:00,5.6,17,Medium,3,2.14,Temperature-Sensitive,Normal,0,3.68,52,62.16,13.11,62.16,708,1,0,7722.0,5.15,2.77,5,2.14,1,1,1,0,0,20.0,28,20,30,40.0,20.0,0,0,Do Not Batch,Customer Distance Too High,111.12,0.0,2,2,0,2,2,0,0.0,Bike,2026-09-10,19
397,2026-09-27 05:06:00,Subway,Fast Food,Society_12,24,2026-09-27 05:30:00,2.56,7,Small,1,1.39,Standard,Priority,50,3.38,43,47.13,7.01,47.13,118,1,0,7844.0,4.5,3.45,4,2.06,1,1,0,0,0,20.0,25,13,28,33.0,20.0,0,0,Do Not Batch,Priority Order,87.27000000000001,0.0,2,2,0,2,2,0,0.0,Scooter,2026-09-27,5
398,2026-09-25 17:50:00,Biryani Blues,Indian,Society_37,18,2026-09-25 18:08:00,4.69,13,Medium,2,2.44,Standard,Normal,0,2.54,53,52.59,5.14,52.59,1312,1,0,11088.0,3.32,4.75,3,2.44,1,1,1,0,0,20.0,28,22,30,42.0,20.0,0,0,Do Not Batch,Customer Distance Too High,91.42,0.0,2,2,0,2,2,0,0.0,Scooter,2026-09-25,17
399,2026-09-03 08:26:00,Theobroma,Bakery,Society_25,24,2026-09-03 08:50:00,3.06,8,Small,5,1.16,Spill-Risk,Normal,0,1.67,39,49.42,7.1,49.42,1453,1,0,18171.0,2.71,2.59,11,1.43,1,0,1,0,1,20.0,27,22,27,42.0,20.0,0,0,Do Not Batch,Order Size/Item Incompatibility,90.38,0.0,2,2,0,2,2,0,0.0,Bike,2026-09-03,8
400,2026-09-16 13:46:00,Theobroma,Bakery,Society_22,13,2026-09-16 13:59:00,3.89,10,Medium,1,3.41,Standard,Normal,0,2.93,43,51.46,9.55,51.46,1482,1,0,10324.0,4.46,4.4,6,3.41,1,1,1,0,0,20.0,25,27,26,47.0,20.0,0,0,Do Not Batch,Customer Distance Too High,113.25,0.0,2,2,0,2,2,0,0.0,Scooter,2026-09-16,13
401,2026-09-28 13:51:00,Biryani Blues,Indian,Society_24,14,2026-09-28 14:05:00,9.49,23,Small,5,0.3,Temperature-Sensitive,Priority,50,2.88,68,82.45,6.29,82.45,1113,1,0,27852.0,3.61,0.67,6,0.37,1,1,0,0,0,20.0,41,46,42,66.0,20.0,0,0,Do Not Batch,Priority Order,157.86,0.0,2,2,0,2,2,0,0.0,Scooter,2026-09-28,13
402,2026-09-17 09:18:00,McDonald's,Fast Food,Society_24,24,2026-09-17 09:42:00,1.44,5,Medium,1,2.67,Standard,Normal,0,1.8,38,39.95,6.27,39.95,757,1,0,10669.0,0.2,3.8,3,2.67,1,1,1,0,1,20.0,15,29,18,49.0,20.0,0,0,Do Not Batch,Restaurant Ready-Time Gap,94.33000000000001,0.0,2,2,0,2,2,0,0.0,Bike,2026-09-17,9
403,2026-09-07 19:35:00,KFC,Fast Food,Society_14,31,2026-09-07 20:06:00,2.55,9,Small,5,1.42,Standard,Priority,50,0.98,51,43.9,13.48,43.9,674,1,0,378.0,1.02,2.82,11,1.42,1,1,0,0,1,20.0,25,21,27,41.0,20.0,0,0,Do Not Batch,Priority Order,88.59,0.0,2,2,0,2,2,0,0.0,Scooter,2026-09-07,19
404,2026-09-28 00:47:00,Haldiram's,Indian,Society_20,13,2026-09-28 01:00:00,2.16,5,Medium,3,1.75,Spill-Risk,Normal,0,4.25,43,39.65,7.39,39.65,233,1,0,20954.0,2.97,5.4,7,3.65,1,1,1,0,1,20.0,17,30,20,50.0,20.0,0,0,Do Not Batch,Restaurant Ready-Time Gap,95.93,0.0,2,2,0,2,2,0,0.0,Bike,2026-09-28,0
405,2026-09-12 10:42:00,Subway,Fast Food,Society_49,14,2026-09-12 10:56:00,1.86,7,Small,3,0.95,Standard,Normal,0,0.7,52,39.37,7.43,39.37,685,1,0,6687.0,0.2,2.71,7,1.76,1,1,1,0,1,20.0,20,21,23,41.0,20.0,0,0,Do Not Batch,Restaurant Ready-Time Gap,76.25999999999999,0.0,2,2,0,2,2,0,0.0,Bike,2026-09-12,10
406,2026-09-27 22:10:00,Wow! Momo,Fast Food,Society_06,31,2026-09-27 22:41:00,1.54,4,Small,4,1.23,Standard,Normal,0,3.48,46,41.64,5.52,41.64,1337,1,0,31965.0,1.24,3.15,5,1.92,1,1,1,0,1,20.0,14,37,17,57.0,20.0,0,0,Do Not Batch,Restaurant Ready-Time Gap,101.17,0.0,2,2,0,2,2,0,0.0,Scooter,2026-09-27,22
407,2026-09-07 21:36:00,Pizza Hut,Pizza,Society_40,24,2026-09-07 22:00:00,2.32,7,Small,3,1.39,Standard,Normal,0,1.8,44,47.15,14.76,47.15,1266,1,0,10000.0,1.52,2.6,6,1.39,1,1,1,0,1,20.0,19,20,22,40.0,20.0,0,0,Do Not Batch,Restaurant Ready-Time Gap,86.15,0.0,2,2,0,2,2,0,0.0,Bike,2026-09-07,21
408,2026-09-22 22:47:00,Theobroma,Bakery,Society_11,19,2026-09-22 23:06:00,2.77,7,Medium,6,1.32,Standard,Normal,0,3.8,51,48.77,11.03,48.77,517,1,0,5416.0,2.14,3.12,12,1.8,1,1,0,0,1,20.0,23,29,26,49.0,20.0,0,0,Do Not Batch,Priority Order,102.61000000000001,0.0,2,2,0,2,2,0,0.0,Scooter,2026-09-22,22
409,2026-09-13 01:39:00,Haldiram's,Indian,Society_22,35,2026-09-13 02:14:00,5.14,12,Small,2,0.68,Standard,Normal,0,2.78,51,57.96,9.71,57.96,511,1,0,19528.0,2.1,3.36,5,2.68,1,1,1,0,1,20.0,27,29,29,49.0,20.0,0,0,Do Not Batch,Restaurant Ready-Time Gap,113.67,0.0,2,2,0,2,2,0,0.0,Bike,2026-09-13,1
410,2026-09-07 04:34:00,McDonald's,Fast Food,Society_12,26,2026-09-07 05:00:00,1.83,6,Small,2,1.05,Temperature-Sensitive,Normal,0,3.01,38,37.55,5.63,37.55,1300,1,0,3239.0,2.1,2.55,3,1.5,1,1,1,0,1,20.0,16,36,17,56.0,20.0,0,0,Do Not Batch,Restaurant Ready-Time Gap,105.06,0.0,2,2,0,2,2,0,0.0,Bike,2026-09-07,4
411,2026-09-24 00:16:00,Haldiram's,Indian,Society_28,28,2026-09-24 00:44:00,5.23,12,Small,4,0.32,Spill-Risk,Priority,50,0.2,44,58.68,11.5,58.68,951,1,0,9290.0,3.66,1.61,9,1.29,1,1,0,0,0,20.0,30,12,31,32.0,20.0,0,0,Do Not Batch,Priority Order,91.16,0.0,2,2,0,2,2,0,0.0,Scooter,2026-09-24,0
412,2026-09-17 17:35:00,McDonald's,Fast Food,Society_02,19,2026-09-17 17:54:00,1.84,6,Large,6,4.68,Standard,Normal,0,2.73,50,41.95,7.1,41.95,875,1,0,17705.0,2.13,5.5,11,4.68,1,1,1,0,1,20.0,19,35,20,55.0,20.0,0,0,Do Not Batch,Restaurant Ready-Time Gap,110.14,0.0,2,2,0,2,2,0,0.0,Bike,2026-09-17,17
413,2026-09-14 08:53:00,Haldiram's,Indian,Society_15,26,2026-09-14 09:19:00,4.26,12,Small,5,0.42,Standard,Priority,50,1.22,42,56.67,5.94,56.67,146,1,0,6562.0,1.96,1.21,10,0.79,1,1,0,0,1,20.0,28,33,30,53.0,20.0,0,0,Do Not Batch,Priority Order,124.48,0.0,2,2,0,2,2,0,0.0,Bike,2026-09-14,8
414,2026-09-08 18:59:00,Wow! Momo,Fast Food,Society_45,25,2026-09-08 19:24:00,0.55,2,Small,2,0.68,Spill-Risk,Normal,0,2.74,36,33.96,8.51,33.96,1015,1,0,13947.0,0.61,5.31,5,4.63,1,1,0,0,1,20.0,15,16,17,36.0,20.0,0,0,Do Not Batch,Priority Order,71.75,0.0,2,2,0,2,2,0,0.0,Bike,2026-09-08,18
415,2026-09-24 20:40:00,Subway,Fast Food,Society_39,18,2026-09-24 20:58:00,3.65,11,Small,2,0.73,Standard,Normal,0,2.9,42,53.9,5.7,53.9,519,1,0,9626.0,3.93,4.59,6,3.86,1,1,1,0,0,20.0,27,33,30,53.0,20.0,0,0,Do Not Batch,Customer Distance Too High,126.78999999999999,0.0,2,2,0,2,2,0,0.0,Scooter,2026-09-24,20
416,2026-10-01 02:05:00,Theobroma,Bakery,Society_07,15,2026-10-01 02:20:00,3.04,10,Large,3,4.93,Standard,Normal,0,3.78,46,50.56,5.95,50.56,1353,1,0,17484.0,1.56,5.5,7,4.93,1,1,0,0,1,20.0,24,30,25,50.0,20.0,0,0,Do Not Batch,Priority Order,115.5,0.0,2,2,0,2,2,0,0.0,Bike,2026-10-01,2
417,2026-09-27 07:06:00,Pizza Hut,Pizza,Society_15,28,2026-09-27 07:34:00,4.81,11,Medium,4,1.41,Standard,Priority,50,4.14,55,59.39,11.73,59.39,1083,1,0,27877.0,0.98,3.36,5,1.95,1,1,0,0,1,20.0,21,25,24,45.0,20.0,0,0,Do Not Batch,Priority Order,104.33,0.0,2,2,0,2,2,0,0.0,Bike,2026-09-27,7
418,2026-09-16 21:41:00,Burger King,Fast Food,Society_30,8,2026-09-16 21:49:00,0.82,3,Small,6,0.42,Standard,Normal,0,2.63,34,39.53,5.66,39.53,242,1,0,18937.0,2.8,1.07,7,0.65,1,1,0,0,1,20.0,16,22,17,42.0,20.0,0,0,Do Not Batch,Priority Order,82.47,0.0,2,2,0,2,2,0,0.0,Scooter,2026-09-16,21
419,2026-09-01 22:17:00,Burger King,Fast Food,Society_32,33,2026-09-01 22:50:00,7.51,17,Medium,3,1.34,Standard,Normal,0,2.21,55,66.23,8.03,66.23,221,1,0,13928.0,1.43,3.88,4,2.54,1,1,1,0,1,20.0,29,30,29,50.0,20.0,0,0,Do Not Batch,Restaurant Ready-Time Gap,116.30000000000001,0.0,2,2,0,2,2,0,0.0,Bike,2026-09-01,22
420,2026-09-02 15:37:00,Haldiram's,Indian,Society_11,30,2026-09-02 16:07:00,2.55,9,Small,6,0.4,Spill-Risk,Normal,0,2.96,54,44.29,9.85,44.29,607,1,0,6843.0,1.76,1.13,11,0.73,1,1,1,0,1,20.0,24,18,26,38.0,20.0,0,0,Do Not Batch,Restaurant Ready-Time Gap,85.1,0.0,2,2,0,2,2,0,0.0,Scooter,2026-09-02,15
421,2026-09-27 01:01:00,Burger King,Fast Food,Society_16,23,2026-09-27 01:24:00,12.0,36,Small,4,1.32,Fragile,Normal,0,0.83,66,93.79,10.77,93.79,891,1,0,20388.0,2.86,3.79,10,2.47,1,1,1,0,1,20.0,51,25,51,45.0,20.0,0,0,Do Not Batch,Restaurant Ready-Time Gap,146.28,0.0,2,2,0,2,2,0,0.0,Bike,2026-09-27,1
422,2026-09-16 11:40:00,Subway,Fast Food,Society_11,11,2026-09-16 11:51:00,2.98,10,Small,6,0.83,Standard,Normal,0,2.0,51,49.87,7.37,49.87,682,1,0,15612.0,2.04,4.32,8,3.49,1,1,1,0,1,20.0,20,53,21,73.0,20.0,0,0,Do Not Batch,Restaurant Ready-Time Gap,139.65,0.0,2,2,0,2,2,0,0.0,Bike,2026-09-16,11
423,2026-09-10 16:02:00,Theobroma,Bakery,Society_31,10,2026-09-10 16:12:00,1.58,6,Small,4,1.38,Standard,Normal,0,4.24,39,36.48,7.74,36.48,1166,1,0,9916.0,5.74,2.75,7,1.38,1,1,1,0,0,20.0,17,21,20,41.0,20.0,0,0,Do Not Batch,Customer Distance Too High,75.34,0.0,2,2,0,2,2,0,0.0,Scooter,2026-09-10,16
424,2026-09-19 16:56:00,Wow! Momo,Fast Food,Society_25,26,2026-09-19 17:22:00,3.74,12,Small,1,1.4,Standard,Normal,0,1.71,49,53.95,10.42,53.95,623,1,0,16589.0,2.4,4.4,5,3.0,1,1,1,0,1,20.0,23,19,25,39.0,20.0,0,0,Do Not Batch,Restaurant Ready-Time Gap,90.01,0.0,2,2,0,2,2,0,0.0,Scooter,2026-09-19,16
425,2026-09-21 12:35:00,McDonald's,Fast Food,Society_14,26,2026-09-21 13:01:00,6.0,20,Medium,4,2.62,Standard,Normal,0,3.6,65,58.43,6.06,58.43,747,1,0,6339.0,3.36,5.6,9,2.98,1,1,1,0,0,20.0,39,21,41,41.0,20.0,0,0,Do Not Batch,Customer Distance Too High,104.59,0.0,2,2,0,2,2,0,0.0,Bike,2026-09-21,12
426,2026-09-15 14:54:00,Theobroma,Bakery,Society_46,26,2026-09-15 15:20:00,2.93,7,Medium,6,1.4,Standard,Normal,0,5.12,37,50.58,7.78,50.58,1013,1,0,17835.0,0.2,3.25,11,1.85,1,1,1,0,1,20.0,20,25,23,45.0,20.0,0,0,Do Not Batch,Restaurant Ready-Time Gap,100.56,0.0,2,2,0,2,2,0,0.0,Scooter,2026-09-15,14
427,2026-09-18 01:18:00,Wow! Momo,Fast Food,Society_38,21,2026-09-18 01:39:00,4.81,11,Medium,1,2.72,Standard,Normal,0,3.56,50,53.72,7.05,53.72,1203,1,0,7639.0,1.3,4.4,7,2.72,1,1,1,0,1,20.0,29,21,29,41.0,20.0,0,0,Do Not Batch,Restaurant Ready-Time Gap,98.52,0.0,2,2,0,2,2,0,0.0,Scooter,2026-09-18,1
428,2026-09-17 02:46:00,Haldiram's,Indian,Society_38,22,2026-09-17 03:08:00,2.17,8,Medium,6,3.47,Standard,Normal,0,0.49,45,42.34,6.57,42.34,1133,1,0,18744.0,0.98,4.58,9,3.47,1,1,1,0,1,20.0,19,29,19,49.0,20.0,0,0,Do Not Batch,Restaurant Ready-Time Gap,88.64,0.0,2,2,0,2,2,0,0.0,Bike,2026-09-17,2
429,2026-09-26 18:15:00,McDonald's,Fast Food,Society_05,15,2026-09-26 18:30:00,5.05,14,Small,1,0.92,Spill-Risk,Normal,0,3.22,56,57.49,7.69,57.49,1476,1,0,22874.0,1.16,3.18,7,2.26,1,1,1,0,1,20.0,31,26,31,46.0,20.0,0,0,Do Not Batch,Restaurant Ready-Time Gap,110.88,0.0,2,2,0,2,2,0,0.0,Bike,2026-09-26,18
430,2026-09-03 09:15:00,Wow! Momo,Fast Food,Society_07,20,2026-09-03 09:35:00,2.98,9,Medium,1,1.35,Standard,Normal,0,1.86,48,46.34,8.2,46.34,1395,1,0,13620.0,3.08,2.39,2,1.35,1,1,1,0,0,20.0,19,18,19,38.0,20.0,0,0,Do Not Batch,Customer Distance Too High,88.43,0.0,2,2,0,2,2,0,0.0,Bike,2026-09-03,9
431,2026-09-12 12:46:00,Wow! Momo,Fast Food,Society_35,23,2026-09-12 13:09:00,2.32,6,Small,4,1.13,Fragile,Priority,50,1.35,46,47.17,12.26,47.17,1193,1,0,24254.0,3.95,6.81,8,5.68,0,1,0,0,0,20.0,23,23,25,43.0,20.0,0,0,Do Not Batch,Priority Order,100.5,0.0,2,2,0,2,2,0,0.0,Scooter,2026-09-12,12
432,2026-09-07 06:58:00,Pizza Hut,Pizza,Society_19,22,2026-09-07 07:20:00,3.34,11,Medium,1,1.47,Standard,Normal,0,2.62,43,48.56,11.23,48.56,462,1,0,19808.0,2.98,2.15,6,1.47,1,1,1,0,1,20.0,23,25,24,45.0,20.0,0,0,Do Not Batch,Restaurant Ready-Time Gap,98.81,0.0,2,2,0,2,2,0,0.0,Scooter,2026-09-07,6
433,2026-09-04 10:37:00,KFC,Fast Food,Society_01,19,2026-09-04 10:56:00,1.82,5,Small,1,0.63,Standard,Normal,0,0.9,38,40.07,5.26,40.07,990,1,0,20970.0,2.18,1.43,2,0.8,1,1,1,0,1,20.0,19,22,22,42.0,20.0,0,0,Do Not Batch,Restaurant Ready-Time Gap,92.57,0.0,2,2,0,2,2,0,0.0,Bike,2026-09-04,10
434,2026-09-20 07:48:00,Pizza Hut,Pizza,Society_24,8,2026-09-20 07:56:00,2.28,6,Medium,1,1.84,Standard,Priority,50,2.48,51,46.39,5.3,46.39,77,1,0,24409.0,1.62,4.78,7,2.94,1,1,0,0,1,20.0,16,15,17,35.0,20.0,0,0,Do Not Batch,Priority Order,82.42,0.0,2,2,0,2,2,0,0.0,Scooter,2026-09-20,7
435,2026-09-19 10:38:00,McDonald's,Fast Food,Society_13,16,2026-09-19 10:54:00,1.65,4,Large,5,3.07,Spill-Risk,Normal,0,1.9,44,43.66,5.09,43.66,1418,1,0,4174.0,4.06,4.84,6,3.07,1,1,1,0,0,20.0,14,17,15,37.0,20.0,0,0,Do Not Batch,Customer Distance Too High,81.94999999999999,0.0,2,2,0,2,2,0,0.0,Scooter,2026-09-19,10
436,2026-09-24 14:22:00,Haldiram's,Indian,Society_30,26,2026-09-24 14:48:00,2.8,9,Medium,2,3.43,Standard,Normal,0,4.16,45,49.83,11.96,49.83,1470,1,0,27848.0,5.4,3.8,6,3.43,1,1,1,0,0,20.0,24,20,24,40.0,20.0,0,0,Do Not Batch,Customer Distance Too High,86.5,0.0,2,2,0,2,2,0,0.0,Scooter,2026-09-24,14
437,2026-09-20 08:10:00,Burger King,Fast Food,Society_31,28,2026-09-20 08:38:00,1.39,5,Small,4,0.65,Standard,Normal,0,1.74,47,37.22,13.81,37.22,1201,1,0,20866.0,2.69,4.1,9,3.45,1,1,0,0,1,20.0,17,29,18,49.0,20.0,0,0,Do Not Batch,Priority Order,91.72,0.0,2,2,0,2,2,0,0.0,Scooter,2026-09-20,8
438,2026-09-24 14:05:00,Burger King,Fast Food,Society_26,20,2026-09-24 14:25:00,0.73,2,Small,4,0.44,Standard,Normal,0,4.99,38,36.05,9.52,36.05,1149,1,0,5037.0,3.82,1.7,10,1.26,1,1,1,0,0,20.0,19,26,19,46.0,20.0,0,0,Do Not Batch,Customer Distance Too High,93.09,0.0,2,2,0,2,2,0,0.0,Bike,2026-09-24,14
439,2026-09-07 06:19:00,Wow! Momo,Fast Food,Society_10,23,2026-09-07 06:42:00,2.93,8,Small,3,1.36,Temperature-Sensitive,Normal,0,1.12,48,48.4,7.87,48.4,1089,1,0,9497.0,2.98,1.68,8,1.36,1,1,1,0,1,20.0,21,36,21,56.0,20.0,0,0,Do Not Batch,Restaurant Ready-Time Gap,108.62,0.0,2,2,0,2,2,0,0.0,Bike,2026-09-07,6
440,2026-09-30 20:07:00,Theobroma,Bakery,Society_40,35,2026-09-30 20:42:00,4.08,14,Medium,6,1.27,Spill-Risk,Priority,50,1.14,44,52.81,14.44,52.81,1039,1,0,15124.0,3.56,3.53,8,2.26,1,0,0,0,0,20.0,29,18,30,38.0,20.0,0,0,Do Not Batch,Priority Order,98.46000000000001,0.0,2,2,0,2,2,0,0.0,Bike,2026-09-30,20
441,2026-09-05 09:52:00,Theobroma,Bakery,Society_37,8,2026-09-05 10:00:00,2.45,6,Large,3,3.59,Standard,Normal,0,1.23,48,43.63,7.01,43.63,408,1,0,25266.0,0.87,4.91,9,3.59,1,1,1,0,1,20.0,25,21,28,41.0,20.0,0,0,Do Not Batch,Restaurant Ready-Time Gap,92.4,0.0,2,2,0,2,2,0,0.0,Scooter,2026-09-05,9
442,2026-09-30 00:52:00,Wow! Momo,Fast Food,Society_11,27,2026-09-30 01:19:00,5.99,15,Small,6,1.13,Standard,Normal,0,3.46,48,59.06,11.66,59.06,1206,1,0,1571.0,1.82,3.49,8,2.36,1,1,1,0,1,20.0,33,27,34,47.0,20.0,0,0,Do Not Batch,Restaurant Ready-Time Gap,111.33000000000001,0.0,2,2,0,2,2,0,0.0,Scooter,2026-09-30,0
443,2026-09-09 12:48:00,McDonald's,Fast Food,Society_06,10,2026-09-09 12:58:00,6.06,13,Small,4,1.11,Standard,Normal,0,2.05,57,60.4,12.24,60.4,1289,1,0,26537.0,3.05,4.66,9,3.55,1,1,1,0,0,20.0,30,29,31,49.0,20.0,0,0,Do Not Batch,Customer Distance Too High,114.0,0.0,2,2,0,2,2,0,0.0,Bike,2026-09-09,12
444,2026-09-08 04:57:00,Biryani Blues,Indian,Society_42,26,2026-09-08 05:23:00,0.85,3,Small,4,0.8,Standard,Normal,0,2.04,37,34.62,10.72,34.62,1077,1,0,25885.0,4.2,1.62,10,0.82,1,1,1,0,0,20.0,16,23,18,43.0,20.0,0,0,Do Not Batch,Customer Distance Too High,81.47,0.0,2,2,0,2,2,0,0.0,Bike,2026-09-08,4
445,2026-09-25 22:02:00,Burger King,Fast Food,Society_24,32,2026-09-25 22:34:00,1.49,4,Small,6,0.77,Spill-Risk,Normal,0,1.59,41,42.1,10.71,42.1,513,1,0,25660.0,1.35,1.9,11,1.13,1,1,1,0,1,20.0,23,19,23,39.0,20.0,0,0,Do Not Batch,Restaurant Ready-Time Gap,73.9,0.0,2,2,0,2,2,0,0.0,Bike,2026-09-25,22
446,2026-09-28 17:49:00,Wow! Momo,Fast Food,Society_39,27,2026-09-28 18:16:00,6.37,22,Medium,3,1.91,Standard,Normal,0,6.38,61,62.66,10.43,62.66,884,1,0,3370.0,0.2,2.28,5,1.91,1,1,0,0,1,20.0,39,19,41,39.0,20.0,0,0,Do Not Batch,Priority Order,102.05,0.0,2,2,0,2,2,0,0.0,Scooter,2026-09-28,17
447,2026-09-03 16:18:00,Domino's Pizza,Pizza,Society_17,19,2026-09-03 16:37:00,6.44,20,Medium,3,2.03,Standard,Normal,0,4.86,53,62.02,9.06,62.02,225,1,0,20770.0,1.8,4.22,4,2.19,1,1,1,0,1,20.0,36,23,39,43.0,20.0,0,0,Do Not Batch,Restaurant Ready-Time Gap,115.33000000000001,0.0,2,2,0,2,2,0,0.0,Scooter,2026-09-03,16
448,2026-09-22 11:36:00,Burger King,Fast Food,Society_39,25,2026-09-22 12:01:00,2.97,7,Small,1,0.83,Standard,Normal,0,3.64,45,44.08,12.05,44.08,1420,1,0,21017.0,3.91,3.85,6,3.02,1,1,1,0,0,20.0,21,22,22,42.0,20.0,0,0,Do Not Batch,Customer Distance Too High,83.12,0.0,2,2,0,2,2,0,0.0,Bike,2026-09-22,11
449,2026-09-14 12:55:00,Haldiram's,Indian,Society_33,29,2026-09-14 13:24:00,1.53,5,Medium,5,2.57,Standard,Normal,0,2.38,46,37.44,14.33,37.44,596,1,0,1232.0,0.28,3.39,10,2.57,1,1,1,0,1,20.0,21,35,23,55.0,20.0,0,0,Do Not Batch,Restaurant Ready-Time Gap,105.39,0.0,2,2,0,2,2,0,0.0,Bike,2026-09-14,12
450,2026-09-30 22:07:00,Wow! Momo,Fast Food,Society_35,31,2026-09-30 22:38:00,3.28,10,Large,2,3.43,Spill-Risk,Normal,0,0.7,48,51.23,12.37,51.23,218,1,0,9218.0,0.85,3.95,7,3.43,1,0,0,0,1,20.0,26,21,28,41.0,20.0,0,0,Do Not Batch,Priority Order,91.28999999999999,0.0,2,2,0,2,2,0,0.0,Bike,2026-09-30,22
451,2026-09-10 08:44:00,Pizza Hut,Pizza,Society_44,34,2026-09-10 09:18:00,2.02,5,Small,6,0.92,Standard,Normal,0,4.34,41,45.42,9.65,45.42,551,1,0,15076.0,2.72,2.2,9,1.28,1,1,1,0,1,20.0,24,20,25,40.0,20.0,0,0,Do Not Batch,Restaurant Ready-Time Gap,93.64,0.0,2,2,0,2,2,0,0.0,Bike,2026-09-10,8
452,2026-09-16 22:02:00,Burger King,Fast Food,Society_48,20,2026-09-16 22:22:00,1.67,4,Medium,4,1.73,Fragile,Normal,0,2.73,38,43.31,11.36,43.31,320,1,0,5745.0,2.34,4.11,6,2.38,1,0,0,0,1,20.0,15,22,16,42.0,20.0,0,0,Do Not Batch,Priority Order,85.97,0.0,2,2,0,2,2,0,0.0,Bike,2026-09-16,22
453,2026-09-20 13:59:00,Biryani Blues,Indian,Society_20,18,2026-09-20 14:17:00,3.66,11,Medium,2,2.18,Standard,Normal,0,3.11,42,49.58,8.33,49.58,346,1,0,6818.0,3.33,3.5,7,2.18,1,1,1,0,0,20.0,27,18,27,38.0,20.0,0,0,Do Not Batch,Customer Distance Too High,81.4,0.0,2,2,0,2,2,0,0.0,Bike,2026-09-20,13
454,2026-09-11 00:24:00,Domino's Pizza,Pizza,Society_32,24,2026-09-11 00:48:00,1.09,3,Small,1,0.42,Standard,Normal,0,3.8,35,37.73,12.88,37.73,922,1,0,13598.0,0.78,1.09,6,0.67,1,1,1,0,1,20.0,15,22,15,42.0,20.0,0,0,Do Not Batch,Restaurant Ready-Time Gap,86.97,0.0,2,2,0,2,2,0,0.0,Bike,2026-09-11,0
455,2026-09-11 00:06:00,Burger King,Fast Food,Society_25,11,2026-09-11 00:17:00,3.36,12,Medium,1,2.37,Standard,Normal,0,4.38,53,48.96,14.75,48.96,1490,1,0,653.0,2.05,2.9,2,2.37,1,1,1,0,1,20.0,29,26,31,46.0,20.0,0,0,Do Not Batch,Restaurant Ready-Time Gap,88.5,0.0,2,2,0,2,2,0,0.0,Bike,2026-09-11,0
456,2026-09-08 08:09:00,Biryani Blues,Indian,Society_46,25,2026-09-08 08:34:00,1.86,5,Large,2,3.27,Standard,Priority,50,3.31,39,38.55,8.67,38.55,38,1,0,3075.0,4.17,3.99,4,3.27,1,1,0,0,0,20.0,22,18,23,38.0,20.0,0,0,Do Not Batch,Priority Order,85.28999999999999,0.0,2,2,0,2,2,0,0.0,Bike,2026-09-08,8
457,2026-09-18 16:34:00,Subway,Fast Food,Society_49,19,2026-09-18 16:53:00,0.89,2,Small,4,0.57,Temperature-Sensitive,Priority,50,2.53,47,34.65,14.1,34.65,490,1,0,4524.0,0.83,1.45,6,0.88,1,1,0,0,1,20.0,20,19,20,39.0,20.0,0,0,Do Not Batch,Priority Order,82.41,0.0,2,2,0,2,2,0,0.0,Scooter,2026-09-18,16
458,2026-09-23 05:05:00,Haldiram's,Indian,Society_13,14,2026-09-23 05:19:00,3.83,12,Small,5,0.68,Standard,Normal,0,2.0,44,50.57,12.33,50.57,1147,1,0,9808.0,4.57,1.93,6,1.25,1,1,1,0,0,20.0,25,18,25,38.0,20.0,0,0,Do Not Batch,Customer Distance Too High,88.31,0.0,2,2,0,2,2,0,0.0,Scooter,2026-09-23,5
459,2026-09-20 05:45:00,Biryani Blues,Indian,Society_10,20,2026-09-20 06:05:00,5.77,18,Small,1,0.31,Standard,Normal,0,5.68,56,64.06,14.3,64.06,185,1,0,25980.0,1.01,4.89,6,4.58,1,1,1,0,1,20.0,37,20,40,40.0,20.0,0,0,Do Not Batch,Restaurant Ready-Time Gap,109.28,0.0,2,2,0,2,2,0,0.0,Scooter,2026-09-20,5
460,2026-09-12 17:44:00,McDonald's,Fast Food,Society_17,20,2026-09-12 18:04:00,0.75,2,Medium,3,1.8,Standard,Normal,0,1.87,45,38.56,9.83,38.56,1419,1,0,14739.0,3.69,5.24,6,3.44,1,1,1,0,0,20.0,14,18,16,38.0,20.0,0,0,Do Not Batch,Customer Distance Too High,78.73,0.0,2,2,0,2,2,0,0.0,Bike,2026-09-12,17
461,2026-09-12 18:11:00,Subway,Fast Food,Society_21,16,2026-09-12 18:27:00,1.26,4,Large,6,4.24,Temperature-Sensitive,Normal,0,5.52,37,39.49,11.98,39.49,1139,1,0,528.0,1.98,9.27,12,5.03,0,1,1,0,1,20.0,22,26,24,46.0,20.0,0,0,Do Not Batch,Order Size/Item Incompatibility,88.09,0.0,2,2,0,2,2,0,0.0,Bike,2026-09-12,18
462,2026-09-21 01:01:00,Pizza Hut,Pizza,Society_22,27,2026-09-21 01:28:00,3.15,9,Small,5,0.68,Spill-Risk,Normal,0,5.74,51,50.25,13.67,50.25,1244,1,0,14452.0,0.9,2.68,11,2.0,1,1,1,0,1,20.0,27,14,29,34.0,20.0,0,0,Do Not Batch,Restaurant Ready-Time Gap,85.4,0.0,2,2,0,2,2,0,0.0,Scooter,2026-09-21,1
463,2026-09-06 11:50:00,Domino's Pizza,Pizza,Society_12,34,2026-09-06 12:24:00,3.66,8,Medium,2,1.76,Fragile,Normal,0,2.95,48,51.72,12.03,51.72,1458,1,0,8426.0,1.8,5.18,6,3.42,1,0,1,0,1,20.0,19,20,20,40.0,20.0,0,0,Do Not Batch,Order Size/Item Incompatibility,94.59,0.0,2,2,0,2,2,0,0.0,Scooter,2026-09-06,11
464,2026-09-02 07:52:00,Burger King,Fast Food,Society_44,28,2026-09-02 08:20:00,2.38,8,Medium,4,1.37,Standard,Normal,0,4.05,48,41.24,8.79,41.24,977,1,0,40401.0,3.26,1.77,5,1.37,1,1,1,0,0,20.0,23,24,26,44.0,20.0,0,0,Do Not Batch,Customer Distance Too High,86.33000000000001,0.0,2,2,0,2,2,0,0.0,Scooter,2026-09-02,7
465,2026-09-09 21:33:00,Domino's Pizza,Pizza,Society_25,25,2026-09-09 21:58:00,1.42,5,Large,6,3.98,Standard,Normal,0,1.74,47,42.68,7.41,42.68,303,1,0,7195.0,2.49,4.35,12,3.98,1,1,1,0,1,20.0,17,18,17,38.0,20.0,0,0,Do Not Batch,Restaurant Ready-Time Gap,77.97999999999999,0.0,2,2,0,2,2,0,0.0,Bike,2026-09-09,21
466,2026-09-16 10:05:00,Biryani Blues,Indian,Society_29,31,2026-09-16 10:36:00,1.15,4,Small,3,0.77,Standard,Normal,0,0.2,48,38.02,5.0,38.02,980,1,0,19964.0,4.07,6.57,8,5.8,0,1,1,0,0,20.0,18,23,21,43.0,20.0,0,0,Do Not Batch,Order Size/Item Incompatibility,77.4,0.0,2,2,0,2,2,0,0.0,Scooter,2026-09-16,10
467,2026-09-22 16:28:00,Domino's Pizza,Pizza,Society_17,28,2026-09-22 16:56:00,1.72,6,Medium,3,3.19,Standard,Normal,0,4.47,50,43.47,12.0,43.47,1301,1,0,2033.0,4.51,3.55,8,3.19,1,1,1,0,0,20.0,17,27,17,47.0,20.0,0,0,Do Not Batch,Customer Distance Too High,85.22999999999999,0.0,2,2,0,2,2,0,0.0,Bike,2026-09-22,16
468,2026-09-30 07:00:00,Haldiram's,Indian,Society_44,23,2026-09-30 07:23:00,3.18,8,Small,1,0.64,Standard,Normal,0,2.02,48,50.59,7.65,50.59,751,1,0,10963.0,0.84,1.71,3,1.07,1,1,1,0,1,20.0,21,21,21,41.0,20.0,0,0,Do Not Batch,Restaurant Ready-Time Gap,90.86000000000001,0.0,2,2,0,2,2,0,0.0,Scooter,2026-09-30,7
469,2026-09-11 01:26:00,Subway,Fast Food,Society_14,31,2026-09-11 01:57:00,4.35,15,Small,6,0.39,Standard,Normal,0,2.4,52,56.39,8.03,56.39,243,1,0,12195.0,0.74,1.89,12,1.5,1,1,1,0,1,20.0,27,29,30,49.0,20.0,0,0,Do Not Batch,Restaurant Ready-Time Gap,108.81,0.0,2,2,0,2,2,0,0.0,Scooter,2026-09-11,1
470,2026-09-06 14:06:00,KFC,Fast Food,Society_47,10,2026-09-06 14:16:00,2.27,7,Small,1,0.78,Standard,Normal,0,0.2,48,42.84,11.34,42.84,158,1,0,5158.0,0.67,3.66,2,2.88,1,1,1,0,1,20.0,18,42,20,62.0,20.0,0,0,Do Not Batch,Restaurant Ready-Time Gap,134.07,0.0,2,2,0,2,2,0,0.0,Scooter,2026-09-06,14
471,2026-09-09 12:22:00,Haldiram's,Indian,Society_29,21,2026-09-09 12:43:00,1.84,6,Small,4,0.32,Temperature-Sensitive,Normal,0,2.95,51,44.2,10.71,44.2,384,1,0,13170.0,1.24,0.83,7,0.51,1,1,1,0,1,20.0,21,22,22,42.0,20.0,0,0,Do Not Batch,Restaurant Ready-Time Gap,88.25,0.0,2,2,0,2,2,0,0.0,Bike,2026-09-09,12
472,2026-09-23 14:38:00,Haldiram's,Indian,Society_41,11,2026-09-23 14:49:00,1.77,6,Medium,5,2.7,Standard,Normal,0,0.23,46,37.58,14.23,37.58,328,1,0,5446.0,4.05,4.34,10,2.7,1,1,1,0,0,20.0,18,20,21,40.0,20.0,0,0,Do Not Batch,Customer Distance Too High,78.18,0.0,2,2,0,2,2,0,0.0,Scooter,2026-09-23,14
473,2026-09-10 21:42:00,Burger King,Fast Food,Society_10,30,2026-09-10 22:12:00,0.53,2,Medium,1,3.43,Standard,Priority,50,1.61,38,30.88,7.45,30.88,497,1,0,12679.0,3.28,9.13,7,5.7,0,1,0,0,0,20.0,15,18,17,38.0,20.0,0,0,Do Not Batch,Priority Order,68.26,0.0,2,2,0,2,2,0,0.0,Bike,2026-09-10,21
474,2026-09-17 12:35:00,Haldiram's,Indian,Society_28,14,2026-09-17 12:49:00,3.75,9,Small,4,1.27,Standard,Normal,0,2.83,45,54.01,6.22,54.01,1022,1,0,16600.0,1.74,2.65,5,1.38,1,1,1,0,1,20.0,24,17,26,37.0,20.0,0,0,Do Not Batch,Restaurant Ready-Time Gap,100.49,0.0,2,2,0,2,2,0,0.0,Bike,2026-09-17,12
475,2026-09-22 16:15:00,Biryani Blues,Indian,Society_06,15,2026-09-22 16:30:00,3.14,11,Small,2,1.43,Standard,Normal,0,4.88,46,49.61,13.67,49.61,346,1,0,9831.0,2.48,2.75,7,1.43,1,1,1,0,1,20.0,25,13,26,33.0,20.0,0,0,Do Not Batch,Restaurant Ready-Time Gap,81.43,0.0,2,2,0,2,2,0,0.0,Scooter,2026-09-22,16
476,2026-09-11 05:10:00,Theobroma,Bakery,Society_32,23,2026-09-11 05:33:00,1.45,5,Small,4,0.36,Standard,Normal,0,3.05,40,39.3,5.77,39.3,1283,1,0,3936.0,4.47,1.56,8,1.2,1,1,1,0,0,20.0,18,22,19,42.0,20.0,0,0,Do Not Batch,Customer Distance Too High,86.53,0.0,2,2,0,2,2,0,0.0,Bike,2026-09-11,5
477,2026-09-16 09:46:00,Domino's Pizza,Pizza,Society_26,19,2026-09-16 10:05:00,4.07,12,Small,6,0.68,Standard,Normal,0,2.5,44,54.04,5.52,54.04,1192,1,0,7539.0,5.17,1.62,8,0.94,1,1,1,0,0,20.0,25,32,27,52.0,20.0,0,0,Do Not Batch,Customer Distance Too High,107.14,0.0,2,2,0,2,2,0,0.0,Scooter,2026-09-16,9
478,2026-09-04 00:50:00,Wow! Momo,Fast Food,Society_26,30,2026-09-04 01:20:00,0.57,2,Medium,3,2.07,Spill-Risk,Normal,0,2.06,44,38.78,12.7,38.78,338,1,0,4325.0,2.86,2.5,7,2.07,1,0,1,0,1,20.0,13,29,14,49.0,20.0,0,0,Do Not Batch,Order Size/Item Incompatibility,85.53,0.0,2,2,0,2,2,0,0.0,Scooter,2026-09-04,0
479,2026-09-22 17:37:00,Domino's Pizza,Pizza,Society_35,18,2026-09-22 17:55:00,1.46,5,Large,2,4.14,Standard,Normal,0,2.95,35,36.71,13.13,36.71,576,1,0,12975.0,0.2,5.64,6,4.14,1,1,0,0,1,20.0,24,23,26,43.0,20.0,0,0,Do Not Batch,Priority Order,77.1,0.0,2,2,0,2,2,0,0.0,Bike,2026-09-22,17
480,2026-09-16 20:11:00,Haldiram's,Indian,Society_19,18,2026-09-16 20:29:00,3.6,11,Medium,2,3.21,Standard,Priority,50,1.75,54,49.93,9.39,49.93,833,1,0,13524.0,2.92,3.89,5,3.21,1,1,0,0,1,20.0,24,20,24,40.0,20.0,0,0,Do Not Batch,Priority Order,89.68,0.0,2,2,0,2,2,0,0.0,Bike,2026-09-16,20
481,2026-09-04 11:02:00,KFC,Fast Food,Society_17,27,2026-09-04 11:29:00,2.57,6,Small,6,1.24,Standard,Normal,0,1.9,41,42.89,13.58,42.89,130,1,0,1003.0,3.81,1.72,11,1.24,1,1,1,0,0,20.0,23,31,24,51.0,20.0,0,0,Do Not Batch,Customer Distance Too High,101.5,0.0,2,2,0,2,2,0,0.0,Bike,2026-09-04,11
482,2026-09-06 22:19:00,Pizza Hut,Pizza,Society_03,16,2026-09-06 22:35:00,0.5,2,Small,4,0.64,Fragile,Normal,0,3.76,37,37.45,11.62,37.45,865,1,0,4448.0,2.81,1.22,6,0.64,1,0,1,0,1,20.0,16,34,16,54.0,20.0,0,0,Do Not Batch,Order Size/Item Incompatibility,118.06,0.0,2,2,0,2,2,0,0.0,Bike,2026-09-06,22
483,2026-09-02 11:59:00,McDonald's,Fast Food,Society_43,34,2026-09-02 12:33:00,4.86,14,Small,2,0.5,Standard,Normal,0,3.18,53,55.46,7.54,55.46,201,1,0,10686.0,3.52,1.93,7,1.43,1,1,1,0,0,20.0,33,21,34,41.0,20.0,0,0,Do Not Batch,Customer Distance Too High,103.73,0.0,2,2,0,2,2,0,0.0,Bike,2026-09-02,11
484,2026-09-10 10:57:00,Wow! Momo,Fast Food,Society_27,19,2026-09-10 11:16:00,2.0,7,Medium,5,1.95,Spill-Risk,Normal,0,5.08,38,41.58,9.46,41.58,345,1,0,3463.0,3.0,4.91,6,2.96,1,1,1,0,1,20.0,26,18,28,38.0,20.0,0,0,Do Not Batch,Restaurant Ready-Time Gap,77.56,0.0,2,2,0,2,2,0,0.0,Bike,2026-09-10,10
485,2026-09-10 04:12:00,Pizza Hut,Pizza,Society_33,23,2026-09-10 04:35:00,1.8,4,Medium,1,2.51,Standard,Normal,0,4.46,42,41.36,7.84,41.36,154,1,0,7138.0,0.77,2.85,2,2.51,1,1,1,0,1,20.0,21,21,23,41.0,20.0,0,0,Do Not Batch,Restaurant Ready-Time Gap,85.65,0.0,2,2,0,2,2,0,0.0,Bike,2026-09-10,4
486,2026-09-05 20:51:00,Wow! Momo,Fast Food,Society_29,22,2026-09-05 21:13:00,2.08,7,Medium,2,3.45,Standard,Normal,0,2.8,38,43.52,6.29,43.52,208,1,0,4218.0,1.26,6.77,3,3.45,0,1,1,0,1,20.0,22,36,24,56.0,20.0,0,0,Do Not Batch,Order Size/Item Incompatibility,108.57,0.0,2,2,0,2,2,0,0.0,Scooter,2026-09-05,20
487,2026-09-16 17:56:00,Domino's Pizza,Pizza,Society_16,29,2026-09-16 18:25:00,1.63,5,Small,3,0.74,Standard,Priority,50,1.41,42,43.09,7.33,43.09,192,1,0,2087.0,2.05,1.55,7,0.81,1,1,0,0,1,20.0,24,38,26,58.0,20.0,0,0,Do Not Batch,Priority Order,103.71000000000001,0.0,2,2,0,2,2,0,0.0,Bike,2026-09-16,17
488,2026-09-22 08:51:00,Theobroma,Bakery,Society_45,37,2026-09-22 09:28:00,2.07,7,Medium,3,1.43,Standard,Normal,0,2.78,39,42.5,8.52,42.5,131,1,0,3593.0,3.99,4.21,6,2.78,1,1,1,0,0,20.0,21,17,23,37.0,20.0,0,0,Do Not Batch,Customer Distance Too High,84.17,0.0,2,2,0,2,2,0,0.0,Bike,2026-09-22,8
489,2026-09-21 18:38:00,Pizza Hut,Pizza,Society_48,32,2026-09-21 19:10:00,2.87,10,Small,6,0.45,Standard,Normal,0,2.24,40,42.46,6.62,42.46,273,1,0,4245.0,1.43,2.91,9,2.46,1,1,1,0,1,20.0,23,19,25,39.0,20.0,0,0,Do Not Batch,Restaurant Ready-Time Gap,90.38,0.0,2,2,0,2,2,0,0.0,Scooter,2026-09-21,18
490,2026-09-15 13:04:00,Subway,Fast Food,Society_13,25,2026-09-15 13:29:00,3.65,9,Small,2,0.88,Standard,Normal,0,3.54,49,47.76,14.01,47.76,374,1,0,5172.0,3.14,3.4,4,2.52,1,1,0,0,0,20.0,28,23,29,43.0,20.0,0,0,Do Not Batch,Priority Order,93.28,0.0,2,2,0,2,2,0,0.0,Bike,2026-09-15,13
491,2026-09-24 05:19:00,McDonald's,Fast Food,Society_40,23,2026-09-24 05:42:00,1.4,4,Small,5,1.01,Standard,Normal,0,3.33,35,40.5,8.25,40.5,501,1,0,13319.0,2.93,2.18,8,1.17,1,1,0,0,1,20.0,22,15,23,35.0,20.0,0,0,Do Not Batch,Priority Order,73.19,0.0,2,2,0,2,2,0,0.0,Bike,2026-09-24,5
492,2026-09-08 03:17:00,Burger King,Fast Food,Society_09,25,2026-09-08 03:42:00,8.61,21,Medium,3,1.5,Standard,Normal,0,1.08,52,76.06,6.51,76.06,494,1,0,4956.0,4.72,1.98,8,1.5,1,1,1,0,0,20.0,40,28,40,48.0,20.0,0,0,Do Not Batch,Customer Distance Too High,121.5,0.0,2,2,0,2,2,0,0.0,Scooter,2026-09-08,3
493,2026-09-28 08:13:00,Biryani Blues,Indian,Society_12,43,2026-09-28 08:56:00,3.09,9,Large,1,4.79,Standard,Normal,0,0.2,42,47.8,8.05,47.8,1012,1,0,6945.0,2.44,5.2,7,4.79,1,1,1,0,1,20.0,23,17,26,37.0,20.0,0,0,Do Not Batch,Restaurant Ready-Time Gap,85.87,0.0,2,2,0,2,2,0,0.0,Scooter,2026-09-28,8
494,2026-09-11 13:55:00,Burger King,Fast Food,Society_44,23,2026-09-11 14:18:00,3.4,9,Small,5,0.48,Standard,Normal,0,1.15,41,45.44,13.88,45.44,1173,1,0,23290.0,0.2,0.92,9,0.48,1,1,1,0,1,20.0,28,19,29,39.0,20.0,0,0,Do Not Batch,Restaurant Ready-Time Gap,89.52,0.0,2,2,0,2,2,0,0.0,Bike,2026-09-11,13
495,2026-09-02 22:16:00,Haldiram's,Indian,Society_29,10,2026-09-02 22:26:00,2.45,6,Medium,3,1.68,Standard,Normal,0,1.55,49,46.28,14.56,46.28,540,1,0,20250.0,3.41,3.58,5,1.9,1,1,1,0,0,20.0,21,25,22,45.0,20.0,0,0,Do Not Batch,Customer Distance Too High,90.27000000000001,0.0,2,2,0,2,2,0,0.0,Scooter,2026-09-02,22
496,2026-09-30 21:34:00,KFC,Fast Food,Society_41,23,2026-09-30 21:57:00,0.62,2,Small,2,0.82,Standard,Normal,0,3.07,44,39.09,11.08,39.09,677,1,0,31584.0,5.49,2.27,7,1.45,1,1,1,0,0,20.0,18,37,21,57.0,20.0,0,0,Do Not Batch,Customer Distance Too High,110.95,0.0,2,2,0,2,2,0,0.0,Scooter,2026-09-30,21
497,2026-09-19 17:15:00,Burger King,Fast Food,Society_12,16,2026-09-19 17:31:00,1.41,5,Large,6,5.7,Standard,Normal,0,4.29,35,37.38,8.36,37.38,804,1,0,13630.0,3.5,9.61,8,5.7,0,1,1,0,0,20.0,15,19,18,39.0,20.0,0,0,Do Not Batch,Order Size/Item Incompatibility,81.34,0.0,2,2,0,2,2,0,0.0,Scooter,2026-09-19,17
498,2026-09-12 03:51:00,Theobroma,Bakery,Society_28,34,2026-09-12 04:25:00,2.66,8,Small,5,0.84,Standard,Normal,0,0.2,40,45.27,9.04,45.27,731,1,0,23146.0,1.4,1.8,9,0.96,1,1,1,0,1,20.0,26,25,26,45.0,20.0,0,0,Do Not Batch,Restaurant Ready-Time Gap,102.83000000000001,0.0,2,2,0,2,2,0,0.0,Bike,2026-09-12,3
499,2026-09-28 14:39:00,Burger King,Fast Food,Society_33,22,2026-09-28 15:01:00,3.88,9,Small,6,0.63,Standard,Normal,0,1.9,46,50.64,10.06,50.64,814,1,0,34451.0,0.99,2.12,10,1.49,1,1,1,0,1,20.0,26,22,26,42.0,20.0,0,0,Do Not Batch,Restaurant Ready-Time Gap,90.11,0.0,2,2,0,2,2,0,0.0,Bike,2026-09-28,14
500,2026-09-28 12:32:00,Subway,Fast Food,Society_45,25,2026-09-28 12:57:00,3.15,8,Small,2,0.97,Standard,Normal,0,0.91,44,51.44,12.7,51.44,647,1,0,33539.0,1.17,5.01,6,4.04,1,1,1,0,1,20.0,22,29,24,49.0,20.0,0,0,Do Not Batch,Restaurant Ready-Time Gap,106.58,0.0,2,2,0,2,2,0,0.0,Scooter,2026-09-28,12
501,2026-09-14 23:17:00,McDonald's,Fast Food,Society_50,26,2026-09-14 23:43:00,0.5,2,Small,3,1.17,Standard,Priority,50,4.34,32,32.69,13.46,32.69,156,1,0,18694.0,5.3,4.44,7,3.27,1,1,0,0,0,20.0,14,17,14,37.0,20.0,0,0,Do Not Batch,Priority Order,71.09,0.0,2,2,0,2,2,0,0.0,Bike,2026-09-14,23
502,2026-09-13 06:54:00,McDonald's,Fast Food,Society_09,9,2026-09-13 07:03:00,1.54,5,Small,5,1.25,Standard,Normal,0,0.31,43,37.23,5.61,37.23,636,1,0,8006.0,2.04,1.61,11,1.25,1,1,1,0,1,20.0,19,22,19,42.0,20.0,0,0,Do Not Batch,Restaurant Ready-Time Gap,78.99,0.0,2,2,0,2,2,0,0.0,Bike,2026-09-13,6
503,2026-09-15 06:25:00,Domino's Pizza,Pizza,Society_17,9,2026-09-15 06:34:00,2.32,6,Medium,3,2.52,Standard,Normal,0,1.28,36,43.94,7.33,43.94,367,1,0,17149.0,1.57,3.67,9,2.52,1,1,1,0,1,20.0,20,14,23,34.0,20.0,0,0,Do Not Batch,Restaurant Ready-Time Gap,79.99,0.0,2,2,0,2,2,0,0.0,Scooter,2026-09-15,6
504,2026-09-08 12:07:00,Pizza Hut,Pizza,Society_38,38,2026-09-08 12:45:00,4.93,17,Small,5,1.37,Temperature-Sensitive,Normal,0,4.34,58,52.95,8.67,52.95,793,1,0,991.0,2.28,2.07,6,1.37,1,1,1,0,1,20.0,35,16,36,36.0,20.0,0,0,Do Not Batch,Restaurant Ready-Time Gap,96.41,0.0,2,2,0,2,2,0,0.0,Scooter,2026-09-08,12
505,2026-09-07 22:39:00,Domino's Pizza,Pizza,Society_19,25,2026-09-07 23:04:00,1.68,5,Medium,5,2.32,Standard,Normal,0,2.64,43,39.46,7.22,39.46,1154,1,0,2893.0,2.06,2.73,7,2.32,1,1,1,0,1,20.0,21,24,23,44.0,20.0,0,0,Do Not Batch,Restaurant Ready-Time Gap,85.48,0.0,2,2,0,2,2,0,0.0,Bike,2026-09-07,22
506,2026-09-11 00:24:00,Burger King,Fast Food,Society_25,13,2026-09-11 00:37:00,4.39,14,Large,1,5.97,Standard,Normal,0,2.38,53,52.2,11.68,52.2,627,1,0,7397.0,4.69,6.5,5,5.97,0,1,1,0,0,20.0,25,23,25,43.0,20.0,0,0,Do Not Batch,Order Size/Item Incompatibility,91.64,0.0,2,2,0,2,2,0,0.0,Bike,2026-09-11,0
507,2026-09-19 07:05:00,McDonald's,Fast Food,Society_22,23,2026-09-19 07:28:00,3.3,11,Small,3,0.65,Fragile,Normal,0,2.02,56,44.9,14.26,44.9,19,1,0,12618.0,1.08,1.96,8,1.31,1,0,1,0,1,20.0,25,40,28,60.0,20.0,0,0,Do Not Batch,Order Size/Item Incompatibility,118.97999999999999,0.0,2,2,0,2,2,0,0.0,Bike,2026-09-19,7
508,2026-09-20 19:16:00,Theobroma,Bakery,Society_50,9,2026-09-20 19:25:00,3.23,9,Small,6,1.08,Fragile,Normal,0,4.14,51,50.16,9.89,50.16,1157,1,0,4774.0,4.15,3.29,10,2.21,1,1,1,0,0,20.0,27,20,29,40.0,20.0,0,0,Do Not Batch,Customer Distance Too High,104.00999999999999,0.0,2,2,0,2,2,0,0.0,Bike,2026-09-20,19
509,2026-09-20 15:43:00,Burger King,Fast Food,Society_34,19,2026-09-20 16:02:00,3.05,7,Small,3,0.33,Standard,Normal,0,0.72,42,48.76,10.15,48.76,445,1,0,7592.0,2.67,1.1,9,0.77,1,1,1,0,1,20.0,18,19,20,39.0,20.0,0,0,Do Not Batch,Restaurant Ready-Time Gap,90.86,0.0,2,2,0,2,2,0,0.0,Bike,2026-09-20,15
510,2026-09-06 01:44:00,Domino's Pizza,Pizza,Society_04,17,2026-09-06 02:01:00,4.97,11,Large,3,5.44,Spill-Risk,Normal,0,0.2,45,58.21,9.77,58.21,998,1,0,4801.0,4.19,7.97,6,5.44,0,1,1,0,0,20.0,28,38,31,58.0,20.0,0,0,Do Not Batch,Order Size/Item Incompatibility,125.66999999999999,0.0,2,2,0,2,2,0,0.0,Bike,2026-09-06,1
511,2026-09-26 15:10:00,Haldiram's,Indian,Society_15,32,2026-09-26 15:42:00,4.13,14,Medium,3,2.68,Standard,Normal,0,1.53,58,55.71,10.28,55.71,774,1,0,31629.0,4.72,3.07,8,2.68,1,1,0,0,0,20.0,26,19,26,39.0,20.0,0,0,Do Not Batch,Priority Order,103.06,0.0,2,2,0,2,2,0,0.0,Bike,2026-09-26,15
512,2026-09-05 06:19:00,Wow! Momo,Fast Food,Society_03,26,2026-09-05 06:45:00,7.28,16,Small,3,0.51,Standard,Normal,0,3.22,58,68.39,7.72,68.39,1168,1,0,1403.0,2.62,4.83,8,4.32,1,1,1,0,1,20.0,29,13,29,33.0,20.0,0,0,Do Not Batch,Restaurant Ready-Time Gap,106.09,0.0,2,2,0,2,2,0,0.0,Scooter,2026-09-05,6
513,2026-09-08 02:28:00,Burger King,Fast Food,Society_33,26,2026-09-08 02:54:00,0.71,3,Small,5,1.13,Standard,Normal,0,5.21,39,31.8,10.54,31.8,5,1,0,31145.0,2.06,2.38,8,1.25,1,1,0,0,1,20.0,14,19,14,39.0,20.0,0,0,Do Not Batch,Priority Order,69.2,0.0,2,2,0,2,2,0,0.0,Scooter,2026-09-08,2
514,2026-09-14 22:24:00,Domino's Pizza,Pizza,Society_13,26,2026-09-14 22:50:00,2.61,8,Small,5,0.47,Standard,Normal,0,2.0,40,45.48,14.31,45.48,1204,1,0,20856.0,2.59,1.23,8,0.76,1,1,1,0,1,20.0,26,40,26,60.0,20.0,0,0,Do Not Batch,Restaurant Ready-Time Gap,115.57,0.0,2,2,0,2,2,0,0.0,Bike,2026-09-14,22
515,2026-09-07 00:55:00,Wow! Momo,Fast Food,Society_08,25,2026-09-07 01:20:00,3.33,10,Medium,3,2.45,Standard,Normal,0,0.2,54,49.72,14.15,49.72,1057,1,0,3625.0,2.37,3.43,4,2.45,1,1,1,0,1,20.0,25,17,27,37.0,20.0,0,0,Do Not Batch,Restaurant Ready-Time Gap,91.34,0.0,2,2,0,2,2,0,0.0,Bike,2026-09-07,0
516,2026-09-16 00:19:00,KFC,Fast Food,Society_44,12,2026-09-16 00:31:00,1.01,4,Medium,3,2.27,Standard,Normal,0,2.92,46,35.47,11.62,35.47,213,1,0,20337.0,0.2,4.42,6,2.27,1,1,1,0,1,20.0,22,27,23,47.0,20.0,0,0,Do Not Batch,Restaurant Ready-Time Gap,81.65,0.0,2,2,0,2,2,0,0.0,Bike,2026-09-16,0
517,2026-09-26 17:07:00,Theobroma,Bakery,Society_16,15,2026-09-26 17:22:00,3.67,13,Medium,6,1.8,Fragile,Priority,50,1.36,49,53.84,13.67,53.84,1400,1,0,1186.0,4.67,4.2,7,2.4,1,1,0,0,0,20.0,30,31,32,51.0,20.0,0,0,Do Not Batch,Priority Order,120.83,0.0,2,2,0,2,2,0,0.0,Bike,2026-09-26,17
518,2026-09-18 20:24:00,Haldiram's,Indian,Society_05,23,2026-09-18 20:47:00,7.03,16,Medium,6,2.28,Fragile,Normal,0,2.71,55,64.99,12.5,64.99,449,1,0,6203.0,2.84,4.85,11,2.57,1,1,1,0,1,20.0,34,22,36,42.0,20.0,0,0,Do Not Batch,Restaurant Ready-Time Gap,102.42999999999999,0.0,2,2,0,2,2,0,0.0,Bike,2026-09-18,20
519,2026-09-18 04:14:00,Subway,Fast Food,Society_46,18,2026-09-18 04:32:00,7.45,18,Large,4,3.86,Standard,Normal,0,4.49,59,72.89,11.04,72.89,641,1,0,7384.0,0.87,9.57,6,5.71,0,1,0,0,1,20.0,32,26,35,46.0,20.0,0,0,Do Not Batch,Priority Order,117.91,0.0,2,2,0,2,2,0,0.0,Bike,2026-09-18,4
520,2026-09-29 21:49:00,Domino's Pizza,Pizza,Society_37,39,2026-09-29 22:28:00,3.78,13,Small,5,1.48,Standard,Normal,0,3.77,57,52.66,13.55,52.66,487,1,0,18963.0,0.2,2.22,8,1.48,1,1,0,0,1,20.0,28,16,30,36.0,20.0,0,0,Do Not Batch,Priority Order,95.75,0.0,2,2,0,2,2,0,0.0,Bike,2026-09-29,21
521,2026-09-20 21:04:00,KFC,Fast Food,Society_43,36,2026-09-20 21:40:00,0.87,3,Small,5,1.0,Standard,Normal,0,0.2,33,36.68,12.15,36.68,1150,1,0,1678.0,0.2,1.49,10,1.0,1,1,1,0,1,20.0,19,25,19,45.0,20.0,0,0,Do Not Batch,Restaurant Ready-Time Gap,84.67,0.0,2,2,0,2,2,0,0.0,Bike,2026-09-20,21
522,2026-09-29 07:40:00,Biryani Blues,Indian,Society_03,29,2026-09-29 08:09:00,2.3,6,Small,4,0.34,Standard,Normal,0,0.55,40,46.75,13.39,46.75,1412,1,0,1536.0,3.58,0.9,8,0.56,1,1,1,0,0,20.0,20,23,23,43.0,20.0,0,0,Do Not Batch,Customer Distance Too High,94.72,0.0,2,2,0,2,2,0,0.0,Bike,2026-09-29,7
523,2026-09-17 23:49:00,Theobroma,Bakery,Society_41,28,2026-09-18 00:17:00,1.33,3,Medium,3,3.19,Standard,Priority,50,4.12,47,41.34,10.12,41.34,720,1,0,14116.0,1.63,7.71,5,4.52,0,1,0,0,1,20.0,13,21,16,41.0,20.0,0,0,Do Not Batch,Priority Order,77.9,0.0,2,2,0,2,2,0,0.0,Scooter,2026-09-17,23
524,2026-09-21 19:37:00,Subway,Fast Food,Society_06,13,2026-09-21 19:50:00,0.5,2,Small,2,0.65,Standard,Normal,0,4.71,43,38.29,6.94,38.29,775,1,0,5925.0,1.86,1.92,7,1.27,1,1,1,0,1,20.0,20,19,23,39.0,20.0,0,0,Do Not Batch,Restaurant Ready-Time Gap,79.89,0.0,2,2,0,2,2,0,0.0,Scooter,2026-09-21,19
525,2026-09-19 01:31:00,McDonald's,Fast Food,Society_17,40,2026-09-19 02:11:00,8.64,21,Small,1,0.35,Standard,Normal,0,6.7,63,77.78,7.1,77.78,679,1,0,10853.0,3.18,1.36,6,1.01,1,1,1,0,0,20.0,32,30,35,50.0,20.0,0,0,Do Not Batch,Customer Distance Too High,150.32999999999998,0.0,2,2,0,2,2,0,0.0,Bike,2026-09-19,1
526,2026-09-22 19:40:00,McDonald's,Fast Food,Society_12,26,2026-09-22 20:06:00,1.11,4,Small,6,0.88,Fragile,Priority,50,2.03,48,36.87,9.08,36.87,534,1,0,2867.0,1.78,1.66,12,0.88,1,1,0,0,1,20.0,20,24,23,44.0,20.0,0,0,Do Not Batch,Priority Order,81.8,0.0,2,2,0,2,2,0,0.0,Bike,2026-09-22,19
527,2026-09-07 07:38:00,Burger King,Fast Food,Society_38,27,2026-09-07 08:05:00,4.67,16,Large,1,5.43,Standard,Normal,0,1.78,52,51.37,7.45,51.37,256,1,0,6038.0,3.27,8.01,2,5.43,0,1,1,0,0,20.0,33,21,33,41.0,20.0,0,0,Do Not Batch,Order Size/Item Incompatibility,94.18,0.0,2,2,0,2,2,0,0.0,Bike,2026-09-07,7
528,2026-09-11 06:06:00,Pizza Hut,Pizza,Society_01,35,2026-09-11 06:41:00,10.06,25,Large,6,3.24,Temperature-Sensitive,Normal,0,1.88,56,85.21,12.73,85.21,254,1,0,8300.0,2.63,4.96,12,3.24,1,1,1,0,1,20.0,42,18,43,38.0,20.0,0,0,Do Not Batch,Restaurant Ready-Time Gap,123.91999999999999,0.0,2,2,0,2,2,0,0.0,Scooter,2026-09-11,6
529,2026-09-27 19:49:00,Burger King,Fast Food,Society_23,14,2026-09-27 20:03:00,5.97,20,Small,5,1.0,Standard,Normal,0,5.44,58,59.16,8.81,59.16,1407,1,0,8956.0,2.38,1.86,11,1.0,1,1,1,0,1,20.0,30,44,31,64.0,20.0,0,0,Do Not Batch,Restaurant Ready-Time Gap,134.57,0.0,2,2,0,2,2,0,0.0,Bike,2026-09-27,19
530,2026-09-13 18:50:00,Pizza Hut,Pizza,Society_07,28,2026-09-13 19:18:00,3.12,9,Medium,2,3.22,Temperature-Sensitive,Normal,0,1.54,42,46.12,6.29,46.12,353,1,0,1171.0,0.3,7.75,8,4.53,0,1,1,0,1,20.0,28,21,31,41.0,20.0,0,0,Do Not Batch,Order Size/Item Incompatibility,91.33,0.0,2,2,0,2,2,0,0.0,Bike,2026-09-13,18
531,2026-10-01 00:23:00,Domino's Pizza,Pizza,Society_03,18,2026-10-01 00:41:00,2.98,7,Small,2,0.58,Standard,Normal,0,2.55,49,45.72,9.11,45.72,1196,1,0,26014.0,1.35,1.35,6,0.77,1,1,1,0,1,20.0,23,20,24,40.0,20.0,0,0,Do Not Batch,Restaurant Ready-Time Gap,94.75,0.0,2,2,0,2,2,0,0.0,Scooter,2026-10-01,0
532,2026-09-03 02:09:00,Theobroma,Bakery,Society_08,29,2026-09-03 02:38:00,4.87,14,Medium,4,2.31,Standard,Normal,0,1.56,56,53.45,11.87,53.45,1153,1,0,22453.0,3.34,3.16,10,2.31,1,1,1,0,0,20.0,32,33,34,53.0,20.0,0,0,Do Not Batch,Customer Distance Too High,120.57000000000001,0.0,2,2,0,2,2,0,0.0,Scooter,2026-09-03,2
533,2026-09-30 08:35:00,Subway,Fast Food,Society_23,31,2026-09-30 09:06:00,0.82,3,Small,6,0.66,Standard,Priority,50,3.6,40,32.6,13.21,32.6,1274,1,0,8456.0,1.55,1.73,9,1.07,1,1,0,0,1,20.0,15,26,16,46.0,20.0,0,0,Do Not Batch,Priority Order,78.59,0.0,2,2,0,2,2,0,0.0,Bike,2026-09-30,8
534,2026-09-24 19:30:00,McDonald's,Fast Food,Society_10,23,2026-09-24 19:53:00,2.04,5,Small,6,0.78,Standard,Normal,0,1.18,41,44.93,13.01,44.93,1026,1,0,21830.0,4.19,2.39,8,1.61,1,1,1,0,0,20.0,22,30,24,50.0,20.0,0,0,Do Not Batch,Customer Distance Too High,94.28,0.0,2,2,0,2,2,0,0.0,Scooter,2026-09-24,19
535,2026-09-17 04:09:00,Theobroma,Bakery,Society_21,27,2026-09-17 04:36:00,1.87,6,Small,2,0.75,Spill-Risk,Normal,0,3.43,49,43.57,7.69,43.57,1353,1,0,2540.0,5.78,1.32,6,0.75,1,1,0,0,0,20.0,23,28,23,48.0,20.0,0,0,Do Not Batch,Priority Order,108.50999999999999,0.0,2,2,0,2,2,0,0.0,Scooter,2026-09-17,4
536,2026-09-11 00:33:00,Biryani Blues,Indian,Society_35,16,2026-09-11 00:49:00,2.9,9,Small,3,0.84,Standard,Normal,0,5.25,44,43.52,6.76,43.52,542,1,0,16710.0,3.42,1.91,8,1.07,1,1,0,0,0,20.0,27,34,30,54.0,20.0,0,0,Do Not Batch,Priority Order,110.31,0.0,2,2,0,2,2,0,0.0,Scooter,2026-09-11,0
537,2026-09-30 20:58:00,Burger King,Fast Food,Society_37,20,2026-09-30 21:18:00,1.02,3,Medium,4,1.79,Temperature-Sensitive,Normal,0,1.42,40,33.22,9.81,33.22,527,1,0,33913.0,4.59,7.22,5,5.43,0,1,1,0,0,20.0,20,27,22,47.0,20.0,0,0,Do Not Batch,Order Size/Item Incompatibility,84.59,0.0,2,2,0,2,2,0,0.0,Scooter,2026-09-30,20
538,2026-09-06 15:07:00,Burger King,Fast Food,Society_15,8,2026-09-06 15:15:00,8.78,27,Small,1,0.6,Standard,Normal,0,4.35,58,72.74,11.83,72.74,658,1,0,12410.0,3.51,1.94,6,1.34,1,1,1,0,0,20.0,41,26,41,46.0,20.0,0,0,Do Not Batch,Customer Distance Too High,116.72,0.0,2,2,0,2,2,0,0.0,Bike,2026-09-06,15
539,2026-09-09 20:30:00,KFC,Fast Food,Society_43,17,2026-09-09 20:47:00,0.81,2,Large,2,3.57,Standard,Normal,0,3.4,40,32.43,13.01,32.43,112,1,0,738.0,1.75,4.08,5,3.57,1,1,1,0,1,20.0,16,30,16,50.0,20.0,0,0,Do Not Batch,Restaurant Ready-Time Gap,86.21000000000001,0.0,2,2,0,2,2,0,0.0,Bike,2026-09-09,20
540,2026-09-16 23:29:00,Haldiram's,Indian,Society_22,27,2026-09-16 23:56:00,2.75,6,Medium,2,1.9,Temperature-Sensitive,Normal,0,0.37,39,43.99,12.31,43.99,916,1,0,15735.0,2.78,5.91,4,4.01,1,1,1,0,1,20.0,18,36,21,56.0,20.0,0,0,Do Not Batch,Restaurant Ready-Time Gap,105.85,0.0,2,2,0,2,2,0,0.0,Bike,2026-09-16,23
541,2026-09-09 20:55:00,KFC,Fast Food,Society_26,32,2026-09-09 21:27:00,3.77,9,Small,1,0.33,Standard,Normal,0,6.53,44,54.62,8.74,54.62,1345,1,0,14426.0,5.32,2.01,4,1.68,1,1,1,0,0,20.0,24,19,25,39.0,20.0,0,0,Do Not Batch,Customer Distance Too High,111.19,0.0,2,2,0,2,2,0,0.0,Scooter,2026-09-09,20
542,2026-09-22 14:51:00,Biryani Blues,Indian,Society_06,28,2026-09-22 15:19:00,7.27,22,Small,5,1.07,Standard,Priority,50,3.9,66,66.79,12.81,66.79,1021,1,0,26065.0,1.77,3.62,10,2.55,1,1,0,0,1,20.0,41,25,41,45.0,20.0,0,0,Do Not Batch,Priority Order,121.44,0.0,2,2,0,2,2,0,0.0,Scooter,2026-09-22,14
543,2026-10-01 09:54:00,Theobroma,Bakery,Society_19,32,2026-10-01 10:26:00,3.09,9,Small,2,1.34,Standard,Normal,0,2.18,47,50.95,5.91,50.95,634,1,0,16612.0,1.04,1.81,7,1.34,1,1,1,0,1,20.0,21,20,22,40.0,20.0,0,0,Do Not Batch,Restaurant Ready-Time Gap,88.03,0.0,2,2,0,2,2,0,0.0,Bike,2026-10-01,9
544,2026-09-23 05:34:00,Biryani Blues,Indian,Society_06,13,2026-09-23 05:47:00,2.56,9,Medium,2,1.66,Standard,Normal,0,2.64,39,42.69,12.31,42.69,1388,1,0,6164.0,0.91,5.71,3,4.05,1,1,1,0,1,20.0,20,27,21,47.0,20.0,0,0,Do Not Batch,Restaurant Ready-Time Gap,97.61,0.0,2,2,0,2,2,0,0.0,Scooter,2026-09-23,5
545,2026-09-15 23:11:00,Subway,Fast Food,Society_26,18,2026-09-15 23:29:00,1.75,6,Small,4,0.46,Standard,Normal,0,0.24,43,41.41,11.89,41.41,579,1,0,17522.0,2.2,1.76,8,1.3,1,1,1,0,1,20.0,22,26,23,46.0,20.0,0,0,Do Not Batch,Restaurant Ready-Time Gap,84.18,0.0,2,2,0,2,2,0,0.0,Scooter,2026-09-15,23
546,2026-09-13 09:54:00,Biryani Blues,Indian,Society_10,13,2026-09-13 10:07:00,4.37,10,Medium,1,1.49,Standard,Normal,0,2.29,55,51.24,12.61,51.24,923,1,0,11518.0,1.1,2.41,5,1.49,1,1,1,0,1,20.0,29,22,31,42.0,20.0,0,0,Do Not Batch,Restaurant Ready-Time Gap,88.58000000000001,0.0,2,2,0,2,2,0,0.0,Bike,2026-09-13,9
547,2026-09-21 14:44:00,Subway,Fast Food,Society_34,8,2026-09-21 14:52:00,5.37,15,Small,4,1.17,Temperature-Sensitive,Normal,0,3.54,54,62.65,12.61,62.65,469,1,0,15175.0,4.84,1.56,10,1.17,1,1,1,0,0,20.0,27,25,28,45.0,20.0,0,0,Do Not Batch,Customer Distance Too High,119.03999999999999,0.0,2,2,0,2,2,0,0.0,Scooter,2026-09-21,14
548,2026-09-10 18:51:00,Biryani Blues,Indian,Society_18,8,2026-09-10 18:59:00,2.36,6,Small,5,1.14,Spill-Risk,Normal,0,0.39,38,45.48,11.77,45.48,375,1,0,5088.0,2.8,2.34,7,1.2,1,0,1,0,1,20.0,19,38,20,58.0,20.0,0,0,Do Not Batch,Order Size/Item Incompatibility,107.58,0.0,2,2,0,2,2,0,0.0,Bike,2026-09-10,18
549,2026-09-19 10:01:00,Wow! Momo,Fast Food,Society_30,8,2026-09-19 10:09:00,1.3,3,Medium,3,3.3,Spill-Risk,Priority,50,4.1,40,35.95,6.3,35.95,1395,1,0,9454.0,3.86,4.34,4,3.3,1,1,0,0,0,20.0,22,22,22,42.0,20.0,0,0,Do Not Batch,Priority Order,78.04,0.0,2,2,0,2,2,0,0.0,Bike,2026-09-19,10
550,2026-09-13 14:15:00,Wow! Momo,Fast Food,Society_37,19,2026-09-13 14:34:00,2.78,7,Small,4,0.68,Standard,Normal,0,0.28,52,48.43,5.63,48.43,1406,1,0,25431.0,2.08,2.42,5,1.74,1,1,1,0,1,20.0,24,25,27,45.0,20.0,0,0,Do Not Batch,Restaurant Ready-Time Gap,96.17,0.0,2,2,0,2,2,0,0.0,Scooter,2026-09-13,14
551,2026-09-20 20:21:00,Pizza Hut,Pizza,Society_34,13,2026-09-20 20:34:00,2.77,7,Medium,3,1.28,Standard,Normal,0,1.95,38,48.22,6.28,48.22,157,1,0,6637.0,0.9,2.88,7,1.6,1,1,1,0,1,20.0,17,20,19,40.0,20.0,0,0,Do Not Batch,Restaurant Ready-Time Gap,96.97999999999999,0.0,2,2,0,2,2,0,0.0,Scooter,2026-09-20,20
552,2026-09-22 14:25:00,Pizza Hut,Pizza,Society_40,28,2026-09-22 14:53:00,2.84,9,Medium,5,2.4,Spill-Risk,Normal,0,1.3,44,42.43,13.29,42.43,680,1,0,19353.0,0.67,7.65,9,5.25,0,1,1,0,1,20.0,27,20,28,40.0,20.0,0,0,Do Not Batch,Order Size/Item Incompatibility,75.50999999999999,0.0,2,2,0,2,2,0,0.0,Bike,2026-09-22,14
553,2026-09-07 04:48:00,Haldiram's,Indian,Society_23,9,2026-09-07 04:57:00,2.98,10,Small,6,1.49,Spill-Risk,Normal,0,0.2,52,49.78,14.46,49.78,643,1,0,5400.0,1.23,6.15,10,4.66,0,1,1,0,1,20.0,25,19,28,39.0,20.0,0,0,Do Not Batch,Order Size/Item Incompatibility,83.43,0.0,2,2,0,2,2,0,0.0,Bike,2026-09-07,4
554,2026-09-21 05:46:00,Haldiram's,Indian,Society_30,20,2026-09-21 06:06:00,3.68,11,Small,1,1.14,Standard,Normal,0,3.37,45,53.0,6.26,53.0,1340,1,0,8315.0,2.99,2.2,5,1.14,1,1,1,0,1,20.0,22,40,23,60.0,20.0,0,0,Do Not Batch,Restaurant Ready-Time Gap,131.98000000000002,0.0,2,2,0,2,2,0,0.0,Scooter,2026-09-21,5
555,2026-09-11 06:19:00,Subway,Fast Food,Society_26,19,2026-09-11 06:38:00,0.93,3,Medium,4,3.36,Standard,Normal,0,2.83,43,32.86,5.12,32.86,547,1,0,14894.0,3.23,4.53,8,3.36,1,1,1,0,0,20.0,15,29,16,49.0,20.0,0,0,Do Not Batch,Customer Distance Too High,95.50999999999999,0.0,2,2,0,2,2,0,0.0,Scooter,2026-09-11,6
556,2026-09-17 10:46:00,Burger King,Fast Food,Society_06,32,2026-09-17 11:18:00,4.27,10,Medium,3,3.12,Standard,Normal,0,3.08,42,51.61,10.31,51.61,1043,1,0,6270.0,3.34,4.39,7,3.12,1,1,1,0,0,20.0,24,26,24,46.0,20.0,0,0,Do Not Batch,Customer Distance Too High,106.64,0.0,2,2,0,2,2,0,0.0,Bike,2026-09-17,10
557,2026-09-18 21:06:00,Biryani Blues,Indian,Society_28,24,2026-09-18 21:30:00,2.04,5,Small,5,0.92,Spill-Risk,Normal,0,2.27,37,39.45,9.37,39.45,592,1,0,16103.0,0.42,1.8,11,0.92,1,1,1,0,1,20.0,20,13,23,33.0,20.0,0,0,Do Not Batch,Restaurant Ready-Time Gap,76.32,0.0,2,2,0,2,2,0,0.0,Bike,2026-09-18,21
558,2026-09-17 09:13:00,Theobroma,Bakery,Society_12,30,2026-09-17 09:43:00,0.5,2,Small,3,0.92,Standard,Normal,0,4.49,32,32.56,9.92,32.56,1393,1,1,2440.0,0.11,4.51,7,3.59,1,1,1,0,1,20.0,20,35,20,55.0,20.0,0,0,Do Not Batch,Restaurant Ready-Time Gap,93.53,0.0,2,2,0,2,2,0,0.0,Scooter,2026-09-17,9
559,2026-09-13 18:11:00,Theobroma,Bakery,Society_29,23,2026-09-13 18:34:00,1.47,5,Medium,3,3.01,Standard,Normal,0,3.65,47,42.12,8.56,42.12,196,1,0,11796.0,1.06,5.89,5,3.01,1,1,1,0,1,20.0,16,29,16,49.0,20.0,0,0,Do Not Batch,Restaurant Ready-Time Gap,91.46000000000001,0.0,2,2,0,2,2,0,0.0,Scooter,2026-09-13,18
560,2026-09-29 14:21:00,Domino's Pizza,Pizza,Society_08,21,2026-09-29 14:42:00,0.5,2,Large,3,4.36,Standard,Normal,0,2.79,47,31.83,12.46,31.83,170,1,0,31974.0,3.06,5.29,6,4.36,1,1,1,0,0,20.0,16,41,17,61.0,20.0,0,0,Do Not Batch,Customer Distance Too High,110.42,0.0,2,2,0,2,2,0,0.0,Bike,2026-09-29,14
561,2026-09-13 05:11:00,Subway,Fast Food,Society_11,20,2026-09-13 05:31:00,4.91,14,Medium,5,1.91,Standard,Normal,0,0.2,56,56.15,5.22,56.15,1126,1,0,15389.0,3.17,3.94,7,2.03,1,1,1,0,0,20.0,30,22,31,42.0,20.0,0,0,Do Not Batch,Customer Distance Too High,103.41,0.0,2,2,0,2,2,0,0.0,Scooter,2026-09-13,5
562,2026-09-04 01:42:00,Domino's Pizza,Pizza,Society_48,21,2026-09-04 02:03:00,3.02,8,Small,5,1.01,Standard,Priority,50,2.23,51,45.04,7.78,45.04,1386,1,0,23458.0,0.86,4.27,9,3.26,1,1,0,0,1,20.0,24,15,25,35.0,20.0,0,0,Do Not Batch,Priority Order,81.36,0.0,2,2,0,2,2,0,0.0,Bike,2026-09-04,1
563,2026-09-12 04:56:00,Wow! Momo,Fast Food,Society_40,17,2026-09-12 05:13:00,8.42,29,Small,1,0.54,Spill-Risk,Normal,0,3.75,69,77.73,6.01,77.73,917,1,0,14830.0,3.86,3.88,6,3.34,1,0,1,0,0,20.0,42,22,45,42.0,20.0,0,0,Do Not Batch,Order Size/Item Incompatibility,114.33000000000001,0.0,2,2,0,2,2,0,0.0,Scooter,2026-09-12,4
564,2026-09-19 11:09:00,KFC,Fast Food,Society_15,16,2026-09-19 11:25:00,3.37,12,Medium,5,1.21,Standard,Priority,50,3.22,45,50.61,12.66,50.61,1421,1,0,14659.0,5.77,1.86,7,1.21,1,1,0,0,0,20.0,24,28,27,48.0,20.0,0,0,Do Not Batch,Priority Order,108.86,0.0,2,2,0,2,2,0,0.0,Scooter,2026-09-19,11
565,2026-09-18 02:36:00,Haldiram's,Indian,Society_16,18,2026-09-18 02:54:00,4.5,10,Small,1,0.68,Standard,Normal,0,3.66,52,57.88,13.84,57.88,978,1,0,8711.0,3.67,1.99,4,1.31,1,1,1,0,0,20.0,27,25,30,45.0,20.0,0,0,Do Not Batch,Customer Distance Too High,104.53,0.0,2,2,0,2,2,0,0.0,Bike,2026-09-18,2
566,2026-09-12 05:55:00,Wow! Momo,Fast Food,Society_08,23,2026-09-12 06:18:00,2.64,8,Small,5,1.09,Standard,Normal,0,3.7,46,45.44,8.92,45.44,318,1,0,183.0,2.27,1.83,8,1.09,1,1,0,0,1,20.0,19,27,22,47.0,20.0,0,0,Do Not Batch,Priority Order,96.77,0.0,2,2,0,2,2,0,0.0,Bike,2026-09-12,5
567,2026-09-30 21:51:00,Subway,Fast Food,Society_33,10,2026-09-30 22:01:00,0.56,2,Small,5,0.64,Temperature-Sensitive,Normal,0,5.12,45,37.67,10.95,37.67,356,1,0,33508.0,2.06,1.96,6,1.32,1,1,1,0,1,20.0,16,39,17,59.0,20.0,0,0,Do Not Batch,Restaurant Ready-Time Gap,115.87,0.0,2,2,0,2,2,0,0.0,Scooter,2026-09-30,21
568,2026-09-23 03:09:00,Domino's Pizza,Pizza,Society_14,28,2026-09-23 03:37:00,3.97,9,Small,5,0.41,Standard,Normal,0,3.29,48,53.29,5.67,53.29,1500,1,0,27497.0,2.21,1.23,7,0.82,1,1,1,0,1,20.0,28,25,29,45.0,20.0,0,0,Do Not Batch,Restaurant Ready-Time Gap,101.53999999999999,0.0,2,2,0,2,2,0,0.0,Scooter,2026-09-23,3
569,2026-09-10 23:42:00,Domino's Pizza,Pizza,Society_05,18,2026-09-11 00:00:00,3.65,8,Medium,4,2.32,Standard,Priority,50,0.98,49,49.4,8.88,49.4,181,1,0,7168.0,1.43,3.7,8,2.32,1,1,0,0,1,20.0,22,25,22,45.0,20.0,0,0,Do Not Batch,Priority Order,98.67,0.0,2,2,0,2,2,0,0.0,Bike,2026-09-10,23
570,2026-09-30 05:13:00,Domino's Pizza,Pizza,Society_31,16,2026-09-30 05:29:00,1.35,5,Small,2,0.49,Standard,Normal,0,0.71,35,41.19,6.38,41.19,14,1,0,38918.0,2.85,2.09,3,1.6,1,1,1,0,1,20.0,15,18,16,38.0,20.0,0,0,Do Not Batch,Restaurant Ready-Time Gap,80.46000000000001,0.0,2,2,0,2,2,0,0.0,Scooter,2026-09-30,5
571,2026-09-02 17:00:00,McDonald's,Fast Food,Society_09,8,2026-09-02 17:08:00,3.65,9,Medium,5,2.9,Standard,Normal,0,0.64,53,49.6,12.14,49.6,803,1,0,26335.0,0.91,3.86,10,2.9,1,1,1,0,1,20.0,25,17,28,37.0,20.0,0,0,Do Not Batch,Restaurant Ready-Time Gap,90.61,0.0,2,2,0,2,2,0,0.0,Bike,2026-09-02,17
572,2026-09-20 19:13:00,Haldiram's,Indian,Society_01,8,2026-09-20 19:21:00,2.73,8,Small,1,0.49,Standard,Normal,0,4.07,39,42.5,7.33,42.5,207,1,0,26772.0,0.2,1.3,6,0.81,1,1,1,0,1,20.0,21,21,23,41.0,20.0,0,0,Do Not Batch,Restaurant Ready-Time Gap,82.5,0.0,2,2,0,2,2,0,0.0,Scooter,2026-09-20,19
573,2026-09-20 05:49:00,Wow! Momo,Fast Food,Society_47,31,2026-09-20 06:20:00,2.82,9,Medium,1,3.18,Standard,Normal,0,3.1,44,45.37,7.89,45.37,512,1,0,21575.0,2.81,3.69,4,3.18,1,1,1,0,1,20.0,28,31,29,51.0,20.0,0,0,Do Not Batch,Restaurant Ready-Time Gap,113.75999999999999,0.0,2,2,0,2,2,0,0.0,Bike,2026-09-20,5
574,2026-09-11 23:06:00,KFC,Fast Food,Society_37,19,2026-09-11 23:25:00,10.4,29,Small,5,0.96,Standard,Normal,0,1.14,74,80.73,12.19,80.73,564,1,0,10800.0,2.53,2.17,10,1.21,1,1,0,0,1,20.0,40,29,43,49.0,20.0,0,0,Do Not Batch,Priority Order,131.34,0.0,2,2,0,2,2,0,0.0,Scooter,2026-09-11,23
575,2026-09-26 13:54:00,Subway,Fast Food,Society_06,13,2026-09-26 14:07:00,2.8,7,Small,2,0.49,Fragile,Normal,0,2.36,39,49.58,6.36,49.58,90,1,0,23423.0,1.7,2.7,3,2.21,1,0,1,0,1,20.0,24,29,24,49.0,20.0,0,0,Do Not Batch,Order Size/Item Incompatibility,109.78999999999999,0.0,2,2,0,2,2,0,0.0,Scooter,2026-09-26,13
576,2026-09-13 17:18:00,Domino's Pizza,Pizza,Society_17,22,2026-09-13 17:40:00,1.38,4,Small,4,1.5,Temperature-Sensitive,Priority,50,1.87,39,40.39,9.17,40.39,149,1,0,13923.0,0.7,2.68,7,1.5,1,1,0,0,1,20.0,17,24,18,44.0,20.0,0,0,Do Not Batch,Priority Order,91.25999999999999,0.0,2,2,0,2,2,0,0.0,Scooter,2026-09-13,17
577,2026-09-12 20:44:00,Biryani Blues,Indian,Society_07,26,2026-09-12 21:10:00,11.21,38,Small,3,0.65,Standard,Normal,0,1.31,70,87.73,8.5,87.73,1262,1,0,1236.0,2.91,6.42,7,5.77,0,1,1,0,1,20.0,48,16,50,36.0,20.0,0,0,Do Not Batch,Order Size/Item Incompatibility,128.43,0.0,2,2,0,2,2,0,0.0,Bike,2026-09-12,20
578,2026-09-24 05:55:00,Biryani Blues,Indian,Society_35,41,2026-09-24 06:36:00,7.9,22,Medium,2,2.36,Standard,Normal,0,2.55,61,74.27,5.64,74.27,719,1,0,27861.0,1.11,5.09,6,2.73,1,1,1,0,1,20.0,39,34,42,54.0,20.0,0,0,Do Not Batch,Restaurant Ready-Time Gap,145.93,0.0,2,2,0,2,2,0,0.0,Scooter,2026-09-24,5
579,2026-09-03 19:19:00,Subway,Fast Food,Society_24,8,2026-09-03 19:27:00,2.71,7,Small,4,1.3,Standard,Normal,0,0.48,49,42.77,13.06,42.77,957,1,0,20253.0,2.31,2.53,7,1.3,1,1,0,0,1,20.0,23,30,24,50.0,20.0,0,0,Do Not Batch,Priority Order,106.33000000000001,0.0,2,2,0,2,2,0,0.0,Bike,2026-09-03,19
580,2026-09-15 22:47:00,Wow! Momo,Fast Food,Society_12,14,2026-09-15 23:01:00,0.5,2,Medium,4,1.57,Standard,Normal,0,0.95,47,35.44,12.61,35.44,1251,1,0,13593.0,4.97,1.9,5,1.57,1,1,1,0,0,20.0,14,22,17,42.0,20.0,0,0,Do Not Batch,Customer Distance Too High,91.28,0.0,2,2,0,2,2,0,0.0,Bike,2026-09-15,22
581,2026-09-21 17:30:00,Subway,Fast Food,Society_25,23,2026-09-21 17:53:00,3.64,13,Small,3,0.73,Standard,Normal,0,4.85,56,51.57,10.23,51.57,129,1,0,14727.0,3.41,1.64,7,0.91,1,1,1,0,0,20.0,25,27,27,47.0,20.0,0,0,Do Not Batch,Customer Distance Too High,117.36000000000001,0.0,2,2,0,2,2,0,0.0,Scooter,2026-09-21,17
582,2026-09-30 12:01:00,Theobroma,Bakery,Society_22,17,2026-09-30 12:18:00,1.59,4,Small,1,1.39,Fragile,Normal,0,2.72,45,40.23,12.05,40.23,299,1,0,11645.0,0.58,3.32,6,1.93,1,1,1,0,1,20.0,20,19,22,39.0,20.0,0,0,Do Not Batch,Restaurant Ready-Time Gap,76.21,0.0,2,2,0,2,2,0,0.0,Bike,2026-09-30,12
583,2026-09-30 18:04:00,Pizza Hut,Pizza,Society_08,27,2026-09-30 18:31:00,1.56,5,Medium,4,1.91,Standard,Normal,0,2.38,44,42.97,5.58,42.97,1403,1,0,6217.0,0.72,3.4,9,1.91,1,1,1,0,1,20.0,16,30,16,50.0,20.0,0,0,Do Not Batch,Restaurant Ready-Time Gap,92.38,0.0,2,2,0,2,2,0,0.0,Bike,2026-09-30,18
584,2026-09-24 16:49:00,Biryani Blues,Indian,Society_40,21,2026-09-24 17:10:00,1.9,6,Small,2,0.45,Standard,Normal,0,5.07,41,41.35,14.92,41.35,719,1,0,28495.0,2.71,3.18,6,2.73,1,1,1,0,1,20.0,20,34,22,54.0,20.0,0,0,Do Not Batch,Restaurant Ready-Time Gap,113.00999999999999,0.0,2,2,0,2,2,0,0.0,Scooter,2026-09-24,16
585,2026-09-08 14:07:00,Wow! Momo,Fast Food,Society_44,14,2026-09-08 14:21:00,1.58,5,Small,5,1.03,Standard,Normal,0,4.45,39,41.98,8.14,41.98,261,1,0,26398.0,0.57,2.2,6,1.17,1,1,1,0,1,20.0,21,31,22,51.0,20.0,0,0,Do Not Batch,Restaurant Ready-Time Gap,108.69999999999999,0.0,2,2,0,2,2,0,0.0,Scooter,2026-09-08,14
586,2026-09-19 16:45:00,KFC,Fast Food,Society_38,29,2026-09-19 17:14:00,1.53,4,Small,1,1.0,Standard,Normal,0,3.13,47,41.89,11.67,41.89,1000,1,0,3049.0,0.2,2.64,2,1.64,1,1,1,0,1,20.0,19,32,21,52.0,20.0,0,0,Do Not Batch,Restaurant Ready-Time Gap,99.11,0.0,2,2,0,2,2,0,0.0,Scooter,2026-09-19,16
587,2026-09-22 15:00:00,Haldiram's,Indian,Society_18,28,2026-09-22 15:28:00,3.13,8,Small,4,0.59,Fragile,Normal,0,2.58,51,47.16,5.45,47.16,1470,1,0,25008.0,3.25,0.96,8,0.59,1,1,1,0,0,20.0,27,22,28,42.0,20.0,0,0,Do Not Batch,Customer Distance Too High,83.83,0.0,2,2,0,2,2,0,0.0,Bike,2026-09-22,15
588,2026-09-18 06:00:00,Subway,Fast Food,Society_07,11,2026-09-18 06:11:00,1.93,5,Small,5,0.38,Standard,Normal,0,2.45,45,44.19,13.61,44.19,84,1,0,10969.0,2.95,1.26,7,0.88,1,1,1,0,1,20.0,21,18,22,38.0,20.0,0,0,Do Not Batch,Restaurant Ready-Time Gap,87.52,0.0,2,2,0,2,2,0,0.0,Bike,2026-09-18,6
589,2026-09-22 09:23:00,Biryani Blues,Indian,Society_11,34,2026-09-22 09:57:00,0.5,2,Large,5,3.67,Standard,Priority,50,2.08,46,31.86,13.17,31.86,1077,1,0,5451.0,3.13,4.49,11,3.67,1,1,0,0,0,20.0,13,23,16,43.0,20.0,0,0,Do Not Batch,Priority Order,78.71000000000001,0.0,2,2,0,2,2,0,0.0,Scooter,2026-09-22,9
590,2026-09-22 15:12:00,Pizza Hut,Pizza,Society_04,16,2026-09-22 15:28:00,2.75,9,Small,6,1.14,Standard,Normal,0,2.41,52,48.4,14.8,48.4,1358,1,0,10496.0,2.87,2.57,9,1.43,1,1,1,0,1,20.0,25,17,26,37.0,20.0,0,0,Do Not Batch,Restaurant Ready-Time Gap,91.61,0.0,2,2,0,2,2,0,0.0,Scooter,2026-09-22,15
591,2026-09-24 18:51:00,Haldiram's,Indian,Society_50,18,2026-09-24 19:09:00,1.41,4,Large,1,3.47,Standard,Normal,0,4.91,47,40.55,6.12,40.55,820,1,0,16229.0,2.41,6.67,4,3.47,0,1,1,0,1,20.0,15,23,16,43.0,20.0,0,0,Do Not Batch,Order Size/Item Incompatibility,87.81,0.0,2,2,0,2,2,0,0.0,Bike,2026-09-24,18
592,2026-09-30 01:21:00,Biryani Blues,Indian,Society_49,32,2026-09-30 01:53:00,0.86,3,Small,6,0.88,Standard,Normal,0,2.03,45,36.87,10.27,36.87,1160,1,0,10321.0,1.57,2.62,7,1.74,1,1,1,0,1,20.0,19,14,19,34.0,20.0,0,0,Do Not Batch,Restaurant Ready-Time Gap,73.64,0.0,2,2,0,2,2,0,0.0,Bike,2026-09-30,1
593,2026-09-25 14:40:00,Subway,Fast Food,Society_06,19,2026-09-25 14:59:00,3.5,12,Small,4,0.43,Standard,Normal,0,4.07,55,51.88,5.63,51.88,1459,1,0,3425.0,3.22,1.85,8,1.42,1,1,1,0,0,20.0,29,19,32,39.0,20.0,0,0,Do Not Batch,Customer Distance Too High,91.2,0.0,2,2,0,2,2,0,0.0,Bike,2026-09-25,14
594,2026-09-06 21:44:00,Wow! Momo,Fast Food,Society_28,34,2026-09-06 22:18:00,2.08,6,Small,5,1.34,Spill-Risk,Priority,50,0.2,45,43.02,7.75,43.02,563,1,0,7615.0,4.64,1.88,6,1.34,1,0,0,0,0,20.0,25,39,26,59.0,20.0,0,0,Do Not Batch,Priority Order,120.75,0.0,2,2,0,2,2,0,0.0,Bike,2026-09-06,21
595,2026-09-03 10:33:00,Haldiram's,Indian,Society_09,8,2026-09-03 10:41:00,4.69,15,Medium,2,1.98,Spill-Risk,Normal,0,3.08,53,56.74,10.92,56.74,602,1,0,27407.0,1.8,2.32,6,1.98,1,1,0,0,1,20.0,32,22,32,42.0,20.0,0,0,Do Not Batch,Priority Order,97.37,0.0,2,2,0,2,2,0,0.0,Scooter,2026-09-03,10
596,2026-09-15 09:33:00,Haldiram's,Indian,Society_22,23,2026-09-15 09:56:00,6.96,24,Small,5,0.82,Standard,Normal,0,0.2,66,67.95,8.33,67.95,853,1,0,12020.0,1.07,2.24,9,1.42,1,1,1,0,1,20.0,38,24,41,44.0,20.0,0,0,Do Not Batch,Restaurant Ready-Time Gap,112.15,0.0,2,2,0,2,2,0,0.0,Scooter,2026-09-15,9
597,2026-09-29 15:35:00,Theobroma,Bakery,Society_04,39,2026-09-29 16:14:00,1.36,4,Large,2,4.54,Standard,Normal,0,0.2,45,42.41,12.91,42.41,43,1,0,10746.0,0.91,6.56,6,4.54,0,1,1,0,1,20.0,20,22,22,42.0,20.0,0,0,Do Not Batch,Order Size/Item Incompatibility,81.9,0.0,2,2,0,2,2,0,0.0,Scooter,2026-09-29,15
598,2026-09-23 14:03:00,Wow! Momo,Fast Food,Society_33,20,2026-09-23 14:23:00,8.22,25,Medium,1,2.13,Standard,Normal,0,2.8,60,76.52,9.58,76.52,1248,1,0,21927.0,1.29,5.46,3,3.33,1,1,0,0,1,20.0,42,18,43,38.0,20.0,0,0,Do Not Batch,Priority Order,126.05,0.0,2,2,0,2,2,0,0.0,Bike,2026-09-23,14
599,2026-09-27 04:52:00,KFC,Fast Food,Society_19,23,2026-09-27 05:15:00,2.37,7,Medium,3,3.03,Standard,Normal,0,0.2,40,46.31,8.68,46.31,46,1,0,158.0,2.78,3.71,7,3.03,1,1,1,0,1,20.0,20,38,22,58.0,20.0,0,0,Do Not Batch,Restaurant Ready-Time Gap,117.57000000000001,0.0,2,2,0,2,2,0,0.0,Bike,2026-09-27,4
600,2026-09-30 16:41:00,Haldiram's,Indian,Society_12,24,2026-09-30 17:05:00,1.26,3,Small,5,0.77,Standard,Normal,0,1.27,42,42.18,6.38,42.18,413,1,0,23506.0,0.2,1.19,10,0.77,1,1,0,0,1,20.0,14,22,17,42.0,20.0,0,0,Do Not Batch,Priority Order,98.85,0.0,2,2,0,2,2,0,0.0,Bike,2026-09-30,16
601,2026-09-19 20:42:00,Subway,Fast Food,Society_40,46,2026-09-19 21:28:00,0.5,2,Small,2,0.67,Standard,Normal,0,3.39,33,38.03,12.11,38.03,1241,1,0,10439.0,3.11,1.16,3,0.67,1,1,1,0,0,20.0,18,29,21,49.0,20.0,0,0,Do Not Batch,Customer Distance Too High,88.28999999999999,0.0,2,2,0,2,2,0,0.0,Bike,2026-09-19,20
602,2026-09-22 11:06:00,Haldiram's,Indian,Society_27,22,2026-09-22 11:28:00,1.85,6,Small,4,0.34,Standard,Priority,50,4.53,48,40.63,10.17,40.63,83,1,0,12959.0,3.4,1.54,5,1.2,1,1,0,0,0,20.0,16,17,16,37.0,20.0,0,0,Do Not Batch,Priority Order,81.47,0.0,2,2,0,2,2,0,0.0,Scooter,2026-09-22,11
603,2026-09-08 17:29:00,Wow! Momo,Fast Food,Society_45,27,2026-09-08 17:56:00,4.61,16,Medium,6,2.28,Standard,Normal,0,2.07,50,57.47,5.41,57.47,629,1,0,18384.0,0.2,7.33,8,5.05,0,1,1,0,1,20.0,27,16,28,36.0,20.0,0,0,Do Not Batch,Order Size/Item Incompatibility,96.88,0.0,2,2,0,2,2,0,0.0,Scooter,2026-09-08,17
604,2026-09-16 01:59:00,Wow! Momo,Fast Food,Society_06,13,2026-09-16 02:12:00,5.31,13,Small,3,1.28,Standard,Normal,0,2.9,54,55.81,6.25,55.81,734,1,0,18659.0,1.13,2.7,4,1.42,1,1,1,0,1,20.0,32,36,33,56.0,20.0,0,0,Do Not Batch,Restaurant Ready-Time Gap,113.22,0.0,2,2,0,2,2,0,0.0,Bike,2026-09-16,1
605,2026-09-02 19:19:00,Haldiram's,Indian,Society_03,15,2026-09-02 19:34:00,1.98,5,Small,4,1.43,Standard,Normal,0,2.68,42,42.72,14.86,42.72,834,1,0,26615.0,2.61,2.1,9,1.43,1,1,1,0,1,20.0,21,26,21,46.0,20.0,0,0,Do Not Batch,Restaurant Ready-Time Gap,88.97,0.0,2,2,0,2,2,0,0.0,Bike,2026-09-02,19
606,2026-09-03 23:31:00,Wow! Momo,Fast Food,Society_20,18,2026-09-03 23:49:00,1.75,4,Large,6,5.89,Standard,Normal,0,0.32,34,38.71,12.46,38.71,905,1,0,18562.0,2.3,7.95,7,5.89,0,1,1,0,1,20.0,23,14,25,34.0,20.0,0,0,Do Not Batch,Order Size/Item Incompatibility,80.64,0.0,2,2,0,2,2,0,0.0,Bike,2026-09-03,23
607,2026-09-07 09:41:00,Haldiram's,Indian,Society_42,29,2026-09-07 10:10:00,1.55,5,Small,5,0.73,Temperature-Sensitive,Normal,0,2.52,42,40.81,9.2,40.81,22,1,0,20763.0,3.23,3.67,8,2.94,1,1,1,0,0,20.0,15,25,18,45.0,20.0,0,0,Do Not Batch,Customer Distance Too High,101.89,0.0,2,2,0,2,2,0,0.0,Bike,2026-09-07,9
608,2026-09-06 11:32:00,Theobroma,Bakery,Society_47,26,2026-09-06 11:58:00,3.87,12,Small,1,1.07,Standard,Normal,0,3.32,46,49.9,7.4,49.9,295,1,0,3489.0,2.3,2.13,2,1.07,1,1,1,0,1,20.0,28,16,28,36.0,20.0,0,0,Do Not Batch,Restaurant Ready-Time Gap,94.18,0.0,2,2,0,2,2,0,0.0,Scooter,2026-09-06,11
609,2026-09-20 04:25:00,McDonald's,Fast Food,Society_36,20,2026-09-20 04:45:00,3.98,11,Medium,1,2.43,Standard,Normal,0,3.53,52,54.07,11.22,54.07,721,1,0,14368.0,4.27,3.54,3,2.43,1,1,1,0,0,20.0,25,18,28,38.0,20.0,0,0,Do Not Batch,Customer Distance Too High,100.89,0.0,2,2,0,2,2,0,0.0,Bike,2026-09-20,4
610,2026-09-08 07:45:00,Domino's Pizza,Pizza,Society_13,18,2026-09-08 08:03:00,4.42,13,Small,1,0.44,Standard,Normal,0,2.71,47,52.59,14.84,52.59,101,1,0,1702.0,2.05,0.97,6,0.53,1,1,1,0,1,20.0,25,29,27,49.0,20.0,0,0,Do Not Batch,Restaurant Ready-Time Gap,102.92,0.0,2,2,0,2,2,0,0.0,Bike,2026-09-08,7
611,2026-09-10 11:07:00,Domino's Pizza,Pizza,Society_31,31,2026-09-10 11:38:00,3.21,9,Medium,6,3.41,Standard,Normal,0,2.55,39,44.66,10.01,44.66,560,1,0,27544.0,1.12,7.77,9,4.36,0,1,1,0,1,20.0,20,19,22,39.0,20.0,0,0,Do Not Batch,Order Size/Item Incompatibility,76.49,0.0,2,2,0,2,2,0,0.0,Bike,2026-09-10,11
612,2026-09-19 00:42:00,Biryani Blues,Indian,Society_35,30,2026-09-19 01:12:00,0.85,3,Small,3,1.06,Standard,Normal,0,1.53,35,34.23,12.9,34.23,1084,1,0,20213.0,1.01,2.48,4,1.42,1,1,1,0,1,20.0,19,24,21,44.0,20.0,0,0,Do Not Batch,Restaurant Ready-Time Gap,77.3,0.0,2,2,0,2,2,0,0.0,Scooter,2026-09-19,0
613,2026-09-11 14:50:00,Pizza Hut,Pizza,Society_25,9,2026-09-11 14:59:00,1.46,4,Large,4,4.56,Standard,Normal,0,0.92,45,37.09,5.56,37.09,932,1,0,11029.0,3.53,10.41,10,5.85,0,1,1,0,0,20.0,22,32,23,52.0,20.0,0,0,Do Not Batch,Order Size/Item Incompatibility,94.34,0.0,2,2,0,2,2,0,0.0,Scooter,2026-09-11,14
614,2026-09-06 02:42:00,Wow! Momo,Fast Food,Society_21,21,2026-09-06 03:03:00,3.65,10,Medium,2,2.8,Standard,Normal,0,0.94,53,53.57,9.89,53.57,1425,1,0,34671.0,2.54,3.77,4,2.8,1,1,1,0,1,20.0,28,25,31,45.0,20.0,0,0,Do Not Batch,Restaurant Ready-Time Gap,107.87,0.0,2,2,0,2,2,0,0.0,Scooter,2026-09-06,2
615,2026-09-29 16:44:00,Subway,Fast Food,Society_25,32,2026-09-29 17:16:00,3.08,8,Small,6,0.69,Standard,Normal,0,1.17,50,47.46,11.87,47.46,95,1,0,15114.0,3.39,4.0,11,3.31,1,1,1,0,0,20.0,27,22,30,42.0,20.0,0,0,Do Not Batch,Customer Distance Too High,87.14,0.0,2,2,0,2,2,0,0.0,Bike,2026-09-29,16
616,2026-09-19 03:51:00,Wow! Momo,Fast Food,Society_16,15,2026-09-19 04:06:00,4.58,10,Small,6,0.56,Standard,Normal,0,3.51,46,51.51,13.11,51.51,72,1,0,9616.0,3.36,0.9,8,0.56,1,1,1,0,0,20.0,29,28,29,48.0,20.0,0,0,Do Not Batch,Customer Distance Too High,105.9,0.0,2,2,0,2,2,0,0.0,Scooter,2026-09-19,3
617,2026-09-02 19:39:00,Domino's Pizza,Pizza,Society_36,11,2026-09-02 19:50:00,4.99,11,Small,5,1.17,Standard,Normal,0,4.33,48,56.18,7.22,56.18,192,1,0,17988.0,0.2,1.98,9,1.17,1,1,1,0,1,20.0,28,36,31,56.0,20.0,0,0,Do Not Batch,Restaurant Ready-Time Gap,116.8,0.0,2,2,0,2,2,0,0.0,Scooter,2026-09-02,19
618,2026-09-16 05:26:00,McDonald's,Fast Food,Society_27,34,2026-09-16 06:00:00,5.81,16,Large,4,3.08,Spill-Risk,Normal,0,4.7,53,57.56,6.8,57.56,1258,1,0,16181.0,0.9,5.09,10,3.08,1,0,0,0,1,20.0,27,20,28,40.0,20.0,0,0,Do Not Batch,Priority Order,105.77000000000001,0.0,2,2,0,2,2,0,0.0,Bike,2026-09-16,5
619,2026-09-03 01:29:00,Pizza Hut,Pizza,Society_43,16,2026-09-03 01:45:00,3.99,9,Small,3,0.97,Fragile,Normal,0,1.75,49,50.8,7.5,50.8,528,1,0,11816.0,1.07,4.21,9,3.24,1,1,1,0,1,20.0,19,37,19,57.0,20.0,0,0,Do Not Batch,Restaurant Ready-Time Gap,136.01,0.0,2,2,0,2,2,0,0.0,Bike,2026-09-03,1
620,2026-09-07 07:03:00,Biryani Blues,Indian,Society_47,31,2026-09-07 07:34:00,1.0,4,Large,3,3.62,Standard,Normal,0,5.42,48,39.13,9.41,39.13,88,1,0,1294.0,1.36,4.32,9,3.62,1,1,1,0,1,20.0,21,25,23,45.0,20.0,0,0,Do Not Batch,Restaurant Ready-Time Gap,76.77000000000001,0.0,2,2,0,2,2,0,0.0,Bike,2026-09-07,7
621,2026-09-22 13:16:00,Theobroma,Bakery,Society_03,26,2026-09-22 13:42:00,0.97,3,Medium,3,2.75,Standard,Normal,0,3.36,37,36.02,9.07,36.02,94,1,0,5494.0,1.91,5.94,7,3.19,1,1,1,0,1,20.0,14,32,17,52.0,20.0,0,0,Do Not Batch,Restaurant Ready-Time Gap,96.51,0.0,2,2,0,2,2,0,0.0,Scooter,2026-09-22,13
622,2026-09-01 20:15:00,Pizza Hut,Pizza,Society_27,25,2026-09-01 20:40:00,2.32,7,Small,3,0.5,Fragile,Normal,0,2.97,43,46.24,9.19,46.24,1436,1,0,27143.0,3.9,3.03,5,2.53,1,1,1,0,0,20.0,20,18,21,38.0,20.0,0,0,Do Not Batch,Customer Distance Too High,94.45,0.0,2,2,0,2,2,0,0.0,Bike,2026-09-01,20
623,2026-09-08 04:31:00,Wow! Momo,Fast Food,Society_13,22,2026-09-08 04:53:00,0.5,2,Medium,4,3.0,Standard,Normal,0,2.44,43,36.06,9.09,36.06,894,1,0,10608.0,4.18,4.21,5,3.0,1,1,0,0,0,20.0,15,21,16,41.0,20.0,0,0,Do Not Batch,Priority Order,80.67,0.0,2,2,0,2,2,0,0.0,Bike,2026-09-08,4
624,2026-09-10 11:16:00,McDonald's,Fast Food,Society_37,34,2026-09-10 11:50:00,4.41,14,Small,3,1.1,Standard,Normal,0,0.2,58,51.93,12.27,51.93,1232,1,0,10736.0,2.09,6.1,9,5.0,0,1,1,0,1,20.0,25,22,28,42.0,20.0,0,0,Do Not Batch,Order Size/Item Incompatibility,93.67,0.0,2,2,0,2,2,0,0.0,Bike,2026-09-10,11
625,2026-09-14 11:10:00,Biryani Blues,Indian,Society_22,14,2026-09-14 11:24:00,0.5,2,Small,3,0.97,Standard,Normal,0,2.07,35,32.09,10.08,32.09,1221,1,0,9270.0,2.15,1.79,9,0.97,1,1,0,0,1,20.0,15,21,16,41.0,20.0,0,0,Do Not Batch,Priority Order,73.99000000000001,0.0,2,2,0,2,2,0,0.0,Bike,2026-09-14,11
626,2026-09-24 09:17:00,Theobroma,Bakery,Society_45,17,2026-09-24 09:34:00,5.92,13,Large,5,4.79,Standard,Normal,0,3.67,49,64.99,10.49,64.99,372,1,0,6914.0,1.51,5.64,10,4.79,1,1,1,0,1,20.0,29,16,31,36.0,20.0,0,0,Do Not Batch,Restaurant Ready-Time Gap,109.72,0.0,2,2,0,2,2,0,0.0,Bike,2026-09-24,9
627,2026-09-05 20:52:00,Burger King,Fast Food,Society_17,28,2026-09-05 21:20:00,1.92,6,Small,4,0.53,Standard,Normal,0,3.27,39,39.44,5.01,39.44,509,1,0,21282.0,2.62,0.86,7,0.53,1,1,1,0,1,20.0,21,22,24,42.0,20.0,0,0,Do Not Batch,Restaurant Ready-Time Gap,88.19999999999999,0.0,2,2,0,2,2,0,0.0,Scooter,2026-09-05,20
628,2026-09-17 16:57:00,Biryani Blues,Indian,Society_36,9,2026-09-17 17:06:00,2.14,5,Small,1,0.98,Standard,Normal,0,2.76,42,43.71,6.46,43.71,625,1,0,4662.0,2.78,1.95,4,0.98,1,1,1,0,1,20.0,24,17,27,37.0,20.0,0,0,Do Not Batch,Restaurant Ready-Time Gap,75.80000000000001,0.0,2,2,0,2,2,0,0.0,Scooter,2026-09-17,16
629,2026-09-21 12:04:00,Wow! Momo,Fast Food,Society_04,16,2026-09-21 12:20:00,0.8,3,Large,2,5.05,Standard,Normal,0,0.2,46,39.41,14.09,39.41,1206,1,0,13870.0,3.63,7.41,4,5.05,0,1,1,0,0,20.0,18,22,21,42.0,20.0,0,0,Do Not Batch,Order Size/Item Incompatibility,91.68,0.0,2,2,0,2,2,0,0.0,Bike,2026-09-21,12
630,2026-09-26 16:13:00,Haldiram's,Indian,Society_45,19,2026-09-26 16:32:00,1.73,5,Large,5,5.94,Fragile,Normal,0,3.04,44,37.55,7.91,37.55,712,1,0,11558.0,3.62,7.05,7,5.94,0,1,1,0,0,20.0,18,19,18,39.0,20.0,0,0,Do Not Batch,Order Size/Item Incompatibility,78.94999999999999,0.0,2,2,0,2,2,0,0.0,Scooter,2026-09-26,16
631,2026-09-07 08:00:00,Pizza Hut,Pizza,Society_02,22,2026-09-07 08:22:00,0.5,2,Small,4,1.08,Standard,Normal,0,2.4,39,34.63,12.36,34.63,708,1,0,12696.0,0.2,1.71,6,1.08,1,1,1,0,1,20.0,13,26,15,46.0,20.0,0,0,Do Not Batch,Restaurant Ready-Time Gap,83.59,0.0,2,2,0,2,2,0,0.0,Bike,2026-09-07,8
632,2026-09-25 17:00:00,Burger King,Fast Food,Society_34,15,2026-09-25 17:15:00,1.66,5,Medium,1,1.7,Standard,Normal,0,2.7,35,38.04,7.54,38.04,499,1,0,4186.0,2.29,2.33,7,1.7,1,1,1,0,1,20.0,19,20,20,40.0,20.0,0,0,Do Not Batch,Restaurant Ready-Time Gap,88.68,0.0,2,2,0,2,2,0,0.0,Scooter,2026-09-25,17
633,2026-09-26 06:15:00,Haldiram's,Indian,Society_45,17,2026-09-26 06:32:00,3.28,8,Large,2,5.97,Temperature-Sensitive,Normal,0,1.42,38,47.93,11.34,47.93,768,1,0,20010.0,4.44,6.42,5,5.97,0,1,1,0,0,20.0,20,30,23,50.0,20.0,0,0,Do Not Batch,Order Size/Item Incompatibility,107.18,0.0,2,2,0,2,2,0,0.0,Bike,2026-09-26,6
634,2026-09-19 21:18:00,Theobroma,Bakery,Society_40,16,2026-09-19 21:34:00,1.63,5,Small,5,0.47,Standard,Normal,0,1.09,37,37.08,14.46,37.08,299,1,0,3639.0,1.89,2.4,10,1.93,1,1,1,0,1,20.0,17,20,20,40.0,20.0,0,0,Do Not Batch,Restaurant Ready-Time Gap,73.06,0.0,2,2,0,2,2,0,0.0,Bike,2026-09-19,21
635,2026-09-06 22:45:00,McDonald's,Fast Food,Society_27,11,2026-09-06 22:56:00,4.93,15,Medium,4,1.37,Standard,Normal,0,4.23,54,59.4,9.9,59.4,915,1,0,6391.0,4.09,2.6,9,1.37,1,1,1,0,0,20.0,28,30,29,50.0,20.0,0,0,Do Not Batch,Customer Distance Too High,115.06,0.0,2,2,0,2,2,0,0.0,Bike,2026-09-06,22
636,2026-09-07 17:28:00,McDonald's,Fast Food,Society_06,9,2026-09-07 17:37:00,2.52,8,Small,6,0.36,Standard,Normal,0,1.71,40,41.76,6.34,41.76,1427,1,0,22198.0,2.07,6.1,7,5.74,0,1,1,0,1,20.0,22,22,24,42.0,20.0,0,0,Do Not Batch,Order Size/Item Incompatibility,80.11,0.0,2,2,0,2,2,0,0.0,Scooter,2026-09-07,17
637,2026-09-26 21:05:00,McDonald's,Fast Food,Society_46,17,2026-09-26 21:22:00,3.93,9,Small,6,1.19,Standard,Normal,0,2.57,46,49.02,5.44,49.02,1332,1,0,4470.0,2.74,4.92,8,3.73,1,1,1,0,1,20.0,20,31,21,51.0,20.0,0,0,Do Not Batch,Restaurant Ready-Time Gap,111.17,0.0,2,2,0,2,2,0,0.0,Bike,2026-09-26,21
638,2026-09-27 14:30:00,Theobroma,Bakery,Society_01,29,2026-09-27 14:59:00,2.74,9,Medium,5,1.77,Fragile,Normal,0,4.55,40,48.58,11.88,48.58,945,1,0,12066.0,0.91,4.03,9,2.26,1,1,1,0,1,20.0,24,24,25,44.0,20.0,0,0,Do Not Batch,Restaurant Ready-Time Gap,85.97,0.0,2,2,0,2,2,0,0.0,Bike,2026-09-27,14
639,2026-09-18 22:08:00,Biryani Blues,Indian,Society_48,20,2026-09-18 22:28:00,4.7,13,Small,5,0.76,Standard,Normal,0,0.87,47,57.01,7.95,57.01,901,1,0,17590.0,0.96,2.76,8,2.0,1,1,1,0,1,20.0,28,34,31,54.0,20.0,0,0,Do Not Batch,Restaurant Ready-Time Gap,115.72999999999999,0.0,2,2,0,2,2,0,0.0,Bike,2026-09-18,22
640,2026-09-11 01:30:00,Haldiram's,Indian,Society_35,19,2026-09-11 01:49:00,6.27,21,Medium,2,1.5,Standard,Normal,0,3.14,51,67.25,8.18,67.25,105,1,0,22158.0,3.52,2.68,3,1.5,1,1,1,0,0,20.0,38,33,38,53.0,20.0,0,0,Do Not Batch,Customer Distance Too High,122.31,0.0,2,2,0,2,2,0,0.0,Scooter,2026-09-11,1
641,2026-09-23 07:10:00,Subway,Fast Food,Society_06,26,2026-09-23 07:36:00,2.83,7,Large,2,5.71,Temperature-Sensitive,Priority,50,0.2,47,45.02,11.0,45.02,524,1,1,2146.0,0.29,6.36,4,5.71,0,1,0,0,1,20.0,18,21,18,41.0,20.0,0,0,Do Not Batch,Priority Order,83.31,0.0,2,2,0,2,2,0,0.0,Bike,2026-09-23,7
642,2026-09-17 04:53:00,Burger King,Fast Food,Society_21,25,2026-09-17 05:18:00,2.56,6,Medium,6,2.81,Standard,Normal,0,1.57,39,45.44,14.48,45.44,1483,1,0,14112.0,2.54,3.87,10,2.81,1,1,1,0,1,20.0,23,22,23,42.0,20.0,0,0,Do Not Batch,Restaurant Ready-Time Gap,101.89,0.0,2,2,0,2,2,0,0.0,Bike,2026-09-17,4
643,2026-09-10 22:35:00,Haldiram's,Indian,Society_14,22,2026-09-10 22:57:00,0.5,2,Large,4,4.66,Standard,Normal,0,1.66,34,33.65,13.47,33.65,879,1,0,8546.0,0.78,7.8,5,4.66,0,1,1,0,1,20.0,19,23,19,43.0,20.0,0,0,Do Not Batch,Order Size/Item Incompatibility,84.88,0.0,2,2,0,2,2,0,0.0,Scooter,2026-09-10,22
644,2026-09-22 07:45:00,Subway,Fast Food,Society_27,19,2026-09-22 08:04:00,0.7,2,Small,1,0.54,Standard,Normal,0,2.94,44,35.52,14.66,35.52,874,1,0,26768.0,2.56,3.3,7,2.76,1,1,1,0,1,20.0,15,21,15,41.0,20.0,0,0,Do Not Batch,Restaurant Ready-Time Gap,71.59,0.0,2,2,0,2,2,0,0.0,Scooter,2026-09-22,7
645,2026-09-02 20:17:00,Burger King,Fast Food,Society_36,12,2026-09-02 20:29:00,2.8,10,Small,2,0.88,Standard,Normal,0,2.8,51,48.16,9.62,48.16,1379,1,1,3105.0,0.27,2.33,4,1.45,1,1,1,0,1,20.0,26,21,29,41.0,20.0,0,0,Do Not Batch,Restaurant Ready-Time Gap,88.47,0.0,2,2,0,2,2,0,0.0,Scooter,2026-09-02,20
646,2026-09-13 07:56:00,McDonald's,Fast Food,Society_37,16,2026-09-13 08:12:00,1.58,6,Medium,4,2.25,Standard,Normal,0,1.74,41,39.33,12.27,39.33,767,1,0,1356.0,4.94,3.13,6,2.25,1,1,1,0,0,20.0,22,30,22,50.0,20.0,0,0,Do Not Batch,Customer Distance Too High,96.02,0.0,2,2,0,2,2,0,0.0,Bike,2026-09-13,7
647,2026-09-05 05:46:00,Subway,Fast Food,Society_44,12,2026-09-05 05:58:00,5.04,11,Large,4,4.04,Standard,Normal,0,2.9,43,55.14,14.92,55.14,524,1,0,23872.0,2.06,4.69,6,4.04,1,1,1,0,1,20.0,21,20,22,40.0,20.0,0,0,Do Not Batch,Restaurant Ready-Time Gap,93.43,0.0,2,2,0,2,2,0,0.0,Scooter,2026-09-05,5
648,2026-09-14 17:52:00,Theobroma,Bakery,Society_49,22,2026-09-14 18:14:00,5.03,14,Small,6,1.21,Standard,Normal,0,4.4,54,55.32,6.85,55.32,948,1,0,23495.0,0.2,3.13,9,1.92,1,1,1,0,1,20.0,24,31,27,51.0,20.0,0,0,Do Not Batch,Restaurant Ready-Time Gap,113.31,0.0,2,2,0,2,2,0,0.0,Bike,2026-09-14,17
649,2026-09-27 05:50:00,Wow! Momo,Fast Food,Society_36,39,2026-09-27 06:29:00,7.67,19,Small,4,1.43,Standard,Normal,0,0.35,53,68.04,10.02,68.04,563,1,0,21676.0,3.68,1.97,5,1.43,1,1,1,0,0,20.0,36,39,37,59.0,20.0,0,0,Do Not Batch,Customer Distance Too High,145.77,0.0,2,2,0,2,2,0,0.0,Bike,2026-09-27,5
650,2026-09-20 14:40:00,Burger King,Fast Food,Society_35,22,2026-09-20 15:02:00,0.58,2,Small,4,0.99,Temperature-Sensitive,Normal,0,1.98,45,33.34,9.29,33.34,1086,1,0,648.0,2.11,2.05,10,1.06,1,1,1,0,1,20.0,12,27,12,47.0,20.0,0,0,Do Not Batch,Restaurant Ready-Time Gap,83.17,0.0,2,2,0,2,2,0,0.0,Bike,2026-09-20,14
651,2026-09-16 08:14:00,KFC,Fast Food,Society_37,19,2026-09-16 08:33:00,4.16,14,Small,6,0.34,Standard,Normal,0,0.24,50,54.92,5.22,54.92,990,1,0,3833.0,3.82,1.14,7,0.8,1,1,1,0,0,20.0,26,19,28,39.0,20.0,0,0,Do Not Batch,Customer Distance Too High,107.42,0.0,2,2,0,2,2,0,0.0,Bike,2026-09-16,8
652,2026-09-25 00:59:00,Pizza Hut,Pizza,Society_48,32,2026-09-25 01:31:00,5.03,14,Large,3,4.43,Standard,Normal,0,3.59,49,54.1,5.15,54.1,1358,1,0,7013.0,2.89,5.86,6,4.43,1,1,1,0,1,20.0,29,20,29,40.0,20.0,0,0,Do Not Batch,Restaurant Ready-Time Gap,97.31,0.0,2,2,0,2,2,0,0.0,Bike,2026-09-25,0
653,2026-09-13 20:30:00,Burger King,Fast Food,Society_17,34,2026-09-13 21:04:00,1.39,5,Small,2,1.15,Standard,Normal,0,2.03,43,37.89,10.91,37.89,231,1,0,129.0,1.26,3.4,6,2.25,1,1,0,0,1,20.0,22,27,25,47.0,20.0,0,0,Do Not Batch,Priority Order,89.32,0.0,2,2,0,2,2,0,0.0,Scooter,2026-09-13,20
654,2026-09-05 00:30:00,McDonald's,Fast Food,Society_41,22,2026-09-05 00:52:00,5.13,11,Small,5,0.49,Standard,Normal,0,3.75,45,55.23,14.11,55.23,327,1,0,8662.0,2.58,5.24,9,4.75,1,1,1,0,1,20.0,25,22,26,42.0,20.0,0,0,Do Not Batch,Restaurant Ready-Time Gap,92.72,0.0,2,2,0,2,2,0,0.0,Bike,2026-09-05,0
655,2026-09-01 11:46:00,Wow! Momo,Fast Food,Society_30,32,2026-09-01 12:18:00,3.11,10,Small,1,0.8,Spill-Risk,Normal,0,0.2,40,50.13,10.63,50.13,345,1,0,16361.0,4.33,3.76,2,2.96,1,1,1,0,0,20.0,24,22,26,42.0,20.0,0,0,Do Not Batch,Customer Distance Too High,86.11,0.0,2,2,0,2,2,0,0.0,Scooter,2026-09-01,11
656,2026-09-14 10:36:00,Biryani Blues,Indian,Society_18,27,2026-09-14 11:03:00,1.29,4,Small,5,0.54,Temperature-Sensitive,Normal,0,1.76,43,39.04,7.2,39.04,1250,1,0,2920.0,2.29,1.25,11,0.71,1,1,1,0,1,20.0,17,22,19,42.0,20.0,0,0,Do Not Batch,Restaurant Ready-Time Gap,79.16,0.0,2,2,0,2,2,0,0.0,Bike,2026-09-14,10
657,2026-09-02 21:24:00,Theobroma,Bakery,Society_16,24,2026-09-02 21:48:00,1.83,5,Medium,1,1.99,Temperature-Sensitive,Priority,50,4.81,48,37.39,8.28,37.39,33,1,0,36289.0,1.05,2.84,7,1.99,1,1,0,0,1,20.0,18,14,20,34.0,20.0,0,0,Do Not Batch,Priority Order,75.75,0.0,2,2,0,2,2,0,0.0,Scooter,2026-09-02,21
658,2026-09-15 05:51:00,Burger King,Fast Food,Society_27,14,2026-09-15 06:05:00,2.27,7,Small,5,1.34,Standard,Normal,0,1.96,39,43.98,11.47,43.98,645,1,0,17856.0,0.28,2.22,7,1.34,1,1,1,0,1,20.0,23,25,24,45.0,20.0,0,0,Do Not Batch,Restaurant Ready-Time Gap,92.13999999999999,0.0,2,2,0,2,2,0,0.0,Bike,2026-09-15,5
659,2026-09-28 02:40:00,Burger King,Fast Food,Society_45,16,2026-09-28 02:56:00,5.54,17,Small,2,0.87,Standard,Normal,0,0.95,62,55.8,11.61,55.8,1483,1,0,29810.0,1.42,1.93,6,1.06,1,1,1,0,1,20.0,32,23,35,43.0,20.0,0,0,Do Not Batch,Restaurant Ready-Time Gap,112.25,0.0,2,2,0,2,2,0,0.0,Bike,2026-09-28,2
660,2026-09-21 13:26:00,Wow! Momo,Fast Food,Society_28,26,2026-09-21 13:52:00,1.14,4,Small,6,1.11,Standard,Normal,0,2.18,41,36.5,12.42,36.5,1165,1,0,1033.0,1.93,2.62,10,1.51,1,1,1,0,1,20.0,21,20,23,40.0,20.0,0,0,Do Not Batch,Restaurant Ready-Time Gap,71.1,0.0,2,2,0,2,2,0,0.0,Bike,2026-09-21,13
661,2026-09-15 13:48:00,Haldiram's,Indian,Society_50,27,2026-09-15 14:15:00,4.53,11,Medium,5,2.58,Standard,Normal,0,0.52,43,53.77,8.93,53.77,1470,1,0,14855.0,3.65,2.95,9,2.58,1,1,1,0,0,20.0,26,17,27,37.0,20.0,0,0,Do Not Batch,Customer Distance Too High,90.44,0.0,2,2,0,2,2,0,0.0,Scooter,2026-09-15,13
662,2026-09-26 23:23:00,Haldiram's,Indian,Society_46,20,2026-09-26 23:43:00,8.37,28,Large,3,3.97,Standard,Normal,0,3.8,64,73.45,8.25,73.45,1228,1,0,21589.0,0.93,7.11,7,3.97,0,1,1,0,1,20.0,47,16,48,36.0,20.0,0,0,Do Not Batch,Order Size/Item Incompatibility,113.19,0.0,2,2,0,2,2,0,0.0,Scooter,2026-09-26,23
663,2026-09-06 05:28:00,Pizza Hut,Pizza,Society_38,20,2026-09-06 05:48:00,4.15,10,Small,6,1.2,Temperature-Sensitive,Normal,0,4.38,55,54.85,12.04,54.85,8,1,0,35638.0,4.68,2.15,12,1.2,1,1,0,0,0,20.0,26,26,26,46.0,20.0,0,0,Do Not Batch,Priority Order,103.92,0.0,2,2,0,2,2,0,0.0,Scooter,2026-09-06,5
664,2026-09-16 12:50:00,Burger King,Fast Food,Society_08,27,2026-09-16 13:17:00,0.97,3,Small,6,1.02,Spill-Risk,Priority,50,5.24,39,38.74,6.52,38.74,537,1,0,20641.0,0.63,2.81,10,1.79,1,1,0,0,1,20.0,22,15,23,35.0,20.0,0,0,Do Not Batch,Priority Order,71.96000000000001,0.0,2,2,0,2,2,0,0.0,Scooter,2026-09-16,12
665,2026-09-07 00:36:00,Theobroma,Bakery,Society_28,24,2026-09-07 01:00:00,4.69,16,Small,3,1.35,Fragile,Normal,0,1.52,49,55.95,6.0,55.95,1424,1,0,8323.0,5.76,2.35,7,1.35,1,1,1,0,0,20.0,35,18,38,38.0,20.0,0,0,Do Not Batch,Customer Distance Too High,94.13,0.0,2,2,0,2,2,0,0.0,Bike,2026-09-07,0
666,2026-09-25 16:03:00,Burger King,Fast Food,Society_05,13,2026-09-25 16:16:00,1.79,4,Small,4,1.07,Fragile,Priority,50,5.91,40,40.23,10.25,40.23,1043,1,0,18088.0,4.92,2.34,8,1.27,1,1,0,0,0,20.0,18,28,21,48.0,20.0,0,0,Do Not Batch,Priority Order,95.25999999999999,0.0,2,2,0,2,2,0,0.0,Scooter,2026-09-25,16
667,2026-09-23 04:20:00,McDonald's,Fast Food,Society_45,25,2026-09-23 04:45:00,1.96,5,Small,4,0.45,Standard,Normal,0,4.47,47,43.74,14.0,43.74,918,1,0,10617.0,2.7,3.7,6,3.25,1,1,1,0,1,20.0,20,33,22,53.0,20.0,0,0,Do Not Batch,Restaurant Ready-Time Gap,102.37,0.0,2,2,0,2,2,0,0.0,Bike,2026-09-23,4
668,2026-09-08 15:06:00,Haldiram's,Indian,Society_15,30,2026-09-08 15:36:00,2.31,6,Medium,3,1.8,Fragile,Normal,0,1.54,43,43.53,5.32,43.53,882,1,0,30275.0,0.2,5.21,9,3.41,1,1,1,0,1,20.0,16,27,17,47.0,20.0,0,0,Do Not Batch,Restaurant Ready-Time Gap,91.58,0.0,2,2,0,2,2,0,0.0,Scooter,2026-09-08,15
669,2026-09-09 04:53:00,Biryani Blues,Indian,Society_10,17,2026-09-09 05:10:00,3.15,8,Small,4,1.32,Spill-Risk,Normal,0,1.15,41,45.1,14.72,45.1,80,1,0,20403.0,2.42,2.82,6,1.5,1,1,1,0,1,20.0,20,33,21,53.0,20.0,0,0,Do Not Batch,Restaurant Ready-Time Gap,116.41,0.0,2,2,0,2,2,0,0.0,Bike,2026-09-09,4
670,2026-09-30 19:11:00,McDonald's,Fast Food,Society_23,13,2026-09-30 19:24:00,1.22,5,Medium,2,1.59,Standard,Normal,0,3.58,49,38.04,5.94,38.04,822,1,0,35179.0,1.96,3.03,7,1.59,1,1,1,0,1,20.0,22,22,22,42.0,20.0,0,0,Do Not Batch,Restaurant Ready-Time Gap,77.44999999999999,0.0,2,2,0,2,2,0,0.0,Scooter,2026-09-30,19
671,2026-09-26 11:20:00,Haldiram's,Indian,Society_47,23,2026-09-26 11:43:00,1.41,4,Small,1,1.12,Standard,Normal,0,2.46,47,35.17,11.46,35.17,1469,1,0,28359.0,0.72,3.45,3,2.33,1,1,0,0,1,20.0,16,22,16,42.0,20.0,0,0,Do Not Batch,Priority Order,82.61,0.0,2,2,0,2,2,0,0.0,Bike,2026-09-26,11
672,2026-09-21 19:53:00,Haldiram's,Indian,Society_24,32,2026-09-21 20:25:00,4.25,11,Small,1,0.44,Standard,Normal,0,0.52,47,49.5,9.69,49.5,56,1,0,19428.0,2.91,0.97,7,0.53,1,1,1,0,1,20.0,21,18,22,38.0,20.0,0,0,Do Not Batch,Restaurant Ready-Time Gap,84.88,0.0,2,2,0,2,2,0,0.0,Scooter,2026-09-21,19
673,2026-09-27 20:19:00,Haldiram's,Indian,Society_38,16,2026-09-27 20:35:00,2.42,8,Small,1,1.31,Standard,Normal,0,0.2,49,43.44,7.29,43.44,982,1,0,5939.0,1.35,3.49,3,2.18,1,1,1,0,1,20.0,20,29,21,49.0,20.0,0,0,Do Not Batch,Restaurant Ready-Time Gap,103.87,0.0,2,2,0,2,2,0,0.0,Bike,2026-09-27,20
674,2026-09-08 02:16:00,KFC,Fast Food,Society_01,8,2026-09-08 02:24:00,2.54,8,Small,6,1.4,Standard,Normal,0,0.88,39,44.69,9.58,44.69,167,1,0,26995.0,1.5,4.46,10,3.06,1,1,0,0,1,20.0,21,20,22,40.0,20.0,0,0,Do Not Batch,Priority Order,92.47999999999999,0.0,2,2,0,2,2,0,0.0,Scooter,2026-09-08,2
675,2026-09-12 09:36:00,McDonald's,Fast Food,Society_39,8,2026-09-12 09:44:00,1.42,5,Medium,3,2.64,Spill-Risk,Normal,0,0.2,40,40.22,9.95,40.22,822,1,0,8679.0,2.21,4.08,8,2.64,1,1,1,0,1,20.0,22,20,22,40.0,20.0,0,0,Do Not Batch,Restaurant Ready-Time Gap,79.63,0.0,2,2,0,2,2,0,0.0,Bike,2026-09-12,9
676,2026-09-25 15:02:00,KFC,Fast Food,Society_43,24,2026-09-25 15:26:00,2.68,9,Small,1,0.32,Fragile,Normal,0,2.6,42,47.14,12.63,47.14,756,1,0,23322.0,1.7,1.56,3,1.24,1,0,1,0,1,20.0,27,24,27,44.0,20.0,0,0,Do Not Batch,Order Size/Item Incompatibility,104.33,0.0,2,2,0,2,2,0,0.0,Scooter,2026-09-25,15
677,2026-09-08 23:06:00,KFC,Fast Food,Society_47,27,2026-09-08 23:33:00,7.41,21,Small,5,1.45,Spill-Risk,Normal,0,2.62,57,71.86,11.81,71.86,825,1,0,967.0,5.41,5.63,9,4.18,1,1,1,0,0,20.0,34,21,37,41.0,20.0,0,0,Do Not Batch,Customer Distance Too High,123.43,0.0,2,2,0,2,2,0,0.0,Scooter,2026-09-08,23
678,2026-09-11 12:37:00,Haldiram's,Indian,Society_29,19,2026-09-11 12:56:00,3.02,7,Small,5,0.41,Standard,Normal,0,2.73,49,50.04,11.31,50.04,975,1,0,705.0,1.75,2.47,7,2.06,1,1,0,0,1,20.0,23,35,25,55.0,20.0,0,0,Do Not Batch,Priority Order,120.68,0.0,2,2,0,2,2,0,0.0,Scooter,2026-09-11,12
679,2026-09-11 12:48:00,McDonald's,Fast Food,Society_45,30,2026-09-11 13:18:00,7.58,19,Small,5,1.01,Standard,Normal,0,2.14,56,72.55,7.75,72.55,875,1,0,26621.0,3.12,1.83,10,1.01,1,1,1,0,0,20.0,29,36,31,56.0,20.0,0,0,Do Not Batch,Customer Distance Too High,140.74,0.0,2,2,0,2,2,0,0.0,Bike,2026-09-11,12
680,2026-09-09 04:04:00,Pizza Hut,Pizza,Society_02,16,2026-09-09 04:20:00,0.5,2,Large,4,5.25,Standard,Normal,0,2.62,33,33.08,14.26,33.08,925,1,0,26616.0,2.7,7.64,9,5.25,0,1,0,0,1,20.0,20,17,22,37.0,20.0,0,0,Do Not Batch,Priority Order,74.84,0.0,2,2,0,2,2,0,0.0,Bike,2026-09-09,4
681,2026-09-21 04:35:00,Pizza Hut,Pizza,Society_01,12,2026-09-21 04:47:00,4.58,13,Small,1,1.12,Standard,Normal,0,2.27,56,53.97,9.32,53.97,1132,1,0,22873.0,2.99,1.63,3,1.12,1,1,1,0,1,20.0,26,26,28,46.0,20.0,0,0,Do Not Batch,Restaurant Ready-Time Gap,107.69,0.0,2,2,0,2,2,0,0.0,Bike,2026-09-21,4
682,2026-09-27 07:45:00,Subway,Fast Food,Society_25,18,2026-09-27 08:03:00,10.77,36,Medium,2,3.49,Standard,Normal,0,1.94,75,89.78,12.13,89.78,376,1,0,26835.0,3.1,6.62,5,3.49,0,1,1,0,0,20.0,54,21,54,41.0,20.0,0,0,Do Not Batch,Order Size/Item Incompatibility,141.13,0.0,2,2,0,2,2,0,0.0,Bike,2026-09-27,7
683,2026-09-29 03:58:00,Biryani Blues,Indian,Society_17,22,2026-09-29 04:20:00,3.51,10,Small,4,0.72,Spill-Risk,Normal,0,1.86,46,51.46,13.06,51.46,1101,1,0,24402.0,3.73,5.04,10,4.32,1,1,1,0,0,20.0,22,20,22,40.0,20.0,0,0,Do Not Batch,Customer Distance Too High,99.95,0.0,2,2,0,2,2,0,0.0,Bike,2026-09-29,3
684,2026-09-13 16:53:00,KFC,Fast Food,Society_40,20,2026-09-13 17:13:00,3.87,9,Small,4,0.66,Temperature-Sensitive,Normal,0,2.89,49,50.77,10.55,50.77,539,1,0,5546.0,2.87,4.23,6,3.57,1,1,1,0,1,20.0,23,21,24,41.0,20.0,0,0,Do Not Batch,Restaurant Ready-Time Gap,83.2,0.0,2,2,0,2,2,0,0.0,Bike,2026-09-13,16
685,2026-09-17 02:00:00,Subway,Fast Food,Society_15,23,2026-09-17 02:23:00,0.85,3,Medium,4,1.76,Standard,Normal,0,0.2,44,36.89,5.89,36.89,1072,1,0,8969.0,2.81,5.19,9,3.43,1,1,1,0,1,20.0,13,15,16,35.0,20.0,0,0,Do Not Batch,Restaurant Ready-Time Gap,79.2,0.0,2,2,0,2,2,0,0.0,Scooter,2026-09-17,2
686,2026-09-16 05:30:00,McDonald's,Fast Food,Society_36,25,2026-09-16 05:55:00,3.87,10,Small,6,0.78,Spill-Risk,Priority,50,1.68,55,55.15,13.73,55.15,507,1,0,4413.0,2.58,1.43,9,0.78,1,0,0,0,1,20.0,22,30,25,50.0,20.0,0,0,Do Not Batch,Priority Order,100.05,0.0,2,2,0,2,2,0,0.0,Scooter,2026-09-16,5
687,2026-09-18 12:47:00,Pizza Hut,Pizza,Society_26,8,2026-09-18 12:55:00,12.0,29,Small,1,0.82,Standard,Normal,0,1.63,65,95.04,13.88,95.04,590,1,0,5913.0,2.31,1.96,7,1.14,1,1,1,0,1,20.0,43,19,45,39.0,20.0,0,0,Do Not Batch,Restaurant Ready-Time Gap,143.44,0.0,2,2,0,2,2,0,0.0,Scooter,2026-09-18,12
688,2026-09-26 10:00:00,Haldiram's,Indian,Society_43,25,2026-09-26 10:25:00,1.94,5,Small,1,0.97,Standard,Normal,0,4.18,49,42.76,5.53,42.76,420,1,0,34218.0,1.22,1.37,7,0.97,1,1,1,0,1,20.0,20,20,21,40.0,20.0,0,0,Do Not Batch,Restaurant Ready-Time Gap,87.05,0.0,2,2,0,2,2,0,0.0,Bike,2026-09-26,10
689,2026-09-19 15:45:00,Domino's Pizza,Pizza,Society_44,25,2026-09-19 16:10:00,5.13,14,Large,3,5.48,Standard,Normal,0,5.65,51,61.24,13.48,61.24,805,1,0,1937.0,2.41,6.35,5,5.48,0,1,1,0,1,20.0,31,29,32,49.0,20.0,0,0,Do Not Batch,Order Size/Item Incompatibility,117.56,0.0,2,2,0,2,2,0,0.0,Bike,2026-09-19,15
690,2026-09-21 10:40:00,KFC,Fast Food,Society_31,26,2026-09-21 11:06:00,0.77,3,Large,1,3.48,Standard,Priority,50,0.2,34,34.0,10.91,34.0,1226,1,0,295.0,2.84,6.61,6,3.48,0,1,0,0,1,20.0,13,23,13,43.0,20.0,0,0,Do Not Batch,Priority Order,77.07,0.0,2,2,0,2,2,0,0.0,Bike,2026-09-21,10
691,2026-09-12 13:20:00,McDonald's,Fast Food,Society_15,26,2026-09-12 13:46:00,4.33,11,Small,4,1.29,Standard,Normal,0,3.32,47,53.24,11.01,53.24,1433,1,0,4689.0,3.06,3.52,8,2.23,1,1,1,0,0,20.0,23,15,24,35.0,20.0,0,0,Do Not Batch,Customer Distance Too High,90.9,0.0,2,2,0,2,2,0,0.0,Bike,2026-09-12,13
692,2026-09-04 14:35:00,Subway,Fast Food,Society_22,39,2026-09-04 15:14:00,4.36,11,Small,5,1.5,Standard,Priority,50,3.2,54,55.67,8.89,55.67,142,1,0,2304.0,2.75,6.68,10,5.18,0,1,0,0,1,20.0,21,22,24,42.0,20.0,0,0,Do Not Batch,Priority Order,91.87,0.0,2,2,0,2,2,0,0.0,Scooter,2026-09-04,14
693,2026-09-04 19:39:00,Pizza Hut,Pizza,Society_41,32,2026-09-04 20:11:00,1.16,4,Small,6,1.16,Standard,Normal,0,0.2,40,41.02,13.14,41.02,52,1,0,5895.0,2.17,1.63,11,1.16,1,1,1,0,1,20.0,18,24,21,44.0,20.0,0,0,Do Not Batch,Restaurant Ready-Time Gap,84.01,0.0,2,2,0,2,2,0,0.0,Scooter,2026-09-04,19
694,2026-09-30 21:57:00,McDonald's,Fast Food,Society_03,27,2026-09-30 22:24:00,1.59,6,Small,5,0.93,Temperature-Sensitive,Priority,50,0.48,42,43.49,6.79,43.49,177,1,0,15116.0,2.42,4.15,11,3.22,1,1,0,0,1,20.0,23,23,24,43.0,20.0,0,0,Do Not Batch,Priority Order,94.0,0.0,2,2,0,2,2,0,0.0,Bike,2026-09-30,21
695,2026-09-30 05:30:00,Haldiram's,Indian,Society_19,42,2026-09-30 06:12:00,4.98,17,Small,3,0.85,Temperature-Sensitive,Normal,0,0.2,49,58.88,7.52,58.88,1481,1,0,27786.0,1.72,1.62,8,0.85,1,1,1,0,1,20.0,30,30,30,50.0,20.0,0,0,Do Not Batch,Restaurant Ready-Time Gap,113.63,0.0,2,2,0,2,2,0,0.0,Scooter,2026-09-30,5
696,2026-09-25 08:34:00,Haldiram's,Indian,Society_20,20,2026-09-25 08:54:00,3.21,10,Medium,5,1.94,Standard,Normal,0,1.38,55,45.15,11.12,45.15,1382,1,0,572.0,2.94,3.23,10,1.94,1,1,1,0,1,20.0,28,23,31,43.0,20.0,0,0,Do Not Batch,Restaurant Ready-Time Gap,93.61,0.0,2,2,0,2,2,0,0.0,Bike,2026-09-25,8
697,2026-09-14 09:27:00,Pizza Hut,Pizza,Society_24,20,2026-09-14 09:47:00,7.71,26,Small,6,1.19,Standard,Normal,0,3.43,60,72.25,7.74,72.25,1081,1,0,21428.0,2.19,1.9,12,1.19,1,1,1,0,1,20.0,41,31,41,51.0,20.0,0,0,Do Not Batch,Restaurant Ready-Time Gap,120.03,0.0,2,2,0,2,2,0,0.0,Scooter,2026-09-14,9
698,2026-09-29 16:48:00,Haldiram's,Indian,Society_40,24,2026-09-29 17:12:00,0.5,2,Small,1,0.95,Spill-Risk,Normal,0,3.43,46,35.93,13.74,35.93,141,1,0,19340.0,2.75,2.2,7,1.25,1,1,1,0,1,20.0,17,25,17,45.0,20.0,0,0,Do Not Batch,Restaurant Ready-Time Gap,77.5,0.0,2,2,0,2,2,0,0.0,Scooter,2026-09-29,16
699,2026-09-28 18:17:00,Subway,Fast Food,Society_48,20,2026-09-28 18:37:00,5.68,13,Small,4,1.21,Temperature-Sensitive,Normal,0,1.59,51,57.12,10.63,57.12,743,1,0,14811.0,3.9,2.4,5,1.21,1,1,1,0,0,20.0,27,31,30,51.0,20.0,0,0,Do Not Batch,Customer Distance Too High,114.52,0.0,2,2,0,2,2,0,0.0,Bike,2026-09-28,18
700,2026-09-05 02:05:00,Subway,Fast Food,Society_19,30,2026-09-05 02:35:00,1.86,4,Medium,6,1.69,Standard,Normal,0,1.13,47,38.32,11.5,38.32,244,1,0,8575.0,1.51,2.05,11,1.69,1,1,1,0,1,20.0,23,28,23,48.0,20.0,0,0,Do Not Batch,Restaurant Ready-Time Gap,94.15,0.0,2,2,0,2,2,0,0.0,Scooter,2026-09-05,2
701,2026-09-08 03:15:00,Domino's Pizza,Pizza,Society_41,33,2026-09-08 03:48:00,1.39,5,Small,3,0.53,Temperature-Sensitive,Normal,0,3.68,49,38.08,8.1,38.08,1338,1,0,7980.0,3.34,5.67,8,5.14,1,1,1,0,0,20.0,19,29,21,49.0,20.0,0,0,Do Not Batch,Customer Distance Too High,92.77,0.0,2,2,0,2,2,0,0.0,Bike,2026-09-08,3
702,2026-09-20 05:37:00,McDonald's,Fast Food,Society_20,25,2026-09-20 06:02:00,1.93,5,Small,3,1.47,Fragile,Normal,0,3.72,49,40.93,14.91,40.93,116,1,0,11671.0,2.55,2.35,7,1.47,1,1,1,0,1,20.0,21,23,23,43.0,20.0,0,0,Do Not Batch,Restaurant Ready-Time Gap,80.92,0.0,2,2,0,2,2,0,0.0,Bike,2026-09-20,5
703,2026-09-11 23:53:00,Theobroma,Bakery,Society_37,33,2026-09-12 00:26:00,11.86,40,Small,3,1.26,Standard,Normal,0,0.24,75,87.44,8.35,87.44,1038,1,0,6603.0,5.33,2.04,5,1.26,1,1,1,0,0,20.0,57,34,59,54.0,20.0,0,0,Do Not Batch,Customer Distance Too High,157.38,0.0,2,2,0,2,2,0,0.0,Bike,2026-09-11,23
704,2026-09-06 13:45:00,Domino's Pizza,Pizza,Society_31,17,2026-09-06 14:02:00,3.0,10,Medium,5,1.95,Temperature-Sensitive,Normal,0,1.51,53,43.19,8.06,43.19,1273,1,0,5905.0,2.2,2.81,10,1.95,1,1,1,0,1,20.0,26,25,27,45.0,20.0,0,0,Do Not Batch,Restaurant Ready-Time Gap,93.18,0.0,2,2,0,2,2,0,0.0,Bike,2026-09-06,13
705,2026-09-30 20:36:00,Haldiram's,Indian,Society_18,19,2026-09-30 20:55:00,3.92,9,Small,4,0.78,Standard,Priority,50,1.8,45,48.48,10.73,48.48,339,1,0,8893.0,3.47,2.21,6,1.43,1,1,0,0,0,20.0,19,20,22,40.0,20.0,0,0,Do Not Batch,Priority Order,84.85,0.0,2,2,0,2,2,0,0.0,Scooter,2026-09-30,20
706,2026-09-02 07:26:00,Domino's Pizza,Pizza,Society_02,13,2026-09-02 07:39:00,5.37,13,Small,6,1.04,Standard,Normal,0,3.18,58,61.63,11.94,61.63,1091,1,1,15054.0,0.22,1.37,12,1.04,1,1,0,0,1,20.0,23,13,25,33.0,20.0,0,0,Do Not Batch,Priority Order,97.32,0.0,2,2,0,2,2,0,0.0,Bike,2026-09-02,7
707,2026-09-27 22:14:00,Biryani Blues,Indian,Society_41,15,2026-09-27 22:29:00,5.07,11,Small,1,1.43,Standard,Normal,0,0.2,51,58.79,14.37,58.79,1450,1,0,1407.0,0.56,3.71,5,2.28,1,1,1,0,1,20.0,30,18,30,38.0,20.0,0,0,Do Not Batch,Restaurant Ready-Time Gap,107.34,0.0,2,2,0,2,2,0,0.0,Scooter,2026-09-27,22
708,2026-09-16 03:50:00,Pizza Hut,Pizza,Society_10,8,2026-09-16 03:58:00,2.78,7,Small,2,0.63,Spill-Risk,Normal,0,3.96,37,48.96,9.44,48.96,273,1,0,3867.0,1.77,3.09,5,2.46,1,1,1,0,1,20.0,22,16,24,36.0,20.0,0,0,Do Not Batch,Restaurant Ready-Time Gap,96.88,0.0,2,2,0,2,2,0,0.0,Scooter,2026-09-16,3
709,2026-09-02 14:31:00,Theobroma,Bakery,Society_28,20,2026-09-02 14:51:00,2.57,9,Small,5,0.39,Standard,Normal,0,2.93,45,48.46,10.98,48.46,416,1,0,41009.0,3.73,5.32,8,4.93,1,1,1,0,0,20.0,21,29,21,49.0,20.0,0,0,Do Not Batch,Customer Distance Too High,99.02000000000001,0.0,2,2,0,2,2,0,0.0,Bike,2026-09-02,14
710,2026-09-02 04:02:00,Theobroma,Bakery,Society_42,29,2026-09-02 04:31:00,1.28,4,Small,1,1.32,Standard,Priority,50,1.92,35,42.04,6.93,42.04,929,1,0,36574.0,1.89,4.76,2,3.44,1,1,0,0,1,20.0,22,14,25,34.0,20.0,0,0,Do Not Batch,Priority Order,82.53,0.0,2,2,0,2,2,0,0.0,Scooter,2026-09-02,4
711,2026-09-24 08:12:00,Haldiram's,Indian,Society_05,36,2026-09-24 08:48:00,2.46,8,Small,3,0.5,Temperature-Sensitive,Normal,0,1.76,40,45.6,6.16,45.6,688,1,0,2977.0,0.2,1.47,4,0.97,1,1,1,0,1,20.0,24,21,26,41.0,20.0,0,0,Do Not Batch,Restaurant Ready-Time Gap,88.36,0.0,2,2,0,2,2,0,0.0,Scooter,2026-09-24,8
712,2026-09-18 15:25:00,Haldiram's,Indian,Society_10,29,2026-09-18 15:54:00,1.57,4,Small,2,1.11,Standard,Normal,0,0.62,43,41.4,8.95,41.4,595,1,0,21913.0,2.46,3.09,4,1.98,1,1,1,0,1,20.0,15,27,18,47.0,20.0,0,0,Do Not Batch,Restaurant Ready-Time Gap,98.14,0.0,2,2,0,2,2,0,0.0,Bike,2026-09-18,15
713,2026-09-15 18:32:00,Wow! Momo,Fast Food,Society_24,25,2026-09-15 18:57:00,1.09,3,Medium,3,3.04,Fragile,Normal,0,0.2,37,36.6,11.11,36.6,430,1,0,17842.0,0.97,4.39,4,3.04,1,1,1,0,1,20.0,15,22,17,42.0,20.0,0,0,Do Not Batch,Restaurant Ready-Time Gap,82.94,0.0,2,2,0,2,2,0,0.0,Bike,2026-09-15,18
714,2026-09-06 23:51:00,Burger King,Fast Food,Society_10,21,2026-09-07 00:12:00,0.5,2,Medium,1,2.39,Standard,Normal,0,4.64,41,36.3,7.85,36.3,1429,1,0,15505.0,2.68,2.95,4,2.39,1,1,0,0,1,20.0,19,20,19,40.0,20.0,0,0,Do Not Batch,Priority Order,84.02,0.0,2,2,0,2,2,0,0.0,Scooter,2026-09-06,23
715,2026-09-16 04:37:00,Burger King,Fast Food,Society_37,17,2026-09-16 04:54:00,2.8,6,Small,5,0.6,Standard,Normal,0,2.11,46,50.0,9.96,50.0,1194,1,0,17248.0,4.67,1.41,6,0.81,1,1,0,0,0,20.0,16,16,16,36.0,20.0,0,0,Do Not Batch,Priority Order,84.52000000000001,0.0,2,2,0,2,2,0,0.0,Bike,2026-09-16,4
716,2026-09-07 15:50:00,Subway,Fast Food,Society_29,8,2026-09-07 15:58:00,1.73,4,Medium,5,2.22,Standard,Normal,0,1.55,36,39.19,8.61,39.19,191,1,0,4421.0,3.58,2.87,6,2.22,1,1,1,0,0,20.0,18,29,19,49.0,20.0,0,0,Do Not Batch,Customer Distance Too High,103.85,0.0,2,2,0,2,2,0,0.0,Bike,2026-09-07,15
717,2026-09-20 11:13:00,Biryani Blues,Indian,Society_42,11,2026-09-20 11:24:00,4.32,13,Small,1,0.71,Spill-Risk,Normal,0,1.0,49,49.75,11.99,49.75,125,1,0,6706.0,4.65,1.99,5,1.28,1,1,1,0,0,20.0,32,17,33,37.0,20.0,0,0,Do Not Batch,Customer Distance Too High,85.22,0.0,2,2,0,2,2,0,0.0,Bike,2026-09-20,11
718,2026-09-17 17:53:00,Biryani Blues,Indian,Society_05,8,2026-09-17 18:01:00,4.54,14,Small,3,0.75,Spill-Risk,Normal,0,0.2,54,56.76,6.18,56.76,97,1,0,14508.0,1.71,2.02,4,1.27,1,1,1,0,1,20.0,24,23,25,43.0,20.0,0,0,Do Not Batch,Restaurant Ready-Time Gap,106.00999999999999,0.0,2,2,0,2,2,0,0.0,Scooter,2026-09-17,17
719,2026-09-04 21:48:00,Biryani Blues,Indian,Society_20,27,2026-09-04 22:15:00,7.92,17,Medium,4,2.73,Standard,Normal,0,3.09,52,71.66,8.43,71.66,1205,1,0,3673.0,2.3,4.2,9,2.73,1,1,1,0,1,20.0,35,17,37,37.0,20.0,0,0,Do Not Batch,Restaurant Ready-Time Gap,108.16,0.0,2,2,0,2,2,0,0.0,Scooter,2026-09-04,21
720,2026-09-08 04:45:00,Theobroma,Bakery,Society_14,16,2026-09-08 05:01:00,0.67,2,Large,2,4.52,Temperature-Sensitive,Normal,0,2.71,37,36.56,9.75,36.56,843,1,0,20321.0,1.04,5.69,8,4.52,1,1,1,0,1,20.0,18,24,21,44.0,20.0,0,0,Do Not Batch,Restaurant Ready-Time Gap,98.93,0.0,2,2,0,2,2,0,0.0,Scooter,2026-09-08,4
721,2026-09-10 04:47:00,McDonald's,Fast Food,Society_41,30,2026-09-10 05:17:00,2.63,7,Small,2,1.11,Temperature-Sensitive,Normal,0,0.2,41,46.82,6.34,46.82,1114,1,0,5211.0,1.54,3.03,5,1.92,1,1,1,0,1,20.0,21,27,23,47.0,20.0,0,0,Do Not Batch,Restaurant Ready-Time Gap,93.89,0.0,2,2,0,2,2,0,0.0,Bike,2026-09-10,4
722,2026-09-02 07:41:00,KFC,Fast Food,Society_16,18,2026-09-02 07:59:00,2.51,9,Small,1,0.54,Standard,Normal,0,3.11,40,41.08,11.22,41.08,403,1,0,7927.0,1.2,1.96,6,1.42,1,1,0,0,1,20.0,24,20,24,40.0,20.0,0,0,Do Not Batch,Priority Order,84.97999999999999,0.0,2,2,0,2,2,0,0.0,Bike,2026-09-02,7
723,2026-09-03 15:26:00,Burger King,Fast Food,Society_29,25,2026-09-03 15:51:00,2.31,7,Medium,3,1.43,Temperature-Sensitive,Normal,0,0.2,40,43.66,11.95,43.66,392,1,0,35291.0,0.67,2.31,4,1.43,1,1,1,0,1,20.0,19,17,22,37.0,20.0,0,0,Do Not Batch,Restaurant Ready-Time Gap,77.87,0.0,2,2,0,2,2,0,0.0,Bike,2026-09-03,15
724,2026-09-07 21:35:00,KFC,Fast Food,Society_33,31,2026-09-07 22:06:00,4.92,11,Small,2,1.3,Standard,Normal,0,1.64,49,53.13,7.16,53.13,366,1,0,27779.0,4.41,4.14,4,2.84,1,1,1,0,0,20.0,23,20,23,40.0,20.0,0,0,Do Not Batch,Customer Distance Too High,98.9,0.0,2,2,0,2,2,0,0.0,Scooter,2026-09-07,21
725,2026-09-16 09:34:00,KFC,Fast Food,Society_37,23,2026-09-16 09:57:00,0.5,2,Medium,6,1.89,Standard,Normal,0,2.01,44,35.71,7.02,35.71,102,1,0,15564.0,0.2,4.43,9,2.54,1,1,1,0,1,20.0,18,24,19,44.0,20.0,0,0,Do Not Batch,Restaurant Ready-Time Gap,90.82,0.0,2,2,0,2,2,0,0.0,Bike,2026-09-16,9
726,2026-09-06 11:22:00,McDonald's,Fast Food,Society_50,19,2026-09-06 11:41:00,11.49,35,Medium,2,1.22,Standard,Normal,0,2.34,67,92.84,13.05,92.84,1341,1,0,9778.0,4.42,2.44,8,1.22,1,1,1,0,0,20.0,51,37,51,57.0,20.0,0,0,Do Not Batch,Customer Distance Too High,174.57,0.0,2,2,0,2,2,0,0.0,Bike,2026-09-06,11
727,2026-09-27 06:34:00,KFC,Fast Food,Society_45,27,2026-09-27 07:01:00,0.58,2,Small,5,1.01,Fragile,Normal,0,4.77,42,38.63,14.12,38.63,788,1,0,28566.0,4.24,3.95,11,2.94,1,1,1,0,0,20.0,18,19,20,39.0,20.0,0,0,Do Not Batch,Customer Distance Too High,86.41,0.0,2,2,0,2,2,0,0.0,Scooter,2026-09-27,6
728,2026-09-28 01:54:00,McDonald's,Fast Food,Society_36,31,2026-09-28 02:25:00,1.57,5,Large,1,4.21,Standard,Normal,0,3.56,36,38.37,10.24,38.37,760,1,0,22610.0,3.2,5.27,4,4.21,1,1,1,0,0,20.0,16,25,16,45.0,20.0,0,0,Do Not Batch,Customer Distance Too High,88.78,0.0,2,2,0,2,2,0,0.0,Bike,2026-09-28,1
729,2026-09-27 11:02:00,Domino's Pizza,Pizza,Society_19,20,2026-09-27 11:22:00,4.41,14,Medium,4,1.65,Standard,Priority,50,1.98,57,54.6,11.93,54.6,1230,1,0,20001.0,0.94,2.86,5,1.65,1,1,0,0,1,20.0,25,26,25,46.0,20.0,0,0,Do Not Batch,Priority Order,108.95,0.0,2,2,0,2,2,0,0.0,Bike,2026-09-27,11
730,2026-09-26 03:24:00,Theobroma,Bakery,Society_27,27,2026-09-26 03:51:00,2.19,6,Small,2,1.34,Standard,Normal,0,3.79,43,45.74,9.8,45.74,508,1,0,7706.0,0.28,2.42,8,1.34,1,1,1,0,1,20.0,20,21,20,41.0,20.0,0,0,Do Not Batch,Restaurant Ready-Time Gap,95.9,0.0,2,2,0,2,2,0,0.0,Scooter,2026-09-26,3
731,2026-09-28 05:43:00,Theobroma,Bakery,Society_11,28,2026-09-28 06:11:00,4.83,14,Small,4,0.96,Standard,Normal,0,2.72,46,57.56,14.94,57.56,559,1,0,20857.0,1.73,3.97,7,3.01,1,1,1,0,1,20.0,27,21,30,41.0,20.0,0,0,Do Not Batch,Restaurant Ready-Time Gap,99.68,0.0,2,2,0,2,2,0,0.0,Scooter,2026-09-28,5
732,2026-09-22 15:09:00,Domino's Pizza,Pizza,Society_02,25,2026-09-22 15:34:00,3.98,12,Small,4,1.39,Standard,Normal,0,2.8,45,49.1,9.69,49.1,1051,1,0,22826.0,3.38,2.46,8,1.39,1,1,0,0,0,20.0,28,25,28,45.0,20.0,0,0,Do Not Batch,Priority Order,91.84,0.0,2,2,0,2,2,0,0.0,Bike,2026-09-22,15
733,2026-09-06 20:14:00,Biryani Blues,Indian,Society_41,28,2026-09-06 20:42:00,4.35,11,Large,3,5.91,Fragile,Normal,0,4.62,52,53.67,12.73,53.67,536,1,0,6007.0,2.5,6.75,6,5.91,0,1,1,0,1,20.0,23,25,23,45.0,20.0,0,0,Do Not Batch,Order Size/Item Incompatibility,97.19,0.0,2,2,0,2,2,0,0.0,Scooter,2026-09-06,20
734,2026-09-29 00:56:00,Wow! Momo,Fast Food,Society_31,15,2026-09-29 01:11:00,5.74,18,Small,1,1.42,Standard,Normal,0,3.35,54,57.41,13.61,57.41,515,1,0,31671.0,1.04,3.87,4,2.45,1,1,1,0,1,20.0,32,22,33,42.0,20.0,0,0,Do Not Batch,Restaurant Ready-Time Gap,107.13,0.0,2,2,0,2,2,0,0.0,Bike,2026-09-29,0
735,2026-09-05 22:20:00,Biryani Blues,Indian,Society_14,12,2026-09-05 22:32:00,4.34,14,Small,5,1.39,Standard,Normal,0,4.97,56,56.25,14.96,56.25,1263,1,0,4764.0,4.11,6.3,10,4.91,0,1,1,0,0,20.0,25,20,26,40.0,20.0,0,0,Do Not Batch,Order Size/Item Incompatibility,100.0,0.0,2,2,0,2,2,0,0.0,Bike,2026-09-05,22
736,2026-09-06 22:05:00,Wow! Momo,Fast Food,Society_46,24,2026-09-06 22:29:00,4.82,12,Medium,1,3.39,Spill-Risk,Normal,0,2.18,56,55.86,8.15,55.86,25,1,0,4028.0,4.86,4.51,3,3.39,1,1,1,0,0,20.0,22,21,24,41.0,20.0,0,0,Do Not Batch,Customer Distance Too High,92.25,0.0,2,2,0,2,2,0,0.0,Scooter,2026-09-06,22
737,2026-09-29 13:57:00,Domino's Pizza,Pizza,Society_11,26,2026-09-29 14:23:00,4.7,12,Small,1,1.46,Standard,Normal,0,0.2,42,55.66,9.67,55.66,1293,1,0,30284.0,2.18,2.08,7,1.46,1,1,1,0,1,20.0,30,20,31,40.0,20.0,0,0,Do Not Batch,Restaurant Ready-Time Gap,103.99,0.0,2,2,0,2,2,0,0.0,Bike,2026-09-29,13
738,2026-09-07 02:03:00,Burger King,Fast Food,Society_21,24,2026-09-07 02:27:00,2.61,7,Small,5,0.83,Spill-Risk,Normal,0,3.36,48,41.33,13.89,41.33,455,1,0,5630.0,2.65,3.2,6,2.37,1,1,1,0,1,20.0,20,23,20,43.0,20.0,0,0,Do Not Batch,Restaurant Ready-Time Gap,90.28999999999999,0.0,2,2,0,2,2,0,0.0,Bike,2026-09-07,2
739,2026-10-01 04:45:00,Subway,Fast Food,Society_20,27,2026-10-01 05:12:00,3.38,12,Medium,3,1.95,Standard,Normal,0,0.2,51,50.41,14.86,50.41,35,1,0,41861.0,0.39,2.71,5,1.95,1,1,1,0,1,20.0,29,36,30,56.0,20.0,0,0,Do Not Batch,Restaurant Ready-Time Gap,112.06,0.0,2,2,0,2,2,0,0.0,Bike,2026-10-01,4
740,2026-09-12 04:30:00,Pizza Hut,Pizza,Society_16,19,2026-09-12 04:49:00,2.38,8,Small,4,0.32,Spill-Risk,Normal,0,2.07,41,45.82,9.34,45.82,1049,1,1,20043.0,0.16,0.69,5,0.37,1,1,1,0,1,20.0,24,22,27,42.0,20.0,0,0,Do Not Batch,Restaurant Ready-Time Gap,102.67,0.0,2,2,0,2,2,0,0.0,Bike,2026-09-12,4
741,2026-09-29 17:11:00,KFC,Fast Food,Society_03,12,2026-09-29 17:23:00,3.78,12,Medium,1,1.37,Standard,Priority,50,1.38,47,51.54,7.25,51.54,1000,1,0,11360.0,3.21,3.01,2,1.64,1,1,0,0,0,20.0,22,30,24,50.0,20.0,0,0,Do Not Batch,Priority Order,108.75999999999999,0.0,2,2,0,2,2,0,0.0,Bike,2026-09-29,17
742,2026-09-08 03:18:00,KFC,Fast Food,Society_47,31,2026-09-08 03:49:00,3.21,10,Medium,5,2.58,Temperature-Sensitive,Normal,0,2.64,53,49.84,14.05,49.84,1309,1,0,33333.0,3.0,3.92,6,2.58,1,1,1,0,1,20.0,29,20,30,40.0,20.0,0,0,Do Not Batch,Restaurant Ready-Time Gap,88.42,0.0,2,2,0,2,2,0,0.0,Bike,2026-09-08,3
743,2026-09-18 11:10:00,Subway,Fast Food,Society_04,36,2026-09-18 11:46:00,4.97,15,Small,1,1.19,Spill-Risk,Normal,0,1.09,50,57.4,12.4,57.4,397,1,0,12584.0,1.79,2.58,2,1.39,1,1,0,0,1,20.0,31,18,33,38.0,20.0,0,0,Do Not Batch,Priority Order,104.53,0.0,2,2,0,2,2,0,0.0,Scooter,2026-09-18,11
744,2026-09-24 15:37:00,Subway,Fast Food,Society_25,24,2026-09-24 16:01:00,3.05,7,Medium,6,3.47,Standard,Normal,0,0.2,49,43.45,8.84,43.45,1241,1,0,3566.0,2.12,3.96,7,3.47,1,1,1,0,1,20.0,18,28,20,48.0,20.0,0,0,Do Not Batch,Restaurant Ready-Time Gap,93.71000000000001,0.0,2,2,0,2,2,0,0.0,Scooter,2026-09-24,15
745,2026-09-26 13:55:00,Subway,Fast Food,Society_03,29,2026-09-26 14:24:00,6.28,14,Small,1,0.36,Standard,Priority,50,2.27,53,63.35,11.97,63.35,811,1,0,18206.0,1.87,1.78,6,1.42,1,1,0,0,1,20.0,26,18,28,38.0,20.0,0,0,Do Not Batch,Priority Order,109.62,0.0,2,2,0,2,2,0,0.0,Bike,2026-09-26,13
746,2026-09-06 22:13:00,Haldiram's,Indian,Society_47,16,2026-09-06 22:29:00,4.84,15,Small,1,0.43,Standard,Normal,0,1.77,49,56.43,13.76,56.43,769,1,0,28695.0,2.11,1.67,5,1.24,1,1,1,0,1,20.0,25,24,28,44.0,20.0,0,0,Do Not Batch,Restaurant Ready-Time Gap,100.85,0.0,2,2,0,2,2,0,0.0,Bike,2026-09-06,22
747,2026-09-25 22:18:00,McDonald's,Fast Food,Society_46,22,2026-09-25 22:40:00,2.06,6,Medium,5,2.98,Standard,Normal,0,2.76,50,46.16,10.8,46.16,1332,1,0,3108.0,3.09,6.71,7,3.73,0,1,1,0,0,20.0,22,29,22,49.0,20.0,0,0,Do Not Batch,Order Size/Item Incompatibility,108.31,0.0,2,2,0,2,2,0,0.0,Bike,2026-09-25,22
748,2026-09-09 02:38:00,Haldiram's,Indian,Society_30,31,2026-09-09 03:09:00,3.13,9,Large,5,3.1,Spill-Risk,Normal,0,3.84,53,48.4,7.08,48.4,138,1,0,16651.0,0.2,4.34,8,3.1,1,1,1,0,1,20.0,21,32,24,52.0,20.0,0,0,Do Not Batch,Restaurant Ready-Time Gap,105.14,0.0,2,2,0,2,2,0,0.0,Scooter,2026-09-09,2
749,2026-09-12 09:17:00,Subway,Fast Food,Society_35,22,2026-09-12 09:39:00,5.48,14,Medium,3,1.89,Standard,Normal,0,3.17,59,55.47,13.8,55.47,415,1,0,17959.0,2.4,2.62,5,1.89,1,1,1,0,1,20.0,29,21,31,41.0,20.0,0,0,Do Not Batch,Restaurant Ready-Time Gap,109.37,0.0,2,2,0,2,2,0,0.0,Bike,2026-09-12,9
750,2026-09-25 06:41:00,Pizza Hut,Pizza,Society_13,15,2026-09-25 06:56:00,2.5,7,Medium,5,2.29,Standard,Normal,0,3.15,52,42.95,13.34,42.95,1102,1,0,4196.0,2.99,3.5,7,2.29,1,1,1,0,1,20.0,23,21,24,41.0,20.0,0,0,Do Not Batch,Restaurant Ready-Time Gap,81.99000000000001,0.0,2,2,0,2,2,0,0.0,Bike,2026-09-25,6
751,2026-09-22 16:32:00,Haldiram's,Indian,Society_49,8,2026-09-22 16:40:00,1.17,3,Small,2,1.07,Standard,Normal,0,3.16,37,40.27,12.37,40.27,262,1,0,3234.0,1.7,5.94,4,4.87,1,1,1,0,1,20.0,15,18,16,38.0,20.0,0,0,Do Not Batch,Restaurant Ready-Time Gap,76.94,0.0,2,2,0,2,2,0,0.0,Scooter,2026-09-22,16
752,2026-09-27 05:06:00,Subway,Fast Food,Society_41,15,2026-09-27 05:21:00,1.22,5,Medium,1,2.53,Standard,Normal,0,5.86,36,36.61,9.43,36.61,1064,1,0,32558.0,1.83,5.76,7,3.23,1,1,0,0,1,20.0,16,26,19,46.0,20.0,0,0,Do Not Batch,Priority Order,92.47,0.0,2,2,0,2,2,0,0.0,Scooter,2026-09-27,5
753,2026-09-26 16:08:00,KFC,Fast Food,Society_31,20,2026-09-26 16:28:00,3.2,7,Small,4,0.98,Standard,Normal,0,2.99,46,45.36,8.83,45.36,1309,1,0,6654.0,1.87,2.32,5,1.34,1,1,1,0,1,20.0,25,19,26,39.0,20.0,0,0,Do Not Batch,Restaurant Ready-Time Gap,83.94,0.0,2,2,0,2,2,0,0.0,Scooter,2026-09-26,16
754,2026-09-13 23:38:00,Domino's Pizza,Pizza,Society_23,23,2026-09-14 00:01:00,2.28,8,Small,4,0.63,Standard,Normal,0,2.05,52,45.66,14.68,45.66,311,1,0,20646.0,1.83,2.37,8,1.74,1,1,1,0,1,20.0,26,30,28,50.0,20.0,0,0,Do Not Batch,Restaurant Ready-Time Gap,100.62,0.0,2,2,0,2,2,0,0.0,Bike,2026-09-13,23
755,2026-09-20 18:54:00,Wow! Momo,Fast Food,Society_38,26,2026-09-20 19:20:00,1.54,6,Medium,1,2.0,Temperature-Sensitive,Priority,50,2.34,47,43.04,9.5,43.04,580,1,0,6979.0,2.51,3.57,5,2.0,1,1,0,0,1,20.0,22,20,24,40.0,20.0,0,0,Do Not Batch,Priority Order,78.47999999999999,0.0,2,2,0,2,2,0,0.0,Bike,2026-09-20,18
756,2026-09-09 10:28:00,KFC,Fast Food,Society_36,16,2026-09-09 10:44:00,4.53,13,Medium,2,1.24,Spill-Risk,Normal,0,3.1,51,57.19,14.9,57.19,1291,1,0,1789.0,2.68,2.25,8,1.24,1,1,0,0,1,20.0,27,24,27,44.0,20.0,0,0,Do Not Batch,Priority Order,104.57,0.0,2,2,0,2,2,0,0.0,Bike,2026-09-09,10
757,2026-09-24 19:22:00,McDonald's,Fast Food,Society_39,9,2026-09-24 19:31:00,5.19,13,Small,2,1.13,Standard,Normal,0,4.03,48,54.38,13.48,54.38,761,1,0,911.0,0.2,5.22,6,4.09,1,1,1,0,1,20.0,26,21,28,41.0,20.0,0,0,Do Not Batch,Restaurant Ready-Time Gap,91.23,0.0,2,2,0,2,2,0,0.0,Scooter,2026-09-24,19
758,2026-09-18 15:49:00,Pizza Hut,Pizza,Society_12,20,2026-09-18 16:09:00,5.26,18,Medium,5,1.9,Temperature-Sensitive,Normal,0,1.5,52,56.43,12.63,56.43,391,1,0,12369.0,3.41,2.41,7,1.9,1,1,1,0,0,20.0,31,16,32,36.0,20.0,0,0,Do Not Batch,Customer Distance Too High,96.25999999999999,0.0,2,2,0,2,2,0,0.0,Bike,2026-09-18,15
759,2026-09-12 11:30:00,Burger King,Fast Food,Society_20,32,2026-09-12 12:02:00,3.04,11,Medium,3,1.22,Standard,Normal,0,2.05,41,49.74,10.08,49.74,464,1,0,14622.0,2.09,2.59,7,1.37,1,1,1,0,1,20.0,21,23,21,43.0,20.0,0,0,Do Not Batch,Restaurant Ready-Time Gap,90.98,0.0,2,2,0,2,2,0,0.0,Scooter,2026-09-12,11
760,2026-09-12 09:11:00,McDonald's,Fast Food,Society_07,24,2026-09-12 09:35:00,3.27,9,Small,3,1.06,Standard,Normal,0,2.94,47,50.41,8.93,50.41,1302,1,0,13265.0,5.21,3.24,6,2.18,1,1,1,0,0,20.0,22,36,23,56.0,20.0,0,0,Do Not Batch,Customer Distance Too High,112.75,0.0,2,2,0,2,2,0,0.0,Bike,2026-09-12,9
761,2026-09-25 10:28:00,McDonald's,Fast Food,Society_13,14,2026-09-25 10:42:00,1.26,4,Large,4,4.09,Standard,Normal,0,1.95,45,36.85,8.92,36.85,351,1,0,20574.0,0.83,5.57,7,4.09,1,1,1,0,1,20.0,20,21,23,41.0,20.0,0,0,Do Not Batch,Restaurant Ready-Time Gap,78.56,0.0,2,2,0,2,2,0,0.0,Bike,2026-09-25,10
762,2026-09-01 10:16:00,Pizza Hut,Pizza,Society_42,26,2026-09-01 10:42:00,1.06,3,Small,3,0.49,Spill-Risk,Normal,0,3.81,36,36.56,14.88,36.56,1499,1,0,36389.0,1.29,3.58,4,3.09,1,0,1,0,1,20.0,17,18,17,38.0,20.0,0,0,Do Not Batch,Order Size/Item Incompatibility,76.64,0.0,2,2,0,2,2,0,0.0,Scooter,2026-09-01,10
763,2026-09-28 18:59:00,Biryani Blues,Indian,Society_45,20,2026-09-28 19:19:00,1.26,3,Medium,4,2.13,Standard,Normal,0,2.62,45,36.65,9.16,36.65,348,1,0,30788.0,2.22,3.42,10,2.13,1,1,0,0,1,20.0,21,20,23,40.0,20.0,0,0,Do Not Batch,Priority Order,70.63,0.0,2,2,0,2,2,0,0.0,Scooter,2026-09-28,18
764,2026-09-29 07:28:00,Pizza Hut,Pizza,Society_22,23,2026-09-29 07:51:00,1.67,4,Small,3,0.69,Standard,Normal,0,2.6,49,37.22,14.49,37.22,44,1,0,4921.0,3.08,1.39,8,0.7,1,1,1,0,0,20.0,17,32,17,52.0,20.0,0,0,Do Not Batch,Customer Distance Too High,90.78999999999999,0.0,2,2,0,2,2,0,0.0,Scooter,2026-09-29,7
765,2026-09-13 11:44:00,Pizza Hut,Pizza,Society_07,41,2026-09-13 12:25:00,2.91,9,Medium,3,2.11,Standard,Normal,0,3.15,39,45.78,12.09,45.78,1344,1,0,7591.0,0.2,3.44,9,2.11,1,1,0,0,1,20.0,21,25,23,45.0,20.0,0,0,Do Not Batch,Priority Order,105.02000000000001,0.0,2,2,0,2,2,0,0.0,Scooter,2026-09-13,11
766,2026-09-08 09:13:00,McDonald's,Fast Food,Society_32,16,2026-09-08 09:29:00,7.26,25,Small,2,0.4,Fragile,Normal,0,3.13,57,71.11,14.06,71.11,760,1,0,5766.0,1.34,1.46,5,1.06,1,1,1,0,1,20.0,40,26,42,46.0,20.0,0,0,Do Not Batch,Restaurant Ready-Time Gap,121.52,0.0,2,2,0,2,2,0,0.0,Bike,2026-09-08,9
767,2026-09-12 09:02:00,McDonald's,Fast Food,Society_16,34,2026-09-12 09:36:00,4.58,11,Small,2,0.88,Standard,Normal,0,2.79,47,56.69,13.12,56.69,1333,1,0,11562.0,3.33,6.3,3,5.42,0,1,1,0,0,20.0,24,27,25,47.0,20.0,0,0,Do Not Batch,Order Size/Item Incompatibility,110.36,0.0,2,2,0,2,2,0,0.0,Scooter,2026-09-12,9
768,2026-09-12 08:32:00,Haldiram's,Indian,Society_43,30,2026-09-12 09:02:00,5.7,13,Small,3,0.45,Standard,Normal,0,2.8,55,59.25,10.94,59.25,931,1,0,6495.0,1.17,2.27,6,1.82,1,1,1,0,1,20.0,24,13,26,33.0,20.0,0,0,Do Not Batch,Restaurant Ready-Time Gap,96.45,0.0,2,2,0,2,2,0,0.0,Scooter,2026-09-12,8
769,2026-09-26 20:22:00,Haldiram's,Indian,Society_50,22,2026-09-26 20:44:00,3.11,11,Small,4,1.24,Standard,Normal,0,0.2,43,44.42,7.51,44.42,1346,1,0,8399.0,4.42,2.71,8,1.47,1,1,1,0,0,20.0,25,16,27,36.0,20.0,0,0,Do Not Batch,Customer Distance Too High,81.69,0.0,2,2,0,2,2,0,0.0,Bike,2026-09-26,20
770,2026-09-20 09:02:00,Haldiram's,Indian,Society_45,27,2026-09-20 09:29:00,5.05,13,Small,5,1.24,Standard,Normal,0,4.56,48,55.94,7.94,55.94,678,1,0,12753.0,1.86,1.65,10,1.24,1,1,1,0,1,20.0,26,23,28,43.0,20.0,0,0,Do Not Batch,Restaurant Ready-Time Gap,105.97999999999999,0.0,2,2,0,2,2,0,0.0,Scooter,2026-09-20,9
771,2026-09-04 17:59:00,Domino's Pizza,Pizza,Society_27,22,2026-09-04 18:21:00,6.91,15,Small,1,1.44,Spill-Risk,Normal,0,3.34,59,62.82,8.86,62.82,1125,1,0,3005.0,1.24,6.67,4,5.23,0,1,1,0,1,20.0,29,15,30,35.0,20.0,0,0,Do Not Batch,Order Size/Item Incompatibility,98.4,0.0,2,2,0,2,2,0,0.0,Bike,2026-09-04,17
772,2026-09-11 15:51:00,Biryani Blues,Indian,Society_39,23,2026-09-11 16:14:00,3.83,12,Medium,1,1.83,Standard,Normal,0,3.25,55,47.72,12.61,47.72,1167,1,0,13755.0,3.35,5.18,4,3.35,1,1,1,0,0,20.0,30,13,32,33.0,20.0,0,0,Do Not Batch,Customer Distance Too High,83.08,0.0,2,2,0,2,2,0,0.0,Bike,2026-09-11,15
773,2026-09-04 13:07:00,Burger King,Fast Food,Society_45,27,2026-09-04 13:34:00,2.53,7,Medium,6,2.08,Standard,Normal,0,2.53,51,46.47,7.7,46.47,1235,1,0,20887.0,4.75,3.95,9,2.08,1,1,1,0,0,20.0,20,13,23,33.0,20.0,0,0,Do Not Batch,Customer Distance Too High,83.35,0.0,2,2,0,2,2,0,0.0,Scooter,2026-09-04,13
774,2026-09-04 16:01:00,Haldiram's,Indian,Society_50,32,2026-09-04 16:33:00,2.35,8,Small,5,0.39,Standard,Priority,50,2.43,50,47.35,14.99,47.35,746,1,0,3236.0,3.08,0.82,6,0.43,1,1,0,0,0,20.0,23,31,24,51.0,20.0,0,0,Do Not Batch,Priority Order,103.78,0.0,2,2,0,2,2,0,0.0,Bike,2026-09-04,16
775,2026-09-17 16:38:00,Subway,Fast Food,Society_17,27,2026-09-17 17:05:00,2.66,9,Medium,5,1.27,Fragile,Normal,0,2.26,54,41.6,7.2,41.6,118,1,0,5861.0,4.26,3.33,8,2.06,1,1,1,0,0,20.0,22,15,25,35.0,20.0,0,0,Do Not Batch,Customer Distance Too High,81.74000000000001,0.0,2,2,0,2,2,0,0.0,Scooter,2026-09-17,16
776,2026-09-08 15:46:00,Haldiram's,Indian,Society_38,27,2026-09-08 16:13:00,10.56,32,Large,1,5.25,Standard,Normal,0,2.6,68,84.38,12.34,84.38,1129,1,0,19890.0,4.85,5.59,7,5.25,1,1,1,0,0,20.0,42,21,42,41.0,20.0,0,0,Do Not Batch,Customer Distance Too High,129.35,0.0,2,2,0,2,2,0,0.0,Bike,2026-09-08,15
777,2026-09-13 08:07:00,Subway,Fast Food,Society_35,20,2026-09-13 08:27:00,4.51,10,Small,4,0.52,Temperature-Sensitive,Normal,0,1.88,40,58.43,10.57,58.43,461,1,0,840.0,1.21,4.76,10,4.24,1,1,1,0,1,20.0,21,23,22,43.0,20.0,0,0,Do Not Batch,Restaurant Ready-Time Gap,97.92,0.0,2,2,0,2,2,0,0.0,Scooter,2026-09-13,8
778,2026-09-28 00:06:00,Haldiram's,Indian,Society_11,13,2026-09-28 00:19:00,0.68,3,Medium,4,1.24,Standard,Normal,0,1.85,39,32.48,10.19,32.48,428,1,0,15671.0,3.81,4.71,10,3.47,1,1,1,0,0,20.0,18,25,21,45.0,20.0,0,0,Do Not Batch,Customer Distance Too High,74.82,0.0,2,2,0,2,2,0,0.0,Scooter,2026-09-28,0
779,2026-09-14 04:11:00,Subway,Fast Food,Society_27,11,2026-09-14 04:22:00,3.96,10,Medium,2,3.44,Standard,Normal,0,1.5,49,49.92,6.3,49.92,314,1,0,4552.0,0.37,8.67,8,5.23,0,1,1,0,1,20.0,27,23,28,43.0,20.0,0,0,Do Not Batch,Order Size/Item Incompatibility,94.71000000000001,0.0,2,2,0,2,2,0,0.0,Scooter,2026-09-14,4
780,2026-09-17 00:43:00,Haldiram's,Indian,Society_27,35,2026-09-17 01:18:00,1.5,5,Medium,2,3.22,Spill-Risk,Priority,50,3.23,40,43.38,13.14,43.38,1080,1,0,20656.0,3.09,4.35,5,3.22,1,1,0,0,0,20.0,23,23,25,43.0,20.0,0,0,Do Not Batch,Priority Order,94.21000000000001,0.0,2,2,0,2,2,0,0.0,Scooter,2026-09-17,0
781,2026-09-29 13:33:00,Burger King,Fast Food,Society_47,33,2026-09-29 14:06:00,3.55,9,Medium,1,2.12,Standard,Normal,0,3.41,44,53.3,10.17,53.3,627,1,0,34126.0,2.4,2.65,5,2.12,1,1,1,0,1,20.0,22,21,23,41.0,20.0,0,0,Do Not Batch,Restaurant Ready-Time Gap,92.74,0.0,2,2,0,2,2,0,0.0,Scooter,2026-09-29,13
782,2026-09-05 22:26:00,Haldiram's,Indian,Society_16,9,2026-09-05 22:35:00,3.72,11,Small,4,1.37,Temperature-Sensitive,Normal,0,2.08,56,46.75,13.69,46.75,103,1,0,23255.0,4.24,2.18,8,1.37,1,1,1,0,0,20.0,26,26,26,46.0,20.0,0,0,Do Not Batch,Customer Distance Too High,91.17,0.0,2,2,0,2,2,0,0.0,Scooter,2026-09-05,22
783,2026-09-04 03:56:00,Subway,Fast Food,Society_20,18,2026-09-04 04:14:00,3.76,13,Large,4,5.14,Standard,Normal,0,3.77,54,52.08,7.28,52.08,1423,1,0,6926.0,4.14,7.27,9,5.14,0,1,1,0,0,20.0,25,26,28,46.0,20.0,0,0,Do Not Batch,Order Size/Item Incompatibility,101.34,0.0,2,2,0,2,2,0,0.0,Bike,2026-09-04,3
784,2026-09-16 23:00:00,Theobroma,Bakery,Society_04,25,2026-09-16 23:25:00,5.12,14,Small,4,1.21,Standard,Normal,0,1.43,51,56.59,14.93,56.59,295,1,0,18576.0,3.3,2.27,5,1.21,1,1,1,0,0,20.0,32,23,33,43.0,20.0,0,0,Do Not Batch,Customer Distance Too High,100.87,0.0,2,2,0,2,2,0,0.0,Bike,2026-09-16,23
785,2026-09-24 19:41:00,Domino's Pizza,Pizza,Society_48,29,2026-09-24 20:10:00,3.56,9,Medium,6,3.42,Temperature-Sensitive,Normal,0,1.63,42,47.72,10.16,47.72,114,1,0,1540.0,2.92,4.4,9,3.42,1,1,1,0,1,20.0,26,15,28,35.0,20.0,0,0,Do Not Batch,Restaurant Ready-Time Gap,81.08,0.0,2,2,0,2,2,0,0.0,Scooter,2026-09-24,19
786,2026-09-12 14:40:00,Wow! Momo,Fast Food,Society_47,27,2026-09-12 15:07:00,1.49,4,Medium,4,3.29,Standard,Normal,0,3.26,40,42.47,6.99,42.47,549,1,0,9782.0,3.21,6.59,7,3.3,0,1,0,0,0,20.0,14,18,17,38.0,20.0,0,0,Do Not Batch,Priority Order,78.42,0.0,2,2,0,2,2,0,0.0,Bike,2026-09-12,14
787,2026-09-03 06:25:00,McDonald's,Fast Food,Society_48,20,2026-09-03 06:45:00,4.2,13,Small,2,1.01,Fragile,Normal,0,3.07,57,49.5,14.03,49.5,332,1,0,28667.0,2.59,1.93,7,1.01,1,1,1,0,1,20.0,24,26,27,46.0,20.0,0,0,Do Not Batch,Restaurant Ready-Time Gap,93.36,0.0,2,2,0,2,2,0,0.0,Bike,2026-09-03,6
788,2026-09-07 10:29:00,KFC,Fast Food,Society_32,26,2026-09-07 10:55:00,3.02,8,Medium,6,2.94,Temperature-Sensitive,Normal,0,2.72,50,47.78,14.89,47.78,1291,1,0,4658.0,2.41,3.95,12,2.94,1,1,0,0,1,20.0,27,21,30,41.0,20.0,0,0,Do Not Batch,Priority Order,95.16,0.0,2,2,0,2,2,0,0.0,Scooter,2026-09-07,10
789,2026-09-12 14:07:00,Domino's Pizza,Pizza,Society_44,22,2026-09-12 14:29:00,2.47,6,Small,1,0.7,Standard,Normal,0,1.48,39,44.27,7.17,44.27,447,1,0,12832.0,4.52,2.73,4,2.03,1,1,1,0,0,20.0,24,34,24,54.0,20.0,0,0,Do Not Batch,Customer Distance Too High,106.29,0.0,2,2,0,2,2,0,0.0,Scooter,2026-09-12,14
790,2026-09-16 19:10:00,Domino's Pizza,Pizza,Society_04,18,2026-09-16 19:28:00,9.24,26,Small,1,0.7,Standard,Normal,0,1.29,66,79.73,6.22,79.73,828,1,0,1252.0,4.69,4.22,6,3.52,1,1,0,0,0,20.0,45,19,47,39.0,20.0,0,0,Do Not Batch,Priority Order,119.27000000000001,0.0,2,2,0,2,2,0,0.0,Bike,2026-09-16,19
791,2026-09-24 03:46:00,Wow! Momo,Fast Food,Society_11,35,2026-09-24 04:21:00,1.61,4,Medium,5,1.43,Standard,Normal,0,3.46,46,41.54,8.18,41.54,1168,1,0,25813.0,2.3,5.75,10,4.32,1,1,1,0,1,20.0,16,20,18,40.0,20.0,0,0,Do Not Batch,Restaurant Ready-Time Gap,79.24000000000001,0.0,2,2,0,2,2,0,0.0,Bike,2026-09-24,3
792,2026-09-13 11:33:00,Domino's Pizza,Pizza,Society_27,18,2026-09-13 11:51:00,2.15,7,Medium,1,3.08,Standard,Normal,0,5.0,52,44.92,10.18,44.92,1496,1,0,11676.0,2.83,4.38,6,3.08,1,1,1,0,1,20.0,19,25,22,45.0,20.0,0,0,Do Not Batch,Restaurant Ready-Time Gap,100.49000000000001,0.0,2,2,0,2,2,0,0.0,Bike,2026-09-13,11
793,2026-09-09 05:01:00,Pizza Hut,Pizza,Society_22,15,2026-09-09 05:16:00,1.74,5,Small,1,0.7,Standard,Normal,0,2.66,36,43.46,8.29,43.46,1066,1,0,24040.0,2.61,1.91,5,1.21,1,1,1,0,1,20.0,24,20,25,40.0,20.0,0,0,Do Not Batch,Restaurant Ready-Time Gap,93.46000000000001,0.0,2,2,0,2,2,0,0.0,Bike,2026-09-09,5
794,2026-09-18 16:43:00,Pizza Hut,Pizza,Society_31,20,2026-09-18 17:03:00,1.28,3,Medium,1,1.65,Standard,Normal,0,4.57,44,35.2,7.58,35.2,1083,1,0,15486.0,0.24,3.6,2,1.95,1,1,1,0,1,20.0,21,19,24,39.0,20.0,0,0,Do Not Batch,Restaurant Ready-Time Gap,80.14,0.0,2,2,0,2,2,0,0.0,Scooter,2026-09-18,16
795,2026-09-17 10:48:00,Pizza Hut,Pizza,Society_29,19,2026-09-17 11:07:00,1.69,5,Medium,1,3.18,Standard,Priority,50,3.35,41,36.48,10.32,36.48,793,1,0,11871.0,2.03,3.88,2,3.18,1,1,0,0,1,20.0,17,17,19,37.0,20.0,0,0,Do Not Batch,Priority Order,79.94,0.0,2,2,0,2,2,0,0.0,Scooter,2026-09-17,10
796,2026-09-13 17:48:00,Wow! Momo,Fast Food,Society_34,30,2026-09-13 18:18:00,3.86,13,Medium,4,1.28,Standard,Normal,0,2.39,55,50.55,5.31,50.55,78,1,0,16749.0,4.74,1.8,8,1.28,1,1,1,0,0,20.0,32,24,32,44.0,20.0,0,0,Do Not Batch,Customer Distance Too High,101.62,0.0,2,2,0,2,2,0,0.0,Bike,2026-09-13,17
797,2026-09-25 02:31:00,Biryani Blues,Indian,Society_41,25,2026-09-25 02:56:00,2.47,6,Small,5,1.16,Standard,Normal,0,4.07,40,46.68,6.15,46.68,809,1,0,4916.0,1.45,3.34,10,2.18,1,1,1,0,1,20.0,20,17,20,37.0,20.0,0,0,Do Not Batch,Restaurant Ready-Time Gap,89.03,0.0,2,2,0,2,2,0,0.0,Scooter,2026-09-25,2
798,2026-09-15 05:01:00,Burger King,Fast Food,Society_18,20,2026-09-15 05:21:00,1.84,7,Medium,3,3.29,Temperature-Sensitive,Normal,0,3.43,52,44.04,14.74,44.04,221,1,0,5183.0,5.46,5.83,4,3.29,1,1,1,0,0,20.0,22,26,25,46.0,20.0,0,0,Do Not Batch,Customer Distance Too High,94.11,0.0,2,2,0,2,2,0,0.0,Bike,2026-09-15,5
799,2026-09-21 20:42:00,Biryani Blues,Indian,Society_27,33,2026-09-21 21:15:00,1.29,5,Small,1,1.45,Standard,Normal,0,3.38,50,36.12,6.97,36.12,185,1,0,28330.0,4.14,6.03,6,4.58,0,1,1,0,0,20.0,17,25,17,45.0,20.0,0,0,Do Not Batch,Order Size/Item Incompatibility,81.34,0.0,2,2,0,2,2,0,0.0,Scooter,2026-09-21,20
800,2026-09-24 19:46:00,Subway,Fast Food,Society_18,18,2026-09-24 20:04:00,8.01,20,Large,3,5.43,Standard,Normal,0,1.97,52,73.25,12.57,73.25,519,1,0,9572.0,3.06,9.29,7,5.43,0,1,1,0,0,20.0,39,28,39,48.0,20.0,0,0,Do Not Batch,Order Size/Item Incompatibility,146.14,0.0,2,2,0,2,2,0,0.0,Scooter,2026-09-24,19
801,2026-09-23 07:33:00,Theobroma,Bakery,Society_09,33,2026-09-23 08:06:00,2.89,9,Small,6,1.44,Spill-Risk,Normal,0,1.09,46,49.36,8.23,49.36,476,1,0,17433.0,3.29,1.8,10,1.44,1,1,1,0,0,20.0,26,24,27,44.0,20.0,0,0,Do Not Batch,Customer Distance Too High,88.66,0.0,2,2,0,2,2,0,0.0,Bike,2026-09-23,7
802,2026-09-26 22:14:00,McDonald's,Fast Food,Society_42,35,2026-09-26 22:49:00,0.71,2,Medium,6,2.46,Standard,Normal,0,1.77,32,36.55,5.52,36.55,637,1,0,87.0,1.22,3.65,12,2.46,1,1,1,0,1,20.0,13,28,13,48.0,20.0,0,0,Do Not Batch,Restaurant Ready-Time Gap,85.57,0.0,2,2,0,2,2,0,0.0,Bike,2026-09-26,22
803,2026-09-20 23:43:00,McDonald's,Fast Food,Society_42,20,2026-09-21 00:03:00,2.05,5,Small,5,0.96,Standard,Normal,0,3.03,37,41.01,8.4,41.01,1302,1,0,877.0,2.13,3.14,8,2.18,1,1,1,0,1,20.0,20,35,21,55.0,20.0,0,0,Do Not Batch,Restaurant Ready-Time Gap,103.35,0.0,2,2,0,2,2,0,0.0,Bike,2026-09-20,23
804,2026-09-29 04:11:00,Burger King,Fast Food,Society_01,30,2026-09-29 04:41:00,2.51,8,Large,2,3.91,Fragile,Normal,0,1.85,40,43.96,6.86,43.96,473,1,0,26309.0,4.52,7.34,3,3.91,0,1,0,0,0,20.0,19,15,22,35.0,20.0,0,0,Do Not Batch,Priority Order,74.84,0.0,2,2,0,2,2,0,0.0,Bike,2026-09-29,4
805,2026-09-21 00:13:00,Domino's Pizza,Pizza,Society_11,14,2026-09-21 00:27:00,5.13,18,Small,2,0.87,Spill-Risk,Normal,0,5.86,50,56.32,10.18,56.32,349,1,0,12382.0,1.64,2.23,6,1.36,1,1,1,0,1,20.0,36,16,38,36.0,20.0,0,0,Do Not Batch,Restaurant Ready-Time Gap,98.13,0.0,2,2,0,2,2,0,0.0,Bike,2026-09-21,0
806,2026-09-27 14:13:00,Domino's Pizza,Pizza,Society_43,13,2026-09-27 14:26:00,8.03,25,Medium,1,1.83,Standard,Normal,0,5.11,65,74.25,11.08,74.25,1394,1,0,23285.0,3.99,2.79,6,1.83,1,1,1,0,0,20.0,40,16,42,36.0,20.0,0,0,Do Not Batch,Customer Distance Too High,116.58,0.0,2,2,0,2,2,0,0.0,Bike,2026-09-27,14
807,2026-09-09 06:50:00,Burger King,Fast Food,Society_08,23,2026-09-09 07:13:00,1.36,5,Small,1,0.84,Standard,Priority,50,1.94,35,38.19,14.23,38.19,494,1,0,3305.0,0.57,1.32,6,0.84,1,1,0,0,1,20.0,23,28,24,48.0,20.0,0,0,Do Not Batch,Priority Order,83.63,0.0,2,2,0,2,2,0,0.0,Bike,2026-09-09,6
808,2026-09-19 00:13:00,Haldiram's,Indian,Society_44,17,2026-09-19 00:30:00,0.63,2,Medium,2,2.07,Standard,Normal,0,3.63,45,33.9,11.14,33.9,1087,1,0,22543.0,0.82,3.15,8,2.07,1,1,1,0,1,20.0,15,21,17,41.0,20.0,0,0,Do Not Batch,Restaurant Ready-Time Gap,79.44,0.0,2,2,0,2,2,0,0.0,Bike,2026-09-19,0
809,2026-09-28 12:44:00,Biryani Blues,Indian,Society_01,8,2026-09-28 12:52:00,2.04,7,Medium,5,2.18,Standard,Normal,0,2.03,50,42.35,11.04,42.35,1180,1,0,24513.0,5.16,3.41,11,2.18,1,1,0,0,0,20.0,19,28,22,48.0,20.0,0,0,Do Not Batch,Priority Order,95.57,0.0,2,2,0,2,2,0,0.0,Bike,2026-09-28,12
810,2026-09-14 23:04:00,Subway,Fast Food,Society_04,17,2026-09-14 23:21:00,5.7,13,Medium,2,1.79,Standard,Priority,50,3.21,56,63.81,13.47,63.81,957,1,0,4179.0,2.48,3.02,5,1.79,1,1,0,0,1,20.0,24,32,26,52.0,20.0,0,0,Do Not Batch,Priority Order,127.37,0.0,2,2,0,2,2,0,0.0,Bike,2026-09-14,23
811,2026-09-13 22:47:00,Subway,Fast Food,Society_49,11,2026-09-13 22:58:00,2.82,7,Small,5,1.42,Fragile,Normal,0,2.78,39,46.27,13.62,46.27,334,1,0,16860.0,1.75,2.04,11,1.42,1,1,1,0,1,20.0,24,29,24,49.0,20.0,0,0,Do Not Batch,Restaurant Ready-Time Gap,99.69,0.0,2,2,0,2,2,0,0.0,Bike,2026-09-13,22
812,2026-09-20 07:05:00,Pizza Hut,Pizza,Society_40,41,2026-09-20 07:46:00,0.5,2,Small,3,0.76,Standard,Normal,0,3.37,32,37.3,8.56,37.3,1118,1,0,2783.0,4.41,1.44,9,0.76,1,1,1,0,0,20.0,15,16,18,36.0,20.0,0,0,Do Not Batch,Customer Distance Too High,71.78999999999999,0.0,2,2,0,2,2,0,0.0,Scooter,2026-09-20,7
813,2026-09-05 18:03:00,Theobroma,Bakery,Society_07,18,2026-09-05 18:21:00,2.42,6,Medium,6,2.42,Spill-Risk,Normal,0,2.26,43,46.31,11.51,46.31,1294,1,0,22567.0,4.24,3.31,10,2.42,1,1,1,0,0,20.0,17,19,20,39.0,20.0,0,0,Do Not Batch,Customer Distance Too High,98.03999999999999,0.0,2,2,0,2,2,0,0.0,Bike,2026-09-05,18
814,2026-09-04 16:30:00,Burger King,Fast Food,Society_35,20,2026-09-04 16:50:00,1.11,3,Small,4,1.49,Standard,Normal,0,4.28,39,39.47,9.46,39.47,1095,1,0,20817.0,3.79,2.58,9,1.49,1,1,1,0,0,20.0,21,19,23,39.0,20.0,0,0,Do Not Batch,Customer Distance Too High,79.36,0.0,2,2,0,2,2,0,0.0,Bike,2026-09-04,16
815,2026-09-22 23:20:00,Burger King,Fast Food,Society_14,25,2026-09-22 23:45:00,1.85,6,Small,5,1.45,Standard,Normal,0,3.44,46,44.81,11.46,44.81,870,1,0,1486.0,1.7,2.07,7,1.45,1,1,1,0,1,20.0,23,21,25,41.0,20.0,0,0,Do Not Batch,Restaurant Ready-Time Gap,96.97,0.0,2,2,0,2,2,0,0.0,Bike,2026-09-22,23
816,2026-09-15 05:14:00,McDonald's,Fast Food,Society_43,33,2026-09-15 05:47:00,2.06,5,Medium,6,1.87,Standard,Normal,0,0.42,44,41.58,14.88,41.58,460,1,0,3583.0,2.1,3.67,9,1.87,1,1,1,0,1,20.0,19,12,20,32.0,20.0,0,0,Do Not Batch,Restaurant Ready-Time Gap,80.14,0.0,2,2,0,2,2,0,0.0,Scooter,2026-09-15,5
817,2026-09-10 06:57:00,Pizza Hut,Pizza,Society_15,25,2026-09-10 07:22:00,2.23,7,Small,4,0.76,Temperature-Sensitive,Normal,0,2.09,48,41.34,10.05,41.34,890,1,0,24594.0,2.94,6.2,6,5.44,0,1,1,0,1,20.0,24,22,24,42.0,20.0,0,0,Do Not Batch,Order Size/Item Incompatibility,89.01,0.0,2,2,0,2,2,0,0.0,Bike,2026-09-10,6
818,2026-09-11 06:15:00,Theobroma,Bakery,Society_03,8,2026-09-11 06:23:00,4.07,13,Large,6,3.94,Standard,Normal,0,1.29,49,49.86,5.08,49.86,1039,1,0,13095.0,3.47,6.2,8,3.94,0,1,1,0,0,20.0,27,23,29,43.0,20.0,0,0,Do Not Batch,Order Size/Item Incompatibility,95.50999999999999,0.0,2,2,0,2,2,0,0.0,Scooter,2026-09-11,6
819,2026-09-05 08:16:00,McDonald's,Fast Food,Society_44,20,2026-09-05 08:36:00,2.27,7,Medium,5,2.61,Temperature-Sensitive,Priority,50,3.32,37,40.86,10.0,40.86,721,1,0,7001.0,1.79,3.72,7,2.61,1,1,0,0,1,20.0,23,26,25,46.0,20.0,0,0,Do Not Batch,Priority Order,87.68,0.0,2,2,0,2,2,0,0.0,Scooter,2026-09-05,8
820,2026-09-13 12:26:00,Haldiram's,Indian,Society_37,14,2026-09-13 12:40:00,3.77,11,Large,3,3.2,Standard,Normal,0,1.1,49,47.26,14.16,47.26,1147,1,0,4151.0,2.74,4.45,4,3.2,1,1,1,0,1,20.0,25,18,26,38.0,20.0,0,0,Do Not Batch,Restaurant Ready-Time Gap,85.0,0.0,2,2,0,2,2,0,0.0,Scooter,2026-09-13,12
821,2026-09-29 23:06:00,Burger King,Fast Food,Society_30,15,2026-09-29 23:21:00,1.03,3,Small,6,1.23,Standard,Normal,0,0.2,36,33.55,11.09,33.55,359,1,0,7346.0,2.87,1.69,8,1.23,1,1,1,0,1,20.0,17,12,19,32.0,20.0,0,0,Do Not Batch,Restaurant Ready-Time Gap,67.38,0.0,2,2,0,2,2,0,0.0,Bike,2026-09-29,23
822,2026-09-06 08:47:00,McDonald's,Fast Food,Society_31,18,2026-09-06 09:05:00,2.18,6,Small,5,1.44,Standard,Normal,0,4.43,45,39.41,12.15,39.41,483,1,0,5552.0,4.3,1.94,7,1.44,1,1,1,0,0,20.0,19,25,19,45.0,20.0,0,0,Do Not Batch,Customer Distance Too High,94.87,0.0,2,2,0,2,2,0,0.0,Bike,2026-09-06,8
823,2026-09-24 17:16:00,Burger King,Fast Food,Society_28,19,2026-09-24 17:35:00,4.31,11,Small,2,0.85,Standard,Normal,0,3.04,41,55.01,14.41,55.01,1144,1,0,10669.0,3.56,1.27,8,0.85,1,1,1,0,0,20.0,25,16,25,36.0,20.0,0,0,Do Not Batch,Customer Distance Too High,89.03,0.0,2,2,0,2,2,0,0.0,Bike,2026-09-24,17
824,2026-09-12 09:04:00,Theobroma,Bakery,Society_01,28,2026-09-12 09:32:00,1.96,7,Small,6,0.58,Spill-Risk,Normal,0,4.11,47,39.95,14.99,39.95,63,1,0,7135.0,0.39,1.08,8,0.58,1,0,1,0,1,20.0,23,29,26,49.0,20.0,0,0,Do Not Batch,Order Size/Item Incompatibility,90.5,0.0,2,2,0,2,2,0,0.0,Scooter,2026-09-12,9
825,2026-09-09 15:24:00,KFC,Fast Food,Society_48,16,2026-09-09 15:40:00,3.61,10,Large,4,4.18,Standard,Normal,0,2.77,40,51.57,10.47,51.57,756,1,0,296.0,2.2,5.42,6,4.18,1,1,1,0,1,20.0,22,27,25,47.0,20.0,0,0,Do Not Batch,Restaurant Ready-Time Gap,108.75999999999999,0.0,2,2,0,2,2,0,0.0,Scooter,2026-09-09,15
826,2026-09-28 10:55:00,Subway,Fast Food,Society_21,14,2026-09-28 11:09:00,9.11,20,Medium,2,3.18,Standard,Normal,0,1.94,53,76.94,5.16,76.94,744,1,0,5468.0,1.2,6.65,8,3.47,0,1,1,0,1,20.0,33,21,33,41.0,20.0,0,0,Do Not Batch,Order Size/Item Incompatibility,120.39,0.0,2,2,0,2,2,0,0.0,Scooter,2026-09-28,10
827,2026-10-01 02:15:00,Domino's Pizza,Pizza,Society_47,10,2026-10-01 02:25:00,1.12,3,Large,1,4.85,Standard,Normal,0,1.15,44,33.94,9.2,33.94,729,1,0,5223.0,3.3,6.5,5,4.85,0,1,0,0,0,20.0,20,24,21,44.0,20.0,0,0,Do Not Batch,Priority Order,88.53999999999999,0.0,2,2,0,2,2,0,0.0,Bike,2026-10-01,2
828,2026-09-15 22:21:00,Domino's Pizza,Pizza,Society_22,15,2026-09-15 22:36:00,1.96,6,Large,5,3.52,Spill-Risk,Priority,50,1.98,45,39.54,6.37,39.54,952,1,0,17097.0,3.79,7.26,6,3.74,0,0,0,0,0,20.0,21,40,24,60.0,20.0,0,0,Do Not Batch,Priority Order,105.81,0.0,2,2,0,2,2,0,0.0,Scooter,2026-09-15,22
829,2026-09-26 12:51:00,Domino's Pizza,Pizza,Society_15,33,2026-09-26 13:24:00,7.38,16,Medium,1,2.77,Standard,Normal,0,3.7,51,67.08,5.88,67.08,184,1,0,1123.0,2.64,6.59,7,3.82,0,1,1,0,1,20.0,33,19,33,39.0,20.0,0,0,Do Not Batch,Order Size/Item Incompatibility,101.69,0.0,2,2,0,2,2,0,0.0,Scooter,2026-09-26,12
830,2026-09-05 03:10:00,McDonald's,Fast Food,Society_20,18,2026-09-05 03:28:00,3.97,11,Small,2,0.38,Standard,Normal,0,1.65,48,48.44,14.92,48.44,147,1,1,15784.0,0.3,1.14,8,0.76,1,1,1,0,1,20.0,22,40,22,60.0,20.0,0,0,Do Not Batch,Restaurant Ready-Time Gap,127.67999999999999,0.0,2,2,0,2,2,0,0.0,Bike,2026-09-05,3
831,2026-09-24 06:40:00,Domino's Pizza,Pizza,Society_30,24,2026-09-24 07:04:00,7.35,21,Small,4,0.52,Standard,Normal,0,2.87,65,68.5,7.51,68.5,386,1,0,9827.0,2.6,5.83,8,5.31,1,1,0,0,1,20.0,39,23,42,43.0,20.0,0,0,Do Not Batch,Priority Order,110.4,0.0,2,2,0,2,2,0,0.0,Bike,2026-09-24,6
832,2026-09-06 16:33:00,KFC,Fast Food,Society_47,22,2026-09-06 16:55:00,0.96,3,Small,5,0.81,Standard,Normal,0,3.93,36,32.93,10.92,32.93,216,1,0,29424.0,2.79,2.28,10,1.47,1,1,1,0,1,20.0,19,20,19,40.0,20.0,0,0,Do Not Batch,Restaurant Ready-Time Gap,80.22999999999999,0.0,2,2,0,2,2,0,0.0,Scooter,2026-09-06,16
833,2026-09-26 05:32:00,Haldiram's,Indian,Society_40,21,2026-09-26 05:53:00,0.99,4,Small,3,0.68,Standard,Normal,0,3.17,48,39.75,5.49,39.75,1147,1,0,14162.0,1.6,1.93,4,1.25,1,1,1,0,1,20.0,18,17,18,37.0,20.0,0,0,Do Not Batch,Restaurant Ready-Time Gap,77.49000000000001,0.0,2,2,0,2,2,0,0.0,Scooter,2026-09-26,5
834,2026-09-21 06:42:00,Haldiram's,Indian,Society_08,27,2026-09-21 07:09:00,2.59,8,Small,5,0.67,Standard,Normal,0,3.67,52,46.25,11.13,46.25,662,1,0,8194.0,0.79,4.64,8,3.97,1,1,1,0,1,20.0,24,44,24,64.0,20.0,0,0,Do Not Batch,Restaurant Ready-Time Gap,119.7,0.0,2,2,0,2,2,0,0.0,Scooter,2026-09-21,6
835,2026-09-03 12:48:00,Biryani Blues,Indian,Society_05,8,2026-09-03 12:56:00,1.6,4,Small,1,1.38,Standard,Normal,0,3.94,34,40.65,6.3,40.65,878,1,0,14544.0,0.2,4.8,5,3.42,1,1,1,0,1,20.0,15,25,15,45.0,20.0,0,0,Do Not Batch,Restaurant Ready-Time Gap,83.15,0.0,2,2,0,2,2,0,0.0,Scooter,2026-09-03,12
836,2026-09-25 04:34:00,Theobroma,Bakery,Society_37,21,2026-09-25 04:55:00,2.9,7,Small,5,0.42,Standard,Normal,0,2.18,52,49.08,7.16,49.08,408,1,0,3229.0,4.27,1.74,11,1.32,1,1,1,0,0,20.0,20,17,23,37.0,20.0,0,0,Do Not Batch,Customer Distance Too High,97.85,0.0,2,2,0,2,2,0,0.0,Bike,2026-09-25,4
837,2026-09-04 04:15:00,Subway,Fast Food,Society_18,16,2026-09-04 04:31:00,3.6,8,Large,2,4.17,Standard,Normal,0,5.42,46,48.2,9.74,48.2,743,1,0,20595.0,3.19,5.36,3,4.17,1,1,1,0,0,20.0,24,30,25,50.0,20.0,0,0,Do Not Batch,Customer Distance Too High,105.6,0.0,2,2,0,2,2,0,0.0,Scooter,2026-09-04,4
838,2026-09-21 14:07:00,Haldiram's,Indian,Society_20,8,2026-09-21 14:15:00,3.81,10,Small,2,0.76,Standard,Normal,0,1.17,49,54.94,10.22,54.94,951,1,0,5781.0,3.01,2.05,7,1.29,1,1,1,0,0,20.0,21,20,21,40.0,20.0,0,0,Do Not Batch,Customer Distance Too High,87.41999999999999,0.0,2,2,0,2,2,0,0.0,Scooter,2026-09-21,14
839,2026-09-09 05:31:00,Burger King,Fast Food,Society_22,14,2026-09-09 05:45:00,5.45,17,Medium,3,2.17,Standard,Normal,0,2.81,47,60.04,5.79,60.04,492,1,0,1563.0,4.27,3.67,6,2.17,1,1,1,0,0,20.0,34,35,36,55.0,20.0,0,0,Do Not Batch,Customer Distance Too High,136.1,0.0,2,2,0,2,2,0,0.0,Bike,2026-09-09,5
840,2026-09-22 02:07:00,KFC,Fast Food,Society_21,27,2026-09-22 02:34:00,0.5,2,Medium,6,1.6,Fragile,Normal,0,1.63,33,32.68,6.58,32.68,140,1,0,8525.0,0.74,3.25,9,1.65,1,1,1,0,1,20.0,21,21,22,41.0,20.0,0,0,Do Not Batch,Restaurant Ready-Time Gap,72.6,0.0,2,2,0,2,2,0,0.0,Bike,2026-09-22,2
841,2026-09-25 15:32:00,Burger King,Fast Food,Society_18,33,2026-09-25 16:05:00,1.02,4,Small,1,0.36,Standard,Priority,50,2.03,36,39.86,14.24,39.86,807,1,0,23572.0,0.2,1.2,2,0.84,1,1,0,0,1,20.0,23,24,25,44.0,20.0,0,0,Do Not Batch,Priority Order,78.05,0.0,2,2,0,2,2,0,0.0,Bike,2026-09-25,15
842,2026-09-15 03:23:00,Pizza Hut,Pizza,Society_29,34,2026-09-15 03:57:00,1.59,4,Medium,5,3.34,Standard,Normal,0,1.48,38,40.77,10.59,40.77,434,1,0,7439.0,3.04,5.18,6,3.34,1,1,0,0,0,20.0,18,24,20,44.0,20.0,0,0,Do Not Batch,Priority Order,87.16,0.0,2,2,0,2,2,0,0.0,Scooter,2026-09-15,3
843,2026-09-22 07:23:00,Theobroma,Bakery,Society_45,19,2026-09-22 07:42:00,6.04,13,Small,6,1.17,Spill-Risk,Normal,0,1.34,48,62.37,14.21,62.37,302,1,0,6800.0,2.91,3.08,7,1.91,1,1,1,0,1,20.0,27,26,27,46.0,20.0,0,0,Do Not Batch,Restaurant Ready-Time Gap,111.91,0.0,2,2,0,2,2,0,0.0,Bike,2026-09-22,7
844,2026-09-08 14:29:00,Biryani Blues,Indian,Society_45,27,2026-09-08 14:56:00,1.31,4,Small,1,1.13,Standard,Normal,0,2.45,44,40.57,5.46,40.57,1158,1,0,20302.0,0.2,3.45,6,2.32,1,1,1,0,1,20.0,21,28,24,48.0,20.0,0,0,Do Not Batch,Restaurant Ready-Time Gap,88.18,0.0,2,2,0,2,2,0,0.0,Scooter,2026-09-08,14
845,2026-09-11 07:22:00,McDonald's,Fast Food,Society_29,12,2026-09-11 07:34:00,2.52,7,Medium,6,1.93,Standard,Normal,0,2.75,46,47.93,12.78,47.93,394,1,0,873.0,3.0,5.35,8,3.42,1,1,1,0,1,20.0,17,21,19,41.0,20.0,0,0,Do Not Batch,Restaurant Ready-Time Gap,94.52000000000001,0.0,2,2,0,2,2,0,0.0,Bike,2026-09-11,7
846,2026-09-28 01:39:00,Burger King,Fast Food,Society_03,19,2026-09-28 01:58:00,3.06,11,Small,4,1.39,Standard,Priority,50,2.06,50,45.75,7.18,45.75,1020,1,0,2113.0,1.94,2.39,7,1.39,1,1,0,0,1,20.0,26,22,28,42.0,20.0,0,0,Do Not Batch,Priority Order,98.74000000000001,0.0,2,2,0,2,2,0,0.0,Bike,2026-09-28,1
847,2026-09-04 21:43:00,KFC,Fast Food,Society_06,18,2026-09-04 22:01:00,2.95,9,Small,5,1.41,Spill-Risk,Normal,0,2.54,52,46.65,6.87,46.65,586,1,0,21313.0,1.37,2.41,6,1.41,1,1,1,0,1,20.0,20,15,22,35.0,20.0,0,0,Do Not Batch,Restaurant Ready-Time Gap,88.53999999999999,0.0,2,2,0,2,2,0,0.0,Scooter,2026-09-04,21
848,2026-09-03 22:25:00,Burger King,Fast Food,Society_05,14,2026-09-03 22:39:00,2.88,7,Small,1,0.46,Standard,Normal,0,3.44,50,49.4,7.13,49.4,1347,1,0,27066.0,2.03,2.22,3,1.76,1,1,0,0,1,20.0,17,33,17,53.0,20.0,0,0,Do Not Batch,Priority Order,115.13999999999999,0.0,2,2,0,2,2,0,0.0,Scooter,2026-09-03,22
849,2026-09-16 04:08:00,Wow! Momo,Fast Food,Society_17,30,2026-09-16 04:38:00,3.6,8,Small,4,0.95,Standard,Priority,50,0.94,52,48.87,12.18,48.87,72,1,0,5328.0,0.2,1.29,6,0.95,1,1,0,0,1,20.0,24,31,24,51.0,20.0,0,0,Do Not Batch,Priority Order,103.25999999999999,0.0,2,2,0,2,2,0,0.0,Bike,2026-09-16,4
850,2026-09-16 13:08:00,KFC,Fast Food,Society_47,17,2026-09-16 13:25:00,5.53,17,Small,5,1.04,Standard,Normal,0,2.43,47,55.94,14.84,55.94,470,1,1,14349.0,0.31,1.82,6,1.04,1,1,1,0,1,20.0,30,23,33,43.0,20.0,0,0,Do Not Batch,Restaurant Ready-Time Gap,98.78,0.0,2,2,0,2,2,0,0.0,Bike,2026-09-16,13
851,2026-09-10 12:25:00,KFC,Fast Food,Society_27,20,2026-09-10 12:45:00,0.82,2,Medium,1,1.65,Spill-Risk,Normal,0,1.1,38,35.1,7.44,35.1,140,1,0,8144.0,1.51,3.3,4,1.65,1,1,1,0,1,20.0,12,19,12,39.0,20.0,0,0,Do Not Batch,Restaurant Ready-Time Gap,75.02000000000001,0.0,2,2,0,2,2,0,0.0,Scooter,2026-09-10,12
852,2026-09-07 02:07:00,Burger King,Fast Food,Society_45,35,2026-09-07 02:42:00,2.44,7,Small,6,0.43,Standard,Normal,0,0.2,37,44.26,14.96,44.26,1076,1,0,28173.0,3.28,5.98,12,5.55,1,1,1,0,0,20.0,26,21,27,41.0,20.0,0,0,Do Not Batch,Customer Distance Too High,93.09,0.0,2,2,0,2,2,0,0.0,Bike,2026-09-07,2
853,2026-09-07 01:09:00,Haldiram's,Indian,Society_50,27,2026-09-07 01:36:00,2.64,9,Small,4,1.42,Standard,Normal,0,3.27,42,44.2,6.11,44.2,280,1,0,24959.0,2.28,2.73,10,1.42,1,1,0,0,1,20.0,24,23,27,43.0,20.0,0,0,Do Not Batch,Priority Order,84.59,0.0,2,2,0,2,2,0,0.0,Scooter,2026-09-07,1
854,2026-09-29 10:43:00,Haldiram's,Indian,Society_10,18,2026-09-29 11:01:00,1.08,3,Medium,4,3.31,Standard,Normal,0,3.12,36,34.6,9.5,34.6,1463,1,0,39226.0,3.39,4.67,5,3.31,1,1,1,0,0,20.0,22,22,22,42.0,20.0,0,0,Do Not Batch,Customer Distance Too High,76.68,0.0,2,2,0,2,2,0,0.0,Scooter,2026-09-29,10
855,2026-09-30 09:16:00,Burger King,Fast Food,Society_43,19,2026-09-30 09:35:00,2.87,7,Small,3,0.7,Standard,Normal,0,1.22,50,46.09,7.17,46.09,10,1,0,2374.0,0.2,1.6,5,0.9,1,1,1,0,1,20.0,22,22,22,42.0,20.0,0,0,Do Not Batch,Restaurant Ready-Time Gap,91.76,0.0,2,2,0,2,2,0,0.0,Scooter,2026-09-30,9
856,2026-09-15 00:15:00,Biryani Blues,Indian,Society_43,34,2026-09-15 00:49:00,1.65,5,Medium,1,2.48,Standard,Priority,50,5.5,46,41.25,8.03,41.25,639,1,0,5619.0,1.33,3.24,6,2.48,1,1,0,0,1,20.0,17,27,19,47.0,20.0,0,0,Do Not Batch,Priority Order,98.25999999999999,0.0,2,2,0,2,2,0,0.0,Bike,2026-09-15,0
857,2026-09-22 06:23:00,Domino's Pizza,Pizza,Society_17,13,2026-09-22 06:36:00,3.32,10,Small,2,0.4,Spill-Risk,Normal,0,4.55,50,49.09,9.11,49.09,1330,1,0,6795.0,3.28,1.26,7,0.86,1,1,0,0,0,20.0,25,29,25,49.0,20.0,0,0,Do Not Batch,Priority Order,115.19,0.0,2,2,0,2,2,0,0.0,Scooter,2026-09-22,6
858,2026-09-03 06:31:00,Biryani Blues,Indian,Society_15,15,2026-09-03 06:46:00,2.29,6,Small,4,0.31,Fragile,Normal,0,3.32,45,45.95,12.86,45.95,375,1,0,5725.0,2.07,1.51,6,1.2,1,0,1,0,1,20.0,25,31,27,51.0,20.0,0,0,Do Not Batch,Order Size/Item Incompatibility,108.05000000000001,0.0,2,2,0,2,2,0,0.0,Bike,2026-09-03,6
859,2026-09-25 00:11:00,Biryani Blues,Indian,Society_38,19,2026-09-25 00:30:00,3.93,12,Medium,2,2.35,Standard,Normal,0,2.58,47,51.7,13.71,51.7,656,1,0,15207.0,3.68,2.89,7,2.35,1,1,1,0,0,20.0,30,16,30,36.0,20.0,0,0,Do Not Batch,Customer Distance Too High,90.74000000000001,0.0,2,2,0,2,2,0,0.0,Bike,2026-09-25,0
860,2026-09-17 02:20:00,Biryani Blues,Indian,Society_31,21,2026-09-17 02:41:00,4.42,13,Small,3,0.69,Standard,Priority,50,1.34,54,55.84,10.58,55.84,625,1,0,3797.0,0.2,1.66,6,0.97,1,1,0,0,1,20.0,28,18,28,38.0,20.0,0,0,Do Not Batch,Priority Order,87.93,0.0,2,2,0,2,2,0,0.0,Scooter,2026-09-17,2
861,2026-09-21 14:57:00,Biryani Blues,Indian,Society_34,22,2026-09-21 15:19:00,5.17,13,Small,6,0.55,Standard,Normal,0,2.6,54,58.45,6.89,58.45,1181,1,0,3595.0,3.52,1.2,10,0.65,1,1,0,0,0,20.0,23,16,23,36.0,20.0,0,0,Do Not Batch,Priority Order,101.09,0.0,2,2,0,2,2,0,0.0,Scooter,2026-09-21,14
862,2026-09-12 09:59:00,Domino's Pizza,Pizza,Society_48,9,2026-09-12 10:08:00,4.9,15,Small,1,1.37,Standard,Priority,50,3.25,46,54.4,9.26,54.4,234,1,0,1109.0,1.61,2.73,3,1.37,1,1,0,0,1,20.0,34,20,34,40.0,20.0,0,0,Do Not Batch,Priority Order,107.58,0.0,2,2,0,2,2,0,0.0,Bike,2026-09-12,9
863,2026-09-22 00:52:00,KFC,Fast Food,Society_20,13,2026-09-22 01:05:00,3.53,12,Medium,4,1.59,Spill-Risk,Normal,0,1.12,48,46.4,14.21,46.4,921,1,0,2714.0,1.47,3.1,9,1.59,1,0,0,0,1,20.0,27,17,27,37.0,20.0,0,0,Do Not Batch,Priority Order,92.50999999999999,0.0,2,2,0,2,2,0,0.0,Scooter,2026-09-22,0
864,2026-09-16 23:57:00,Theobroma,Bakery,Society_33,28,2026-09-17 00:25:00,2.28,6,Small,2,0.95,Spill-Risk,Normal,0,3.39,43,39.67,14.9,39.67,1174,1,0,6355.0,3.89,1.84,3,0.95,1,1,1,0,0,20.0,23,27,26,47.0,20.0,0,0,Do Not Batch,Customer Distance Too High,83.96000000000001,0.0,2,2,0,2,2,0,0.0,Bike,2026-09-16,23
865,2026-09-03 20:07:00,Pizza Hut,Pizza,Society_25,20,2026-09-03 20:27:00,8.93,22,Small,2,0.58,Fragile,Normal,0,4.31,61,80.61,12.35,80.61,371,1,0,15114.0,4.13,4.02,8,3.44,1,1,1,0,0,20.0,38,37,38,57.0,20.0,0,0,Do Not Batch,Customer Distance Too High,142.46,0.0,2,2,0,2,2,0,0.0,Bike,2026-09-03,20
866,2026-09-23 19:39:00,Subway,Fast Food,Society_10,18,2026-09-23 19:57:00,2.62,8,Large,6,4.24,Temperature-Sensitive,Normal,0,3.08,41,45.49,5.04,45.49,500,1,0,6780.0,3.95,5.21,8,4.24,1,1,1,0,0,20.0,25,27,25,47.0,20.0,0,0,Do Not Batch,Customer Distance Too High,96.93,0.0,2,2,0,2,2,0,0.0,Bike,2026-09-23,19
867,2026-09-11 06:41:00,McDonald's,Fast Food,Society_37,34,2026-09-11 07:15:00,1.76,6,Small,1,0.69,Standard,Normal,0,1.37,39,42.61,9.56,42.61,502,1,0,2868.0,5.35,1.94,6,1.25,1,1,1,0,0,20.0,23,16,25,36.0,20.0,0,0,Do Not Batch,Customer Distance Too High,79.84,0.0,2,2,0,2,2,0,0.0,Scooter,2026-09-11,6
868,2026-09-14 06:38:00,Domino's Pizza,Pizza,Society_46,25,2026-09-14 07:03:00,2.88,7,Large,1,3.53,Standard,Priority,50,0.2,42,42.74,10.87,42.74,827,1,0,24202.0,4.27,8.38,2,4.85,0,1,0,0,0,20.0,25,18,26,38.0,20.0,0,0,Do Not Batch,Priority Order,76.68,0.0,2,2,0,2,2,0,0.0,Bike,2026-09-14,6
869,2026-09-02 13:38:00,Haldiram's,Indian,Society_43,27,2026-09-02 14:05:00,1.79,4,Small,1,0.73,Standard,Normal,0,3.72,48,44.27,11.74,44.27,96,1,0,38702.0,1.39,3.62,3,2.89,1,1,1,0,1,20.0,16,19,17,39.0,20.0,0,0,Do Not Batch,Restaurant Ready-Time Gap,81.47,0.0,2,2,0,2,2,0,0.0,Bike,2026-09-02,13
870,2026-09-21 22:39:00,Burger King,Fast Food,Society_07,20,2026-09-21 22:59:00,3.42,9,Small,2,0.62,Standard,Normal,0,1.34,50,52.16,7.97,52.16,509,1,0,1857.0,2.7,0.95,5,0.62,1,1,1,0,1,20.0,25,17,28,37.0,20.0,0,0,Do Not Batch,Restaurant Ready-Time Gap,100.91999999999999,0.0,2,2,0,2,2,0,0.0,Bike,2026-09-21,22
871,2026-09-16 17:45:00,KFC,Fast Food,Society_40,17,2026-09-16 18:02:00,0.93,2,Medium,3,3.29,Temperature-Sensitive,Normal,0,1.89,47,35.29,9.62,35.29,690,1,0,6784.0,2.0,6.77,4,3.48,0,1,0,0,1,20.0,17,19,17,39.0,20.0,0,0,Do Not Batch,Priority Order,69.28999999999999,0.0,2,2,0,2,2,0,0.0,Scooter,2026-09-16,17
872,2026-09-09 17:29:00,Domino's Pizza,Pizza,Society_01,26,2026-09-09 17:55:00,4.35,10,Medium,6,3.29,Temperature-Sensitive,Normal,0,2.31,53,53.24,10.82,53.24,121,1,0,2112.0,5.34,4.54,8,3.29,1,1,0,0,0,20.0,21,30,22,50.0,20.0,0,0,Do Not Batch,Priority Order,114.45,0.0,2,2,0,2,2,0,0.0,Bike,2026-09-09,17
873,2026-09-20 18:08:00,Domino's Pizza,Pizza,Society_15,18,2026-09-20 18:26:00,4.12,13,Medium,1,2.35,Standard,Normal,0,0.85,44,51.75,14.25,51.75,197,1,0,14452.0,4.05,2.85,3,2.35,1,1,1,0,0,20.0,27,38,29,58.0,20.0,0,0,Do Not Batch,Customer Distance Too High,116.76,0.0,2,2,0,2,2,0,0.0,Bike,2026-09-20,18
874,2026-09-03 17:25:00,Subway,Fast Food,Society_43,31,2026-09-03 17:56:00,0.5,2,Medium,6,2.76,Standard,Normal,0,1.31,45,36.07,10.39,36.07,1045,1,0,106.0,2.24,4.37,12,2.76,1,1,1,0,1,20.0,14,32,16,52.0,20.0,0,0,Do Not Batch,Restaurant Ready-Time Gap,92.94,0.0,2,2,0,2,2,0,0.0,Scooter,2026-09-03,17
875,2026-09-30 00:49:00,McDonald's,Fast Food,Society_27,10,2026-09-30 00:59:00,7.19,20,Small,5,0.82,Standard,Normal,0,3.66,59,68.19,7.64,68.19,534,1,0,7506.0,3.73,1.6,11,0.82,1,1,1,0,0,20.0,34,17,37,37.0,20.0,0,0,Do Not Batch,Customer Distance Too High,113.12,0.0,2,2,0,2,2,0,0.0,Scooter,2026-09-30,0
876,2026-09-16 10:15:00,Domino's Pizza,Pizza,Society_42,30,2026-09-16 10:45:00,1.46,5,Small,5,0.94,Fragile,Normal,0,2.98,45,41.97,12.26,41.97,234,1,0,6906.0,0.77,2.3,7,1.36,1,1,1,0,1,20.0,23,27,25,47.0,20.0,0,0,Do Not Batch,Restaurant Ready-Time Gap,95.15,0.0,2,2,0,2,2,0,0.0,Scooter,2026-09-16,10
877,2026-09-24 10:29:00,Theobroma,Bakery,Society_26,37,2026-09-24 11:06:00,1.45,4,Large,6,3.28,Standard,Normal,0,0.23,46,39.28,13.49,39.28,1325,1,0,26666.0,2.85,5.61,12,3.28,1,1,0,0,1,20.0,21,18,22,38.0,20.0,0,0,Do Not Batch,Priority Order,82.00999999999999,0.0,2,2,0,2,2,0,0.0,Bike,2026-09-24,10
878,2026-09-13 15:04:00,Biryani Blues,Indian,Society_17,16,2026-09-13 15:20:00,2.41,9,Medium,4,3.42,Standard,Normal,0,2.51,44,42.5,10.01,42.5,1285,1,0,633.0,1.19,4.42,5,3.42,1,1,1,0,1,20.0,27,24,28,44.0,20.0,0,0,Do Not Batch,Restaurant Ready-Time Gap,91.72999999999999,0.0,2,2,0,2,2,0,0.0,Scooter,2026-09-13,15
879,2026-09-05 00:11:00,Haldiram's,Indian,Society_50,20,2026-09-05 00:31:00,4.31,11,Medium,1,3.14,Standard,Normal,0,0.72,42,51.23,6.99,51.23,83,1,0,12178.0,0.2,4.34,2,3.14,1,1,1,0,1,20.0,29,19,30,39.0,20.0,0,0,Do Not Batch,Restaurant Ready-Time Gap,92.07,0.0,2,2,0,2,2,0,0.0,Bike,2026-09-05,0
880,2026-09-19 00:38:00,Biryani Blues,Indian,Society_34,14,2026-09-19 00:52:00,3.35,10,Small,3,0.6,Standard,Normal,0,2.77,49,51.37,5.25,51.37,1221,1,0,15838.0,3.6,1.42,9,0.82,1,1,0,0,0,20.0,27,21,27,41.0,20.0,0,0,Do Not Batch,Priority Order,93.27,0.0,2,2,0,2,2,0,0.0,Bike,2026-09-19,0
881,2026-09-20 02:33:00,Pizza Hut,Pizza,Society_23,30,2026-09-20 03:03:00,5.21,12,Small,1,0.63,Standard,Normal,0,0.6,47,61.22,13.36,61.22,1107,1,0,4241.0,3.77,0.99,5,0.63,1,1,1,0,0,20.0,29,20,31,40.0,20.0,0,0,Do Not Batch,Customer Distance Too High,100.72,0.0,2,2,0,2,2,0,0.0,Bike,2026-09-20,2
882,2026-09-29 15:57:00,Haldiram's,Indian,Society_12,14,2026-09-29 16:11:00,2.63,8,Medium,6,3.41,Standard,Normal,0,1.81,51,48.05,6.68,48.05,172,1,0,33470.0,3.14,5.17,8,3.41,1,1,1,0,0,20.0,23,26,25,46.0,20.0,0,0,Do Not Batch,Customer Distance Too High,93.12,0.0,2,2,0,2,2,0,0.0,Bike,2026-09-29,15
883,2026-09-15 11:50:00,Wow! Momo,Fast Food,Society_13,34,2026-09-15 12:24:00,4.63,14,Medium,4,2.17,Fragile,Normal,0,1.16,47,55.61,14.57,55.61,885,1,0,14860.0,2.24,3.03,6,2.17,1,1,1,0,1,20.0,29,23,29,43.0,20.0,0,0,Do Not Batch,Restaurant Ready-Time Gap,99.85,0.0,2,2,0,2,2,0,0.0,Scooter,2026-09-15,11
884,2026-10-01 02:18:00,Wow! Momo,Fast Food,Society_16,8,2026-10-01 02:26:00,2.13,6,Small,2,0.37,Standard,Priority,50,4.91,45,39.39,10.17,39.39,218,1,0,9446.0,0.73,0.89,7,0.52,1,1,0,0,1,20.0,21,27,22,47.0,20.0,0,0,Do Not Batch,Priority Order,79.45,0.0,2,2,0,2,2,0,0.0,Scooter,2026-10-01,2
885,2026-09-05 04:13:00,Wow! Momo,Fast Food,Society_21,31,2026-09-05 04:44:00,3.09,8,Small,2,0.86,Standard,Normal,0,3.24,51,44.24,9.33,44.24,316,1,0,7920.0,0.87,2.2,4,1.34,1,1,1,0,1,20.0,27,18,29,38.0,20.0,0,0,Do Not Batch,Restaurant Ready-Time Gap,87.59,0.0,2,2,0,2,2,0,0.0,Bike,2026-09-05,4
886,2026-09-08 16:46:00,Theobroma,Bakery,Society_38,12,2026-09-08 16:58:00,7.73,24,Small,1,1.41,Standard,Normal,0,1.83,56,68.61,11.52,68.61,1325,1,0,3978.0,1.14,3.74,7,2.33,1,1,0,0,1,20.0,39,23,40,43.0,20.0,0,0,Do Not Batch,Priority Order,111.34,0.0,2,2,0,2,2,0,0.0,Bike,2026-09-08,16
887,2026-09-05 09:10:00,Wow! Momo,Fast Food,Society_06,30,2026-09-05 09:40:00,6.49,22,Small,2,1.43,Spill-Risk,Priority,50,4.06,57,60.89,13.1,60.89,1494,1,0,35421.0,2.17,6.41,8,4.98,0,1,0,0,1,20.0,40,18,40,38.0,20.0,0,0,Do Not Batch,Priority Order,91.44,0.0,2,2,0,2,2,0,0.0,Bike,2026-09-05,9
888,2026-09-27 23:27:00,Pizza Hut,Pizza,Society_17,18,2026-09-27 23:45:00,6.99,17,Small,6,0.84,Temperature-Sensitive,Normal,0,0.2,61,64.0,11.76,64.0,220,1,0,11301.0,4.01,3.11,10,2.27,1,1,1,0,0,20.0,36,24,37,44.0,20.0,0,0,Do Not Batch,Customer Distance Too High,100.52000000000001,0.0,2,2,0,2,2,0,0.0,Bike,2026-09-27,23
889,2026-09-18 05:18:00,Subway,Fast Food,Society_24,25,2026-09-18 05:43:00,6.55,20,Small,4,1.35,Standard,Priority,50,2.91,57,65.78,10.88,65.78,965,1,0,13673.0,3.98,1.78,5,1.35,1,1,0,0,0,20.0,30,25,33,45.0,20.0,0,0,Do Not Batch,Priority Order,110.31,0.0,2,2,0,2,2,0,0.0,Bike,2026-09-18,5
890,2026-09-27 08:57:00,Pizza Hut,Pizza,Society_34,19,2026-09-27 09:16:00,2.88,10,Large,2,5.44,Temperature-Sensitive,Normal,0,2.27,41,47.67,5.79,47.67,842,1,0,17599.0,0.2,8.78,7,5.44,0,1,1,0,1,20.0,29,23,29,43.0,20.0,0,0,Do Not Batch,Order Size/Item Incompatibility,88.44,0.0,2,2,0,2,2,0,0.0,Scooter,2026-09-27,8
891,2026-09-12 21:24:00,Burger King,Fast Food,Society_09,12,2026-09-12 21:36:00,3.73,8,Medium,6,2.47,Temperature-Sensitive,Normal,0,0.87,44,52.49,9.11,52.49,977,1,0,25205.0,1.53,2.87,7,2.47,1,1,1,0,1,20.0,23,22,24,42.0,20.0,0,0,Do Not Batch,Restaurant Ready-Time Gap,97.58000000000001,0.0,2,2,0,2,2,0,0.0,Scooter,2026-09-12,21
892,2026-09-10 20:43:00,Domino's Pizza,Pizza,Society_36,44,2026-09-10 21:27:00,0.55,2,Large,4,4.06,Temperature-Sensitive,Normal,0,2.17,36,36.35,7.06,36.35,373,1,0,3258.0,1.49,5.34,10,4.06,1,1,1,0,1,20.0,19,24,19,44.0,20.0,0,0,Do Not Batch,Restaurant Ready-Time Gap,89.84,0.0,2,2,0,2,2,0,0.0,Bike,2026-09-10,20
893,2026-09-17 05:38:00,Subway,Fast Food,Society_10,26,2026-09-17 06:04:00,1.95,6,Small,2,0.72,Spill-Risk,Normal,0,2.77,41,39.37,8.88,39.37,136,1,0,11734.0,0.2,2.34,3,1.62,1,1,1,0,1,20.0,16,16,18,36.0,20.0,0,0,Do Not Batch,Restaurant Ready-Time Gap,83.22,0.0,2,2,0,2,2,0,0.0,Bike,2026-09-17,5
894,2026-09-15 13:33:00,Wow! Momo,Fast Food,Society_21,8,2026-09-15 13:41:00,2.4,8,Small,1,1.21,Standard,Priority,50,4.18,39,44.61,13.31,44.61,182,1,0,4608.0,3.29,6.54,5,5.33,0,1,0,0,0,20.0,23,27,26,47.0,20.0,0,0,Do Not Batch,Priority Order,95.78,0.0,2,2,0,2,2,0,0.0,Scooter,2026-09-15,13
895,2026-10-01 07:19:00,Subway,Fast Food,Society_35,41,2026-10-01 08:00:00,2.55,7,Small,4,0.65,Standard,Normal,0,1.18,44,45.4,10.3,45.4,287,1,0,14138.0,2.16,2.07,10,1.42,1,1,1,0,1,20.0,25,28,25,48.0,20.0,0,0,Do Not Batch,Restaurant Ready-Time Gap,101.55,0.0,2,2,0,2,2,0,0.0,Scooter,2026-10-01,7
896,2026-09-28 05:36:00,Domino's Pizza,Pizza,Society_36,31,2026-09-28 06:07:00,3.36,9,Small,2,0.87,Standard,Normal,0,0.2,40,48.23,13.65,48.23,321,1,0,16915.0,2.34,1.77,3,0.9,1,1,1,0,1,20.0,24,13,25,33.0,20.0,0,0,Do Not Batch,Restaurant Ready-Time Gap,82.33,0.0,2,2,0,2,2,0,0.0,Bike,2026-09-28,5
897,2026-09-16 07:38:00,Wow! Momo,Fast Food,Society_46,15,2026-09-16 07:53:00,3.29,8,Small,6,0.59,Standard,Priority,50,1.72,42,51.42,5.34,51.42,450,1,0,21045.0,4.38,4.02,8,3.43,1,1,0,0,0,20.0,19,22,21,42.0,20.0,0,0,Do Not Batch,Priority Order,102.65,0.0,2,2,0,2,2,0,0.0,Scooter,2026-09-16,7
898,2026-09-19 15:25:00,Burger King,Fast Food,Society_29,16,2026-09-19 15:41:00,2.33,7,Small,1,0.5,Standard,Normal,0,1.35,38,44.06,12.96,44.06,1094,1,0,25299.0,2.62,2.85,7,2.35,1,1,1,0,1,20.0,17,23,18,43.0,20.0,0,0,Do Not Batch,Restaurant Ready-Time Gap,92.83000000000001,0.0,2,2,0,2,2,0,0.0,Scooter,2026-09-19,15
899,2026-09-01 17:02:00,Biryani Blues,Indian,Society_16,20,2026-09-01 17:22:00,4.93,14,Small,3,1.46,Temperature-Sensitive,Normal,0,3.87,46,60.63,14.42,60.63,835,1,0,2614.0,1.9,2.84,4,1.46,1,1,1,0,1,20.0,27,19,28,39.0,20.0,0,0,Do Not Batch,Restaurant Ready-Time Gap,101.28,0.0,2,2,0,2,2,0,0.0,Bike,2026-09-01,17
900,2026-09-13 13:47:00,Theobroma,Bakery,Society_17,20,2026-09-13 14:07:00,2.05,7,Small,4,1.46,Temperature-Sensitive,Normal,0,4.32,42,40.35,5.45,40.35,1013,1,0,14882.0,3.3,3.31,9,1.85,1,1,1,0,0,20.0,22,19,22,39.0,20.0,0,0,Do Not Batch,Customer Distance Too High,90.33,0.0,2,2,0,2,2,0,0.0,Scooter,2026-09-13,13
901,2026-10-01 03:21:00,Biryani Blues,Indian,Society_33,17,2026-10-01 03:38:00,4.71,16,Medium,3,2.0,Standard,Normal,0,2.99,60,58.72,5.53,58.72,251,1,0,29016.0,3.98,3.18,7,2.0,1,1,1,0,0,20.0,35,26,35,46.0,20.0,0,0,Do Not Batch,Customer Distance Too High,110.44,0.0,2,2,0,2,2,0,0.0,Scooter,2026-10-01,3
902,2026-10-01 09:27:00,Subway,Fast Food,Society_07,35,2026-10-01 10:02:00,6.68,21,Small,5,1.19,Standard,Normal,0,4.81,57,68.87,10.27,68.87,200,1,0,16675.0,2.92,4.4,10,3.21,1,1,1,0,1,20.0,40,38,41,58.0,20.0,0,0,Do Not Batch,Restaurant Ready-Time Gap,133.45,0.0,2,2,0,2,2,0,0.0,Scooter,2026-10-01,9
903,2026-09-09 00:19:00,Haldiram's,Indian,Society_18,16,2026-09-09 00:35:00,1.61,4,Small,4,0.48,Standard,Normal,0,4.08,47,38.41,5.21,38.41,774,1,0,6242.0,3.46,0.87,9,0.48,1,1,0,0,0,20.0,22,23,22,43.0,20.0,0,0,Do Not Batch,Priority Order,85.75999999999999,0.0,2,2,0,2,2,0,0.0,Bike,2026-09-09,0
904,2026-09-16 19:44:00,McDonald's,Fast Food,Society_19,29,2026-09-16 20:13:00,7.54,23,Large,6,4.71,Standard,Priority,50,4.76,54,68.17,13.86,68.17,757,1,0,11478.0,2.3,5.84,8,4.71,1,1,0,0,1,20.0,37,27,38,47.0,20.0,0,0,Do Not Batch,Priority Order,122.55000000000001,0.0,2,2,0,2,2,0,0.0,Bike,2026-09-16,19
905,2026-09-16 20:58:00,Wow! Momo,Fast Food,Society_49,13,2026-09-16 21:11:00,1.42,4,Medium,1,2.06,Standard,Normal,0,1.91,44,41.93,10.89,41.93,736,1,0,14322.0,2.39,5.45,2,3.39,1,1,1,0,1,20.0,20,31,20,51.0,20.0,0,0,Do Not Batch,Restaurant Ready-Time Gap,97.78999999999999,0.0,2,2,0,2,2,0,0.0,Scooter,2026-09-16,20
906,2026-09-21 23:59:00,Pizza Hut,Pizza,Society_47,30,2026-09-22 00:29:00,7.51,19,Large,6,4.68,Standard,Priority,50,3.9,63,71.19,7.65,71.19,1066,1,0,5607.0,2.66,5.89,10,4.68,1,1,0,0,1,20.0,34,20,37,40.0,20.0,0,0,Do Not Batch,Priority Order,121.19,0.0,2,2,0,2,2,0,0.0,Bike,2026-09-21,23
907,2026-09-20 23:00:00,Subway,Fast Food,Society_14,25,2026-09-20 23:25:00,10.07,31,Small,6,1.16,Standard,Normal,0,1.95,68,81.95,7.42,81.95,287,1,0,777.0,1.45,2.58,12,1.42,1,1,1,0,1,20.0,46,30,46,50.0,20.0,0,0,Do Not Batch,Restaurant Ready-Time Gap,138.1,0.0,2,2,0,2,2,0,0.0,Scooter,2026-09-20,23
908,2026-09-10 18:47:00,Pizza Hut,Pizza,Society_04,25,2026-09-10 19:12:00,2.96,7,Small,3,1.32,Standard,Normal,0,2.05,47,47.11,7.54,47.11,317,1,0,3088.0,1.7,4.5,9,3.18,1,1,0,0,1,20.0,25,23,26,43.0,20.0,0,0,Do Not Batch,Priority Order,94.03999999999999,0.0,2,2,0,2,2,0,0.0,Scooter,2026-09-10,18
909,2026-09-13 20:36:00,Theobroma,Bakery,Society_09,37,2026-09-13 21:13:00,4.79,16,Medium,6,2.48,Standard,Priority,50,2.43,46,58.75,13.44,58.75,944,1,0,13082.0,4.43,7.93,12,5.45,0,1,0,0,0,20.0,30,19,32,39.0,20.0,0,0,Do Not Batch,Priority Order,101.19,0.0,2,2,0,2,2,0,0.0,Bike,2026-09-13,20
910,2026-09-28 15:00:00,McDonald's,Fast Food,Society_47,30,2026-09-28 15:30:00,1.79,4,Small,2,1.34,Standard,Normal,0,3.27,47,41.52,9.73,41.52,1279,1,0,26981.0,5.31,3.75,7,2.41,1,1,1,0,0,20.0,15,19,15,39.0,20.0,0,0,Do Not Batch,Customer Distance Too High,92.44,0.0,2,2,0,2,2,0,0.0,Bike,2026-09-28,15
911,2026-09-24 10:29:00,Biryani Blues,Indian,Society_02,14,2026-09-24 10:43:00,1.54,4,Small,4,1.19,Standard,Normal,0,0.2,42,39.65,14.37,39.65,557,1,0,7993.0,4.73,2.11,9,1.19,1,1,1,0,0,20.0,21,22,24,42.0,20.0,0,0,Do Not Batch,Customer Distance Too High,79.1,0.0,2,2,0,2,2,0,0.0,Bike,2026-09-24,10
912,2026-09-08 21:20:00,Domino's Pizza,Pizza,Society_48,24,2026-09-08 21:44:00,1.81,5,Large,3,3.25,Standard,Normal,0,1.61,47,38.81,14.47,38.81,1196,1,0,5843.0,0.65,4.02,7,3.25,1,1,1,0,1,20.0,17,25,20,45.0,20.0,0,0,Do Not Batch,Restaurant Ready-Time Gap,87.84,0.0,2,2,0,2,2,0,0.0,Scooter,2026-09-08,21
913,2026-09-11 07:33:00,Subway,Fast Food,Society_04,17,2026-09-11 07:50:00,1.75,4,Medium,6,3.01,Spill-Risk,Normal,0,2.14,41,43.72,7.72,43.72,90,1,0,1446.0,0.51,5.22,7,3.01,1,0,1,0,1,20.0,22,31,25,51.0,20.0,0,0,Do Not Batch,Order Size/Item Incompatibility,103.93,0.0,2,2,0,2,2,0,0.0,Bike,2026-09-11,7
914,2026-09-10 20:20:00,Subway,Fast Food,Society_48,13,2026-09-10 20:33:00,1.59,4,Small,5,1.18,Standard,Normal,0,2.9,35,37.94,7.35,37.94,117,1,0,24040.0,0.83,2.48,10,1.3,1,1,1,0,1,20.0,18,20,21,40.0,20.0,0,0,Do Not Batch,Restaurant Ready-Time Gap,75.37,0.0,2,2,0,2,2,0,0.0,Bike,2026-09-10,20
915,2026-09-02 12:17:00,McDonald's,Fast Food,Society_25,8,2026-09-02 12:25:00,4.75,15,Small,5,1.23,Temperature-Sensitive,Normal,0,2.42,49,55.66,5.27,55.66,1333,1,0,2669.0,2.69,6.65,6,5.42,0,1,1,0,1,20.0,25,28,26,48.0,20.0,0,0,Do Not Batch,Order Size/Item Incompatibility,109.33,0.0,2,2,0,2,2,0,0.0,Bike,2026-09-02,12
916,2026-09-06 01:08:00,Haldiram's,Indian,Society_17,33,2026-09-06 01:41:00,5.29,18,Large,2,4.01,Standard,Normal,0,2.61,49,61.86,7.16,61.86,554,1,0,21865.0,0.2,5.15,3,4.01,1,1,1,0,1,20.0,31,21,34,41.0,20.0,0,0,Do Not Batch,Restaurant Ready-Time Gap,114.86,0.0,2,2,0,2,2,0,0.0,Bike,2026-09-06,1
917,2026-09-01 21:33:00,Wow! Momo,Fast Food,Society_31,30,2026-09-01 22:03:00,1.52,6,Medium,5,3.34,Spill-Risk,Normal,0,3.56,37,36.6,11.13,36.6,248,1,0,29676.0,1.68,9.13,7,5.79,0,1,1,0,1,20.0,24,19,26,39.0,20.0,0,0,Do Not Batch,Order Size/Item Incompatibility,82.69,0.0,2,2,0,2,2,0,0.0,Bike,2026-09-01,21
918,2026-09-30 13:31:00,McDonald's,Fast Food,Society_38,11,2026-09-30 13:42:00,5.69,14,Medium,2,3.25,Standard,Normal,0,2.94,53,58.63,14.08,58.63,1300,1,0,30403.0,4.47,4.75,3,3.25,1,1,1,0,0,20.0,24,33,24,53.0,20.0,0,0,Do Not Batch,Customer Distance Too High,126.14000000000001,0.0,2,2,0,2,2,0,0.0,Bike,2026-09-30,13
919,2026-09-17 16:39:00,McDonald's,Fast Food,Society_36,31,2026-09-17 17:10:00,2.33,7,Small,2,0.52,Temperature-Sensitive,Normal,0,4.83,44,43.95,6.43,43.95,526,1,0,7376.0,3.88,1.4,8,0.88,1,1,0,0,0,20.0,24,19,27,39.0,20.0,0,0,Do Not Batch,Priority Order,80.82,0.0,2,2,0,2,2,0,0.0,Scooter,2026-09-17,16
920,2026-09-10 04:43:00,KFC,Fast Food,Society_19,9,2026-09-10 04:52:00,1.18,4,Medium,1,2.64,Temperature-Sensitive,Normal,0,2.07,41,39.8,6.28,39.8,481,1,0,8243.0,1.79,3.88,7,2.64,1,1,1,0,1,20.0,21,25,21,45.0,20.0,0,0,Do Not Batch,Restaurant Ready-Time Gap,82.69,0.0,2,2,0,2,2,0,0.0,Scooter,2026-09-10,4
921,2026-09-23 22:00:00,KFC,Fast Food,Society_37,19,2026-09-23 22:19:00,2.66,6,Medium,5,1.51,Spill-Risk,Priority,50,2.87,40,46.11,6.6,46.11,1142,1,0,21310.0,1.89,2.5,11,1.51,1,1,0,0,1,20.0,24,30,25,50.0,20.0,0,0,Do Not Batch,Priority Order,96.18,0.0,2,2,0,2,2,0,0.0,Scooter,2026-09-23,22
922,2026-09-20 11:04:00,Domino's Pizza,Pizza,Society_13,22,2026-09-20 11:26:00,2.97,9,Small,5,0.67,Fragile,Normal,0,0.2,51,49.24,7.57,49.24,1042,1,0,4733.0,3.29,1.62,10,0.95,1,1,1,0,0,20.0,27,26,27,46.0,20.0,0,0,Do Not Batch,Customer Distance Too High,90.96000000000001,0.0,2,2,0,2,2,0,0.0,Bike,2026-09-20,11
923,2026-09-21 09:35:00,Biryani Blues,Indian,Society_22,30,2026-09-21 10:05:00,0.82,3,Small,4,0.92,Standard,Normal,0,0.91,38,37.34,6.03,37.34,291,1,0,11817.0,3.81,1.88,9,0.96,1,1,0,0,0,20.0,18,17,19,37.0,20.0,0,0,Do Not Batch,Priority Order,74.5,0.0,2,2,0,2,2,0,0.0,Bike,2026-09-21,9
924,2026-09-11 20:29:00,Subway,Fast Food,Society_36,19,2026-09-11 20:48:00,2.51,7,Medium,2,1.78,Standard,Normal,0,0.76,38,46.64,5.48,46.64,1130,1,0,24590.0,1.75,3.44,5,1.78,1,1,0,0,1,20.0,21,26,22,46.0,20.0,0,0,Do Not Batch,Priority Order,97.12,0.0,2,2,0,2,2,0,0.0,Scooter,2026-09-11,20
925,2026-09-27 15:37:00,Pizza Hut,Pizza,Society_19,19,2026-09-27 15:56:00,1.82,4,Medium,5,2.39,Standard,Priority,50,1.89,47,41.76,6.98,41.76,329,1,0,17960.0,2.17,3.71,6,2.39,1,1,0,0,1,20.0,20,20,20,40.0,20.0,0,0,Do Not Batch,Priority Order,76.41999999999999,0.0,2,2,0,2,2,0,0.0,Bike,2026-09-27,15
926,2026-09-23 03:20:00,Domino's Pizza,Pizza,Society_10,26,2026-09-23 03:46:00,7.79,17,Large,6,3.14,Standard,Normal,0,2.23,52,68.43,5.39,68.43,1383,1,0,15737.0,1.71,3.7,8,3.14,1,1,1,0,1,20.0,35,20,38,40.0,20.0,0,0,Do Not Batch,Restaurant Ready-Time Gap,106.58000000000001,0.0,2,2,0,2,2,0,0.0,Bike,2026-09-23,3
927,2026-09-08 05:55:00,Subway,Fast Food,Society_25,24,2026-09-08 06:19:00,5.98,20,Small,6,0.67,Fragile,Normal,0,3.18,62,59.11,7.79,59.11,601,1,0,16749.0,0.64,1.34,8,0.67,1,1,1,0,1,20.0,34,17,36,37.0,20.0,0,0,Do Not Batch,Restaurant Ready-Time Gap,97.14,0.0,2,2,0,2,2,0,0.0,Bike,2026-09-08,5
928,2026-09-05 12:20:00,Burger King,Fast Food,Society_33,20,2026-09-05 12:40:00,6.28,19,Small,1,1.32,Standard,Normal,0,3.69,53,65.12,5.75,65.12,814,1,0,1190.0,2.19,2.81,5,1.49,1,1,1,0,1,20.0,31,17,31,37.0,20.0,0,0,Do Not Batch,Restaurant Ready-Time Gap,104.59,0.0,2,2,0,2,2,0,0.0,Bike,2026-09-05,12
929,2026-09-27 13:30:00,Theobroma,Bakery,Society_10,35,2026-09-27 14:05:00,1.06,3,Medium,1,3.44,Standard,Normal,0,2.69,44,40.49,8.38,40.49,558,1,0,14662.0,2.09,4.36,4,3.44,1,1,1,0,1,20.0,21,14,23,34.0,20.0,0,0,Do Not Batch,Restaurant Ready-Time Gap,73.05000000000001,0.0,2,2,0,2,2,0,0.0,Bike,2026-09-27,13
930,2026-09-27 04:16:00,Domino's Pizza,Pizza,Society_31,34,2026-09-27 04:50:00,1.05,3,Small,2,0.78,Standard,Normal,0,4.96,34,38.78,11.83,38.78,503,1,0,17176.0,0.74,3.3,5,2.52,1,1,1,0,1,20.0,22,20,22,40.0,20.0,0,0,Do Not Batch,Restaurant Ready-Time Gap,82.72,0.0,2,2,0,2,2,0,0.0,Bike,2026-09-27,4
931,2026-09-07 20:22:00,Haldiram's,Indian,Society_04,25,2026-09-07 20:47:00,1.38,3,Medium,3,1.82,Standard,Normal,0,2.49,42,37.2,14.1,37.2,222,1,0,26672.0,3.4,2.64,6,1.82,1,1,1,0,0,20.0,13,23,15,43.0,20.0,0,0,Do Not Batch,Customer Distance Too High,82.05000000000001,0.0,2,2,0,2,2,0,0.0,Scooter,2026-09-07,20
932,2026-09-03 22:42:00,Pizza Hut,Pizza,Society_18,28,2026-09-03 23:10:00,4.36,15,Large,6,5.85,Spill-Risk,Normal,0,0.21,49,57.25,12.37,57.25,1122,1,0,31813.0,3.18,7.54,10,5.85,0,1,1,0,0,20.0,25,42,25,62.0,20.0,0,0,Do Not Batch,Order Size/Item Incompatibility,138.48000000000002,0.0,2,2,0,2,2,0,0.0,Bike,2026-09-03,22
933,2026-09-03 20:17:00,Biryani Blues,Indian,Society_38,23,2026-09-03 20:40:00,1.31,4,Small,6,0.99,Standard,Normal,0,0.2,40,35.86,9.63,35.86,1448,1,0,31136.0,3.47,3.94,10,2.95,1,1,1,0,0,20.0,23,25,25,45.0,20.0,0,0,Do Not Batch,Customer Distance Too High,75.42,0.0,2,2,0,2,2,0,0.0,Scooter,2026-09-03,20
934,2026-09-26 02:41:00,Burger King,Fast Food,Society_42,30,2026-09-26 03:11:00,6.3,19,Small,1,1.22,Standard,Normal,0,2.01,50,60.58,5.26,60.58,464,1,0,34251.0,1.42,2.59,5,1.37,1,1,1,0,1,20.0,32,27,34,47.0,20.0,0,0,Do Not Batch,Restaurant Ready-Time Gap,101.82,0.0,2,2,0,2,2,0,0.0,Scooter,2026-09-26,2
935,2026-09-23 05:04:00,Pizza Hut,Pizza,Society_37,25,2026-09-23 05:29:00,3.91,10,Small,4,1.06,Standard,Normal,0,3.34,46,49.34,13.47,49.34,1066,1,0,3867.0,0.2,2.27,8,1.21,1,1,1,0,1,20.0,21,17,21,37.0,20.0,0,0,Do Not Batch,Restaurant Ready-Time Gap,99.34,0.0,2,2,0,2,2,0,0.0,Bike,2026-09-23,5
936,2026-09-25 20:00:00,Subway,Fast Food,Society_24,8,2026-09-25 20:08:00,3.28,10,Large,3,4.42,Spill-Risk,Priority,50,2.44,50,47.0,12.99,47.0,682,1,0,2155.0,3.15,7.91,5,4.42,0,1,0,0,0,20.0,26,51,26,71.0,20.0,0,0,Do Not Batch,Priority Order,136.78,0.0,2,2,0,2,2,0,0.0,Scooter,2026-09-25,20
937,2026-09-15 01:16:00,Biryani Blues,Indian,Society_20,17,2026-09-15 01:33:00,1.14,4,Medium,4,2.56,Standard,Normal,0,5.58,41,41.48,7.15,41.48,719,1,1,14598.0,0.24,5.29,8,2.73,1,1,1,0,1,20.0,15,33,16,53.0,20.0,0,0,Do Not Batch,Restaurant Ready-Time Gap,113.13999999999999,0.0,2,2,0,2,2,0,0.0,Scooter,2026-09-15,1
938,2026-09-27 11:47:00,Pizza Hut,Pizza,Society_48,14,2026-09-27 12:01:00,7.64,26,Small,5,1.45,Standard,Normal,0,2.06,63,71.76,12.19,71.76,353,1,0,20894.0,1.25,5.98,11,4.53,1,1,1,0,1,20.0,42,19,44,39.0,20.0,0,0,Do Not Batch,Restaurant Ready-Time Gap,116.97,0.0,2,2,0,2,2,0,0.0,Scooter,2026-09-27,11
939,2026-09-26 14:48:00,Wow! Momo,Fast Food,Society_03,8,2026-09-26 14:56:00,0.81,3,Small,2,1.24,Standard,Normal,0,0.83,37,38.69,11.03,38.69,1237,1,0,3613.0,0.74,2.54,5,1.3,1,1,1,0,1,20.0,20,26,20,46.0,20.0,0,0,Do Not Batch,Restaurant Ready-Time Gap,102.1,0.0,2,2,0,2,2,0,0.0,Bike,2026-09-26,14
940,2026-09-28 15:11:00,Domino's Pizza,Pizza,Society_35,26,2026-09-28 15:37:00,0.51,2,Small,5,0.51,Standard,Normal,0,3.01,36,34.67,6.33,34.67,181,1,0,18249.0,2.11,1.89,9,1.38,1,1,0,0,1,20.0,19,26,22,46.0,20.0,0,0,Do Not Batch,Priority Order,83.94,0.0,2,2,0,2,2,0,0.0,Scooter,2026-09-28,15
941,2026-09-09 12:47:00,Domino's Pizza,Pizza,Society_34,19,2026-09-09 13:06:00,0.59,2,Small,1,0.93,Standard,Normal,0,0.94,47,32.16,7.58,32.16,1457,1,0,3148.0,4.71,2.81,7,1.88,1,1,1,0,0,20.0,14,23,17,43.0,20.0,0,0,Do Not Batch,Customer Distance Too High,77.05,0.0,2,2,0,2,2,0,0.0,Bike,2026-09-09,12
942,2026-09-03 16:59:00,Wow! Momo,Fast Food,Society_15,30,2026-09-03 17:29:00,3.53,8,Small,3,0.92,Standard,Normal,0,3.33,47,49.37,14.27,49.37,1441,1,0,32001.0,1.79,3.25,9,2.33,1,1,1,0,1,20.0,26,29,27,49.0,20.0,0,0,Do Not Batch,Restaurant Ready-Time Gap,101.52,0.0,2,2,0,2,2,0,0.0,Scooter,2026-09-03,16
943,2026-09-29 19:28:00,KFC,Fast Food,Society_49,18,2026-09-29 19:46:00,2.28,7,Medium,3,3.11,Standard,Normal,0,1.96,37,42.06,14.45,42.06,1187,1,0,9045.0,0.97,6.48,9,3.37,0,1,1,0,1,20.0,26,28,29,48.0,20.0,0,0,Do Not Batch,Order Size/Item Incompatibility,98.6,0.0,2,2,0,2,2,0,0.0,Bike,2026-09-29,19
944,2026-09-22 22:52:00,Theobroma,Bakery,Society_13,23,2026-09-22 23:15:00,1.95,5,Large,6,5.45,Temperature-Sensitive,Normal,0,0.94,43,42.44,5.77,42.44,1157,1,0,7884.0,3.41,7.66,10,5.45,0,1,1,0,0,20.0,24,27,24,47.0,20.0,0,0,Do Not Batch,Order Size/Item Incompatibility,96.28999999999999,0.0,2,2,0,2,2,0,0.0,Scooter,2026-09-22,22
945,2026-09-19 05:34:00,Theobroma,Bakery,Society_49,19,2026-09-19 05:53:00,1.72,6,Medium,4,2.26,Temperature-Sensitive,Normal,0,0.2,49,37.39,5.7,37.39,597,1,0,15021.0,2.74,6.8,6,4.54,0,1,1,0,1,20.0,25,21,27,41.0,20.0,0,0,Do Not Batch,Order Size/Item Incompatibility,79.8,0.0,2,2,0,2,2,0,0.0,Bike,2026-09-19,5
946,2026-09-20 12:11:00,Burger King,Fast Food,Society_04,19,2026-09-20 12:30:00,4.73,16,Medium,6,3.07,Spill-Risk,Normal,0,3.89,56,58.57,14.26,58.57,506,1,0,13673.0,0.2,9.04,7,5.97,0,1,1,0,1,20.0,31,29,31,49.0,20.0,0,0,Do Not Batch,Order Size/Item Incompatibility,110.77000000000001,0.0,2,2,0,2,2,0,0.0,Bike,2026-09-20,12
947,2026-09-05 16:21:00,Theobroma,Bakery,Society_17,27,2026-09-05 16:48:00,2.09,6,Small,3,0.49,Standard,Normal,0,4.23,42,42.6,10.22,42.6,113,1,0,23837.0,3.43,1.27,6,0.78,1,1,1,0,0,20.0,19,21,22,41.0,20.0,0,0,Do Not Batch,Customer Distance Too High,102.45,0.0,2,2,0,2,2,0,0.0,Bike,2026-09-05,16
948,2026-10-01 01:30:00,Theobroma,Bakery,Society_42,19,2026-10-01 01:49:00,5.76,16,Medium,3,1.92,Standard,Normal,0,4.19,61,57.99,13.38,57.99,621,1,0,12247.0,5.48,4.67,6,2.75,1,1,1,0,0,20.0,33,14,36,34.0,20.0,0,0,Do Not Batch,Customer Distance Too High,94.01,0.0,2,2,0,2,2,0,0.0,Bike,2026-10-01,1
949,2026-09-29 11:48:00,Biryani Blues,Indian,Society_25,10,2026-09-29 11:58:00,2.47,6,Small,4,0.35,Spill-Risk,Normal,0,3.91,45,44.19,13.27,44.19,1161,1,1,33060.0,0.23,1.7,6,1.35,1,0,1,0,1,20.0,19,16,19,36.0,20.0,0,0,Do Not Batch,Order Size/Item Incompatibility,79.87,0.0,2,2,0,2,2,0,0.0,Bike,2026-09-29,11
950,2026-09-28 16:38:00,KFC,Fast Food,Society_36,20,2026-09-28 16:58:00,2.33,7,Medium,1,2.19,Spill-Risk,Normal,0,3.25,37,45.49,7.09,45.49,290,1,0,3334.0,0.77,4.04,3,2.19,1,0,1,0,1,20.0,20,19,21,39.0,20.0,0,0,Do Not Batch,Order Size/Item Incompatibility,90.38,0.0,2,2,0,2,2,0,0.0,Scooter,2026-09-28,16
951,2026-09-17 13:38:00,Haldiram's,Indian,Society_14,16,2026-09-17 13:54:00,0.5,2,Small,5,1.29,Standard,Normal,0,2.43,39,32.48,7.32,32.48,86,1,0,7733.0,0.2,1.72,9,1.29,1,1,1,0,1,20.0,19,37,19,57.0,20.0,0,0,Do Not Batch,Restaurant Ready-Time Gap,109.66999999999999,0.0,2,2,0,2,2,0,0.0,Bike,2026-09-17,13
952,2026-09-27 19:22:00,Domino's Pizza,Pizza,Society_39,11,2026-09-27 19:33:00,7.55,26,Large,1,3.74,Spill-Risk,Normal,0,3.21,62,66.27,12.8,66.27,1191,1,0,32061.0,2.39,7.64,6,3.9,0,1,1,0,1,20.0,39,23,40,43.0,20.0,0,0,Do Not Batch,Order Size/Item Incompatibility,105.50999999999999,0.0,2,2,0,2,2,0,0.0,Scooter,2026-09-27,19
953,2026-09-29 01:11:00,KFC,Fast Food,Society_08,37,2026-09-29 01:48:00,2.82,10,Small,2,0.87,Standard,Normal,0,3.77,54,43.91,8.95,43.91,132,1,0,11522.0,3.89,1.24,7,0.87,1,1,1,0,0,20.0,20,33,23,53.0,20.0,0,0,Do Not Batch,Customer Distance Too High,115.0,0.0,2,2,0,2,2,0,0.0,Bike,2026-09-29,1
954,2026-09-21 07:19:00,McDonald's,Fast Food,Society_34,24,2026-09-21 07:43:00,4.59,12,Medium,2,1.38,Standard,Normal,0,3.89,54,55.61,14.87,55.61,1433,1,0,17286.0,2.65,3.61,6,2.23,1,1,1,0,1,20.0,27,17,29,37.0,20.0,0,0,Do Not Batch,Restaurant Ready-Time Gap,93.27,0.0,2,2,0,2,2,0,0.0,Scooter,2026-09-21,7
955,2026-09-02 05:59:00,Burger King,Fast Food,Society_03,18,2026-09-02 06:17:00,5.07,16,Small,5,1.19,Standard,Priority,50,2.63,46,53.65,9.92,53.65,1020,1,0,35068.0,4.45,2.19,8,1.19,1,1,0,0,0,20.0,33,26,35,46.0,20.0,0,0,Do Not Batch,Priority Order,106.64,0.0,2,2,0,2,2,0,0.0,Bike,2026-09-02,5
956,2026-09-09 15:10:00,Domino's Pizza,Pizza,Society_40,26,2026-09-09 15:36:00,2.32,6,Medium,2,2.25,Standard,Normal,0,0.81,43,43.03,14.83,43.03,1496,1,0,17211.0,3.66,3.55,7,2.25,1,1,1,0,0,20.0,18,28,18,48.0,20.0,0,0,Do Not Batch,Customer Distance Too High,98.6,0.0,2,2,0,2,2,0,0.0,Bike,2026-09-09,15
957,2026-09-17 20:34:00,Subway,Fast Food,Society_37,26,2026-09-17 21:00:00,5.8,20,Small,3,1.23,Standard,Priority,50,4.0,56,63.56,8.35,63.56,524,1,0,5690.0,4.88,1.88,5,1.23,1,1,0,0,0,20.0,31,17,32,37.0,20.0,0,0,Do Not Batch,Priority Order,101.85,0.0,2,2,0,2,2,0,0.0,Scooter,2026-09-17,20
958,2026-09-16 04:18:00,McDonald's,Fast Food,Society_11,28,2026-09-16 04:46:00,1.88,6,Medium,5,1.54,Spill-Risk,Normal,0,0.2,44,42.56,8.66,42.56,1414,1,0,963.0,4.12,4.86,9,3.32,1,1,1,0,0,20.0,21,27,24,47.0,20.0,0,0,Do Not Batch,Customer Distance Too High,97.94,0.0,2,2,0,2,2,0,0.0,Scooter,2026-09-16,4
959,2026-09-20 11:11:00,Biryani Blues,Indian,Society_17,23,2026-09-20 11:34:00,1.56,5,Small,5,1.48,Standard,Normal,0,1.46,40,37.46,7.62,37.46,858,1,0,24768.0,1.94,1.79,9,1.48,1,1,1,0,1,20.0,15,24,17,44.0,20.0,0,0,Do Not Batch,Restaurant Ready-Time Gap,83.41,0.0,2,2,0,2,2,0,0.0,Bike,2026-09-20,11
960,2026-09-12 15:27:00,McDonald's,Fast Food,Society_41,21,2026-09-12 15:48:00,6.14,15,Small,5,0.57,Standard,Normal,0,3.18,57,63.67,14.69,63.67,958,1,0,5098.0,2.59,2.11,10,1.54,1,1,1,0,1,20.0,29,25,29,45.0,20.0,0,0,Do Not Batch,Restaurant Ready-Time Gap,106.23,0.0,2,2,0,2,2,0,0.0,Bike,2026-09-12,15
961,2026-09-20 17:02:00,Pizza Hut,Pizza,Society_24,22,2026-09-20 17:24:00,4.29,13,Small,5,0.31,Standard,Normal,0,4.5,57,52.3,8.92,52.3,98,1,0,19656.0,1.28,1.66,8,1.35,1,1,1,0,1,20.0,28,28,28,48.0,20.0,0,0,Do Not Batch,Restaurant Ready-Time Gap,113.81,0.0,2,2,0,2,2,0,0.0,Bike,2026-09-20,17
962,2026-09-12 10:17:00,Domino's Pizza,Pizza,Society_19,14,2026-09-12 10:31:00,2.21,7,Small,5,1.48,Spill-Risk,Priority,50,3.22,50,40.2,10.03,40.2,828,1,0,5045.0,2.18,5.0,10,3.52,1,0,0,0,1,20.0,24,18,27,38.0,20.0,0,0,Do Not Batch,Priority Order,79.74000000000001,0.0,2,2,0,2,2,0,0.0,Scooter,2026-09-12,10
963,2026-09-29 15:25:00,Burger King,Fast Food,Society_08,23,2026-09-29 15:48:00,2.39,6,Small,1,1.06,Standard,Priority,50,1.4,48,47.89,13.16,47.89,245,1,0,20952.0,2.59,1.83,3,1.06,1,1,0,0,1,20.0,22,28,25,48.0,20.0,0,0,Do Not Batch,Priority Order,94.49000000000001,0.0,2,2,0,2,2,0,0.0,Scooter,2026-09-29,15
964,2026-09-18 02:54:00,Subway,Fast Food,Society_45,28,2026-09-18 03:22:00,4.44,15,Medium,2,2.45,Standard,Normal,0,2.8,46,56.64,6.39,56.64,995,1,0,2358.0,2.38,8.1,8,5.65,0,1,1,0,1,20.0,30,35,30,55.0,20.0,0,0,Do Not Batch,Order Size/Item Incompatibility,120.03999999999999,0.0,2,2,0,2,2,0,0.0,Bike,2026-09-18,2
965,2026-09-27 17:13:00,Subway,Fast Food,Society_48,23,2026-09-27 17:36:00,2.16,8,Small,1,0.43,Standard,Normal,0,1.34,48,44.53,8.91,44.53,1126,1,0,36274.0,4.38,2.46,3,2.03,1,1,1,0,0,20.0,19,19,19,39.0,20.0,0,0,Do Not Batch,Customer Distance Too High,91.78999999999999,0.0,2,2,0,2,2,0,0.0,Scooter,2026-09-27,17
966,2026-09-14 13:15:00,Pizza Hut,Pizza,Society_07,15,2026-09-14 13:30:00,1.68,4,Small,3,0.64,Standard,Priority,50,0.2,40,36.61,14.9,36.61,1443,1,0,6405.0,2.04,1.71,9,1.07,1,1,0,0,1,20.0,21,23,21,43.0,20.0,0,0,Do Not Batch,Priority Order,84.25999999999999,0.0,2,2,0,2,2,0,0.0,Bike,2026-09-14,13
967,2026-09-05 23:49:00,Theobroma,Bakery,Society_11,17,2026-09-06 00:06:00,0.82,3,Small,5,1.43,Standard,Normal,0,1.66,45,34.88,9.0,34.88,1166,1,0,3190.0,1.2,2.8,8,1.43,1,1,1,0,1,20.0,20,15,21,35.0,20.0,0,0,Do Not Batch,Restaurant Ready-Time Gap,73.74000000000001,0.0,2,2,0,2,2,0,0.0,Bike,2026-09-05,23
968,2026-09-18 22:26:00,Biryani Blues,Indian,Society_41,8,2026-09-18 22:34:00,1.95,7,Medium,1,2.61,Standard,Normal,0,5.07,49,40.38,10.98,40.38,901,1,0,17584.0,1.28,4.61,4,2.61,1,1,1,0,1,20.0,21,29,24,49.0,20.0,0,0,Do Not Batch,Restaurant Ready-Time Gap,99.1,0.0,2,2,0,2,2,0,0.0,Bike,2026-09-18,22
969,2026-09-01 21:59:00,Biryani Blues,Indian,Society_10,37,2026-09-01 22:36:00,3.42,10,Small,1,1.46,Standard,Priority,50,2.44,55,46.03,9.02,46.03,69,1,0,6836.0,3.42,2.95,3,1.49,1,1,0,0,0,20.0,22,25,22,45.0,20.0,0,0,Do Not Batch,Priority Order,94.97,0.0,2,2,0,2,2,0,0.0,Scooter,2026-09-01,21
970,2026-09-16 12:17:00,Wow! Momo,Fast Food,Society_46,8,2026-09-16 12:25:00,4.11,13,Small,3,1.37,Spill-Risk,Normal,0,4.64,58,56.08,10.32,56.08,1117,1,0,17017.0,0.54,1.93,4,1.37,1,1,1,0,1,20.0,30,35,33,55.0,20.0,0,0,Do Not Batch,Restaurant Ready-Time Gap,132.29,0.0,2,2,0,2,2,0,0.0,Bike,2026-09-16,12
971,2026-09-12 14:30:00,Biryani Blues,Indian,Society_17,11,2026-09-12 14:41:00,1.05,3,Small,6,0.86,Standard,Normal,0,2.6,35,41.11,6.81,41.11,625,1,0,2683.0,2.22,1.83,9,0.97,1,1,1,0,1,20.0,17,14,17,34.0,20.0,0,0,Do Not Batch,Restaurant Ready-Time Gap,73.2,0.0,2,2,0,2,2,0,0.0,Bike,2026-09-12,14
972,2026-09-25 16:09:00,Biryani Blues,Indian,Society_30,24,2026-09-25 16:33:00,5.74,14,Medium,4,3.35,Temperature-Sensitive,Normal,0,2.04,52,57.41,7.72,57.41,1181,1,0,2239.0,4.36,4.0,8,3.35,1,1,0,0,0,20.0,26,20,26,40.0,20.0,0,0,Do Not Batch,Priority Order,100.05,0.0,2,2,0,2,2,0,0.0,Bike,2026-09-25,16
973,2026-09-25 09:01:00,Haldiram's,Indian,Society_47,17,2026-09-25 09:18:00,2.97,9,Medium,2,3.13,Standard,Normal,0,3.22,49,50.67,5.67,50.67,698,1,0,6234.0,2.91,4.08,3,3.13,1,1,1,0,1,20.0,27,12,27,32.0,20.0,0,0,Do Not Batch,Restaurant Ready-Time Gap,86.6,0.0,2,2,0,2,2,0,0.0,Bike,2026-09-25,9
974,2026-09-29 21:39:00,KFC,Fast Food,Society_41,15,2026-09-29 21:54:00,3.75,12,Small,6,1.3,Standard,Normal,0,2.94,48,51.35,8.15,51.35,541,1,0,28827.0,2.4,1.63,7,1.3,1,1,1,0,1,20.0,30,27,33,47.0,20.0,0,0,Do Not Batch,Restaurant Ready-Time Gap,105.97,0.0,2,2,0,2,2,0,0.0,Scooter,2026-09-29,21
975,2026-09-11 00:46:00,Haldiram's,Indian,Society_21,25,2026-09-11 01:11:00,7.74,17,Medium,2,2.06,Fragile,Priority,50,1.37,51,70.64,11.41,70.64,869,1,0,12186.0,2.45,2.79,3,2.06,1,1,0,0,1,20.0,33,14,33,34.0,20.0,0,0,Do Not Batch,Priority Order,114.91,0.0,2,2,0,2,2,0,0.0,Bike,2026-09-11,0
976,2026-09-27 07:19:00,Subway,Fast Food,Society_35,27,2026-09-27 07:46:00,2.26,7,Medium,4,2.31,Standard,Normal,0,3.13,42,42.54,6.7,42.54,927,1,0,27447.0,1.06,2.98,10,2.31,1,1,1,0,1,20.0,24,31,24,51.0,20.0,0,0,Do Not Batch,Restaurant Ready-Time Gap,101.65,0.0,2,2,0,2,2,0,0.0,Bike,2026-09-27,7
977,2026-09-30 09:33:00,Burger King,Fast Food,Society_47,8,2026-09-30 09:41:00,2.17,6,Small,1,0.4,Fragile,Normal,0,3.09,37,45.09,6.17,45.09,1043,1,0,24893.0,1.3,1.67,5,1.27,1,1,1,0,1,20.0,20,23,23,43.0,20.0,0,0,Do Not Batch,Restaurant Ready-Time Gap,100.12,0.0,2,2,0,2,2,0,0.0,Bike,2026-09-30,9
978,2026-09-12 01:21:00,Haldiram's,Indian,Society_39,22,2026-09-12 01:43:00,2.38,8,Medium,3,1.31,Standard,Normal,0,1.85,44,46.65,13.07,46.65,1314,1,0,14739.0,2.23,1.61,7,1.31,1,1,1,0,1,20.0,22,26,22,46.0,20.0,0,0,Do Not Batch,Restaurant Ready-Time Gap,94.97,0.0,2,2,0,2,2,0,0.0,Bike,2026-09-12,1
979,2026-09-16 18:13:00,Subway,Fast Food,Society_20,25,2026-09-16 18:38:00,2.22,7,Medium,6,2.05,Standard,Normal,0,1.05,37,42.29,13.08,42.29,692,1,0,17484.0,2.88,3.55,11,2.05,1,1,0,0,1,20.0,21,24,23,44.0,20.0,0,0,Do Not Batch,Priority Order,97.96000000000001,0.0,2,2,0,2,2,0,0.0,Bike,2026-09-16,18
980,2026-09-30 06:58:00,Biryani Blues,Indian,Society_05,22,2026-09-30 07:20:00,1.68,6,Large,5,5.8,Fragile,Normal,0,1.29,45,39.38,11.1,39.38,933,1,0,38080.0,3.83,6.79,11,5.8,0,1,1,0,0,20.0,17,15,19,35.0,20.0,0,0,Do Not Batch,Order Size/Item Incompatibility,75.24000000000001,0.0,2,2,0,2,2,0,0.0,Scooter,2026-09-30,6
981,2026-09-07 15:48:00,Wow! Momo,Fast Food,Society_39,23,2026-09-07 16:11:00,1.43,4,Large,5,3.32,Temperature-Sensitive,Normal,0,3.2,40,35.3,5.62,35.3,655,1,0,8873.0,2.63,4.12,6,3.32,1,1,1,0,1,20.0,16,26,16,46.0,20.0,0,0,Do Not Batch,Restaurant Ready-Time Gap,85.43,0.0,2,2,0,2,2,0,0.0,Scooter,2026-09-07,15
982,2026-09-23 17:17:00,Haldiram's,Indian,Society_19,19,2026-09-23 17:36:00,5.09,11,Medium,2,2.18,Standard,Normal,0,1.39,41,60.43,8.01,60.43,1256,1,0,31319.0,4.39,4.1,6,2.18,1,1,1,0,0,20.0,28,20,29,40.0,20.0,0,0,Do Not Batch,Customer Distance Too High,100.95,0.0,2,2,0,2,2,0,0.0,Bike,2026-09-23,17
983,2026-09-22 11:33:00,Domino's Pizza,Pizza,Society_19,16,2026-09-22 11:49:00,4.02,9,Medium,1,1.29,Standard,Normal,0,3.49,45,52.16,10.52,52.16,1305,1,0,29540.0,4.75,2.69,6,1.4,1,1,0,0,0,20.0,24,26,27,46.0,20.0,0,0,Do Not Batch,Priority Order,97.91,0.0,2,2,0,2,2,0,0.0,Scooter,2026-09-22,11
984,2026-09-27 02:13:00,McDonald's,Fast Food,Society_04,23,2026-09-27 02:36:00,0.7,2,Medium,6,3.11,Standard,Normal,0,0.4,39,35.06,12.75,35.06,1124,1,0,2135.0,3.61,4.21,11,3.11,1,1,0,0,0,20.0,20,34,20,54.0,20.0,0,0,Do Not Batch,Priority Order,105.48,0.0,2,2,0,2,2,0,0.0,Bike,2026-09-27,2
985,2026-09-26 21:28:00,Biryani Blues,Indian,Society_23,34,2026-09-26 22:02:00,0.5,2,Small,5,0.65,Standard,Normal,0,1.46,46,38.22,13.09,38.22,717,1,0,9278.0,4.21,1.36,6,0.71,1,1,1,0,0,20.0,18,25,21,45.0,20.0,0,0,Do Not Batch,Customer Distance Too High,87.97,0.0,2,2,0,2,2,0,0.0,Scooter,2026-09-26,21
986,2026-09-19 01:22:00,Burger King,Fast Food,Society_40,8,2026-09-19 01:30:00,3.91,9,Small,4,0.42,Standard,Normal,0,3.7,46,50.45,5.17,50.45,823,1,0,8165.0,1.11,1.27,6,0.85,1,1,1,0,1,20.0,24,21,25,41.0,20.0,0,0,Do Not Batch,Restaurant Ready-Time Gap,105.46000000000001,0.0,2,2,0,2,2,0,0.0,Bike,2026-09-19,1
987,2026-09-02 05:04:00,Domino's Pizza,Pizza,Society_07,20,2026-09-02 05:24:00,1.55,5,Large,1,5.41,Standard,Normal,0,0.22,49,39.03,12.1,39.03,1413,1,0,632.0,0.89,6.76,3,5.41,0,1,1,0,1,20.0,18,23,19,43.0,20.0,0,0,Do Not Batch,Order Size/Item Incompatibility,79.0,0.0,2,2,0,2,2,0,0.0,Bike,2026-09-02,5
988,2026-09-11 12:10:00,Pizza Hut,Pizza,Society_37,17,2026-09-11 12:27:00,1.19,4,Medium,5,3.04,Spill-Risk,Normal,0,3.17,49,40.63,12.3,40.63,391,1,0,2067.0,3.23,3.55,7,3.04,1,1,1,0,0,20.0,20,21,23,41.0,20.0,0,0,Do Not Batch,Customer Distance Too High,80.46000000000001,0.0,2,2,0,2,2,0,0.0,Bike,2026-09-11,12
989,2026-09-03 21:00:00,McDonald's,Fast Food,Society_45,11,2026-09-03 21:11:00,2.51,9,Small,1,1.33,Standard,Normal,0,0.41,54,41.76,7.9,41.76,609,1,0,23494.0,0.62,3.76,2,2.43,1,1,1,0,1,20.0,22,25,23,45.0,20.0,0,0,Do Not Batch,Restaurant Ready-Time Gap,95.83,0.0,2,2,0,2,2,0,0.0,Bike,2026-09-03,21
990,2026-09-19 00:03:00,KFC,Fast Food,Society_33,23,2026-09-19 00:26:00,3.41,9,Small,1,0.8,Standard,Normal,0,3.28,42,52.5,11.86,52.5,496,1,0,17131.0,2.09,1.62,3,0.82,1,1,1,0,1,20.0,25,18,26,38.0,20.0,0,0,Do Not Batch,Restaurant Ready-Time Gap,91.59,0.0,2,2,0,2,2,0,0.0,Bike,2026-09-19,0
991,2026-09-02 21:44:00,Wow! Momo,Fast Food,Society_35,18,2026-09-02 22:02:00,1.89,7,Large,2,5.67,Standard,Normal,0,3.3,40,44.81,11.84,44.81,235,1,0,23012.0,3.58,6.96,6,5.67,0,1,1,0,0,20.0,21,16,24,36.0,20.0,0,0,Do Not Batch,Order Size/Item Incompatibility,83.41,0.0,2,2,0,2,2,0,0.0,Bike,2026-09-02,21
992,2026-09-30 11:31:00,Wow! Momo,Fast Food,Society_29,29,2026-09-30 12:00:00,2.71,7,Small,2,1.0,Temperature-Sensitive,Normal,0,0.86,43,47.27,13.09,47.27,1143,1,0,10097.0,4.48,3.81,8,2.81,1,1,1,0,0,20.0,18,28,19,48.0,20.0,0,0,Do Not Batch,Customer Distance Too High,102.08000000000001,0.0,2,2,0,2,2,0,0.0,Scooter,2026-09-30,11
993,2026-09-24 15:55:00,Burger King,Fast Food,Society_17,17,2026-09-24 16:12:00,3.69,12,Small,2,1.03,Standard,Normal,0,0.2,57,49.04,10.09,49.04,537,1,0,8946.0,2.14,2.82,6,1.79,1,1,1,0,1,20.0,28,17,30,37.0,20.0,0,0,Do Not Batch,Restaurant Ready-Time Gap,82.25999999999999,0.0,2,2,0,2,2,0,0.0,Scooter,2026-09-24,15
994,2026-09-01 14:05:00,Wow! Momo,Fast Food,Society_14,30,2026-09-01 14:35:00,12.0,36,Small,6,0.6,Standard,Normal,0,3.52,68,95.55,12.73,95.55,318,1,0,15160.0,1.59,1.34,9,0.74,1,1,0,0,1,20.0,53,27,53,47.0,20.0,0,0,Do Not Batch,Priority Order,146.88,0.0,2,2,0,2,2,0,0.0,Bike,2026-09-01,14
995,2026-09-19 18:20:00,Subway,Fast Food,Society_05,20,2026-09-19 18:40:00,6.41,22,Large,6,5.65,Temperature-Sensitive,Normal,0,1.5,61,63.4,9.18,63.4,51,1,0,2715.0,2.95,6.23,11,5.65,0,1,1,0,1,20.0,41,17,43,37.0,20.0,0,0,Do Not Batch,Order Size/Item Incompatibility,95.91,0.0,2,2,0,2,2,0,0.0,Bike,2026-09-19,18
996,2026-09-23 08:14:00,Theobroma,Bakery,Society_15,15,2026-09-23 08:29:00,8.32,18,Small,6,1.03,Standard,Normal,0,2.73,52,75.81,9.32,75.81,626,1,0,1505.0,1.0,5.82,11,4.79,1,1,1,0,1,20.0,29,32,31,52.0,20.0,0,0,Do Not Batch,Restaurant Ready-Time Gap,140.8,0.0,2,2,0,2,2,0,0.0,Scooter,2026-09-23,8
997,2026-09-10 18:32:00,Subway,Fast Food,Society_37,26,2026-09-10 18:58:00,0.72,2,Medium,6,1.3,Standard,Normal,0,1.04,45,33.67,8.44,33.67,1327,1,0,17657.0,2.26,3.41,8,2.11,1,1,1,0,1,20.0,17,58,17,78.0,20.0,0,0,Do Not Batch,Restaurant Ready-Time Gap,119.81,0.0,2,2,0,2,2,0,0.0,Scooter,2026-09-10,18
998,2026-09-02 17:42:00,Domino's Pizza,Pizza,Society_38,18,2026-09-02 18:00:00,6.85,23,Medium,3,2.53,Standard,Normal,0,2.16,57,67.46,6.78,67.46,1298,1,0,10605.0,2.49,4.01,4,2.53,1,1,0,0,1,20.0,36,31,38,51.0,20.0,0,0,Do Not Batch,Priority Order,119.35,0.0,2,2,0,2,2,0,0.0,Bike,2026-09-02,17
999,2026-09-27 09:49:00,Pizza Hut,Pizza,Society_19,13,2026-09-27 10:02:00,2.18,5,Large,6,3.56,Standard,Normal,0,2.92,35,39.44,6.71,39.44,407,1,0,28082.0,2.46,4.95,9,3.56,1,1,1,0,1,20.0,19,26,19,46.0,20.0,0,0,Do Not Batch,Restaurant Ready-Time Gap,86.59,0.0,2,2,0,2,2,0,0.0,Bike,2026-09-27,9
1000,2026-09-21 19:41:00,KFC,Fast Food,Society_29,22,2026-09-21 20:03:00,5.71,16,Medium,1,1.64,Standard,Normal,0,2.36,60,57.22,12.73,57.22,1142,1,0,18294.0,2.62,2.63,7,1.64,1,1,1,0,1,20.0,26,22,26,42.0,20.0,0,0,Do Not Batch,Restaurant Ready-Time Gap,107.28999999999999,0.0,2,2,0,2,2,0,0.0,Bike,2026-09-21,19
1001,2026-09-14 12:27:00,Biryani Blues,Indian,Society_10,19,2026-09-14 12:46:00,4.49,14,Small,1,0.79,Standard,Normal,0,4.35,51,51.14,5.55,51.14,251,1,0,5084.0,1.33,1.97,5,1.18,1,1,1,0,1,20.0,29,26,32,46.0,20.0,0,0,Do Not Batch,Restaurant Ready-Time Gap,102.86,0.0,2,2,0,2,2,0,0.0,Scooter,2026-09-14,12
1002,2026-09-23 02:10:00,Theobroma,Bakery,Society_21,25,2026-09-23 02:35:00,4.18,13,Small,4,1.22,Standard,Normal,0,1.06,45,56.02,9.72,56.02,387,1,0,25175.0,1.48,1.69,8,1.22,1,1,1,0,1,20.0,30,13,30,33.0,20.0,0,0,Do Not Batch,Restaurant Ready-Time Gap,88.73,0.0,2,2,0,2,2,0,0.0,Bike,2026-09-23,2
1003,2026-09-19 22:51:00,McDonald's,Fast Food,Society_18,25,2026-09-19 23:16:00,1.38,5,Small,6,0.48,Standard,Normal,0,3.44,35,39.84,6.41,39.84,34,1,0,6599.0,1.45,1.87,11,1.39,1,1,0,0,1,20.0,16,26,16,46.0,20.0,0,0,Do Not Batch,Priority Order,92.9,0.0,2,2,0,2,2,0,0.0,Scooter,2026-09-19,22
1004,2026-09-21 15:26:00,Burger King,Fast Food,Society_08,27,2026-09-21 15:53:00,2.17,6,Small,2,0.39,Standard,Normal,0,2.62,43,42.64,14.28,42.64,1155,1,0,248.0,0.23,1.34,8,0.95,1,1,1,0,1,20.0,16,35,17,55.0,20.0,0,0,Do Not Batch,Restaurant Ready-Time Gap,111.27,0.0,2,2,0,2,2,0,0.0,Scooter,2026-09-21,15
1005,2026-09-14 02:03:00,McDonald's,Fast Food,Society_24,19,2026-09-14 02:22:00,3.41,11,Small,3,0.39,Standard,Normal,0,0.2,56,51.9,13.44,51.9,670,1,0,24062.0,2.98,1.98,5,1.59,1,1,1,0,1,20.0,29,22,30,42.0,20.0,0,0,Do Not Batch,Restaurant Ready-Time Gap,89.94,0.0,2,2,0,2,2,0,0.0,Bike,2026-09-14,2
1006,2026-09-18 05:38:00,Biryani Blues,Indian,Society_34,21,2026-09-18 05:59:00,3.69,8,Small,4,0.87,Standard,Normal,0,1.86,38,53.68,5.08,53.68,542,1,0,6320.0,3.75,1.94,9,1.07,1,1,0,0,0,20.0,19,39,21,59.0,20.0,0,0,Do Not Batch,Priority Order,120.47,0.0,2,2,0,2,2,0,0.0,Scooter,2026-09-18,5
1007,2026-09-05 04:04:00,Biryani Blues,Indian,Society_46,26,2026-09-05 04:30:00,5.32,12,Small,5,0.98,Standard,Normal,0,0.68,45,59.72,9.68,59.72,772,1,0,9344.0,3.61,2.81,6,1.83,1,1,1,0,0,20.0,29,25,29,45.0,20.0,0,0,Do Not Batch,Customer Distance Too High,107.44,0.0,2,2,0,2,2,0,0.0,Scooter,2026-09-05,4
1008,2026-09-16 11:43:00,Haldiram's,Indian,Society_11,16,2026-09-16 11:59:00,2.77,9,Small,2,1.08,Standard,Normal,0,5.05,48,49.32,12.9,49.32,774,1,0,17006.0,2.13,1.47,7,1.08,1,1,0,0,1,20.0,23,21,23,41.0,20.0,0,0,Do Not Batch,Priority Order,96.67,0.0,2,2,0,2,2,0,0.0,Bike,2026-09-16,11
1009,2026-09-13 17:11:00,Burger King,Fast Food,Society_47,29,2026-09-13 17:40:00,4.75,11,Medium,2,3.4,Standard,Normal,0,0.2,47,53.81,8.33,53.81,221,1,0,3042.0,1.36,5.94,3,3.4,1,1,1,0,1,20.0,22,26,25,46.0,20.0,0,0,Do Not Batch,Restaurant Ready-Time Gap,103.88,0.0,2,2,0,2,2,0,0.0,Bike,2026-09-13,17
1010,2026-09-12 08:53:00,Wow! Momo,Fast Food,Society_31,10,2026-09-12 09:03:00,2.05,5,Medium,3,1.65,Standard,Normal,0,0.2,38,42.11,13.05,42.11,616,1,0,9783.0,3.54,2.21,9,1.65,1,1,1,0,0,20.0,19,26,19,46.0,20.0,0,0,Do Not Batch,Customer Distance Too High,93.62,0.0,2,2,0,2,2,0,0.0,Bike,2026-09-12,8
1011,2026-09-26 00:49:00,Haldiram's,Indian,Society_41,14,2026-09-26 01:03:00,6.05,15,Medium,1,1.6,Spill-Risk,Normal,0,3.18,45,62.66,14.79,62.66,565,1,0,11409.0,3.39,2.28,2,1.6,1,1,1,0,0,20.0,33,25,36,45.0,20.0,0,0,Do Not Batch,Customer Distance Too High,120.53999999999999,0.0,2,2,0,2,2,0,0.0,Scooter,2026-09-26,0
1012,2026-09-23 12:54:00,Biryani Blues,Indian,Society_43,17,2026-09-23 13:11:00,1.65,4,Small,6,0.41,Standard,Normal,0,0.44,48,38.07,6.57,38.07,878,1,0,14271.0,2.8,3.83,10,3.42,1,1,1,0,1,20.0,19,19,19,39.0,20.0,0,0,Do Not Batch,Restaurant Ready-Time Gap,80.57,0.0,2,2,0,2,2,0,0.0,Bike,2026-09-23,12
1013,2026-09-03 05:52:00,Theobroma,Bakery,Society_10,13,2026-09-03 06:05:00,3.06,8,Medium,5,1.85,Spill-Risk,Normal,0,2.16,47,49.98,11.39,49.98,9,1,0,6854.0,4.94,3.83,7,1.98,1,1,1,0,0,20.0,20,22,21,42.0,20.0,0,0,Do Not Batch,Customer Distance Too High,97.65,0.0,2,2,0,2,2,0,0.0,Bike,2026-09-03,5
1014,2026-09-10 12:54:00,Theobroma,Bakery,Society_43,19,2026-09-10 13:13:00,2.73,7,Small,6,0.32,Standard,Normal,0,3.21,52,46.08,8.89,46.08,996,1,0,18436.0,2.46,1.35,12,1.03,1,1,1,0,1,20.0,24,30,25,50.0,20.0,0,0,Do Not Batch,Restaurant Ready-Time Gap,121.89,0.0,2,2,0,2,2,0,0.0,Bike,2026-09-10,12
1015,2026-09-18 11:43:00,Wow! Momo,Fast Food,Society_14,8,2026-09-18 11:51:00,1.54,4,Large,3,4.63,Standard,Priority,50,1.45,42,37.79,12.99,37.79,1073,1,0,10778.0,2.14,5.56,7,4.63,1,1,0,0,1,20.0,14,22,15,42.0,20.0,0,0,Do Not Batch,Priority Order,76.94999999999999,0.0,2,2,0,2,2,0,0.0,Bike,2026-09-18,11
1016,2026-09-04 21:49:00,Domino's Pizza,Pizza,Society_05,21,2026-09-04 22:10:00,0.53,2,Medium,3,3.35,Standard,Normal,0,3.68,45,35.88,13.38,35.88,1116,1,0,33100.0,1.94,6.9,6,3.55,0,1,1,0,1,20.0,20,20,22,40.0,20.0,0,0,Do Not Batch,Order Size/Item Incompatibility,83.19,0.0,2,2,0,2,2,0,0.0,Bike,2026-09-04,21
1017,2026-10-01 09:20:00,Theobroma,Bakery,Society_24,25,2026-10-01 09:45:00,1.02,3,Small,4,1.03,Standard,Normal,0,0.2,47,35.95,6.77,35.95,1353,1,1,17929.0,0.34,1.6,8,1.03,1,1,0,0,1,20.0,21,35,21,55.0,20.0,0,0,Do Not Batch,Priority Order,100.89,0.0,2,2,0,2,2,0,0.0,Scooter,2026-10-01,9
1018,2026-09-16 09:21:00,Subway,Fast Food,Society_09,18,2026-09-16 09:39:00,0.69,3,Small,5,1.19,Standard,Normal,0,4.62,40,34.24,13.33,34.24,997,1,0,8081.0,3.43,2.49,11,1.3,1,1,1,0,0,20.0,16,16,17,36.0,20.0,0,0,Do Not Batch,Customer Distance Too High,67.91,0.0,2,2,0,2,2,0,0.0,Scooter,2026-09-16,9
1019,2026-09-02 06:25:00,Domino's Pizza,Pizza,Society_01,30,2026-09-02 06:55:00,1.65,4,Medium,3,3.48,Standard,Normal,0,0.2,43,43.05,5.68,43.05,1047,1,0,7545.0,2.35,6.38,5,3.48,0,1,1,0,1,20.0,21,59,24,79.0,20.0,0,0,Do Not Batch,Order Size/Item Incompatibility,130.81,0.0,2,2,0,2,2,0,0.0,Scooter,2026-09-02,6
1020,2026-09-26 14:18:00,Burger King,Fast Food,Society_49,27,2026-09-26 14:45:00,3.57,12,Small,3,1.0,Spill-Risk,Normal,0,1.99,45,52.99,7.27,52.99,445,1,0,971.0,3.21,1.77,9,1.0,1,0,1,0,0,20.0,24,21,25,41.0,20.0,0,0,Do Not Batch,Order Size/Item Incompatibility,95.09,0.0,2,2,0,2,2,0,0.0,Bike,2026-09-26,14
1021,2026-09-04 12:46:00,Biryani Blues,Indian,Society_38,8,2026-09-04 12:54:00,4.2,13,Medium,5,2.55,Standard,Normal,0,0.2,49,54.65,8.94,54.65,1156,1,0,6154.0,5.08,3.94,10,2.55,1,1,0,0,0,20.0,28,33,28,53.0,20.0,0,0,Do Not Batch,Priority Order,109.47,0.0,2,2,0,2,2,0,0.0,Bike,2026-09-04,12
1022,2026-09-05 23:55:00,Haldiram's,Indian,Society_24,14,2026-09-06 00:09:00,2.13,6,Medium,1,1.38,Standard,Normal,0,4.21,51,46.48,10.32,46.48,782,1,0,94.0,1.95,2.75,5,1.38,1,1,1,0,1,20.0,25,29,26,49.0,20.0,0,0,Do Not Batch,Restaurant Ready-Time Gap,93.22999999999999,0.0,2,2,0,2,2,0,0.0,Bike,2026-09-05,23
1023,2026-09-28 13:02:00,Haldiram's,Indian,Society_47,8,2026-09-28 13:10:00,1.31,4,Small,6,1.48,Spill-Risk,Normal,0,2.33,42,35.73,9.74,35.73,173,1,0,33472.0,0.2,4.4,7,2.92,1,1,1,0,1,20.0,23,23,23,43.0,20.0,0,0,Do Not Batch,Restaurant Ready-Time Gap,78.41999999999999,0.0,2,2,0,2,2,0,0.0,Bike,2026-09-28,13
1024,2026-09-22 05:59:00,Wow! Momo,Fast Food,Society_33,21,2026-09-22 06:20:00,4.72,16,Medium,5,3.33,Standard,Normal,0,1.74,57,58.98,12.13,58.98,1445,1,0,8543.0,3.17,4.29,10,3.33,1,1,0,0,0,20.0,33,35,33,55.0,20.0,0,0,Do Not Batch,Priority Order,122.25999999999999,0.0,2,2,0,2,2,0,0.0,Scooter,2026-09-22,5
1025,2026-09-10 10:42:00,Theobroma,Bakery,Society_10,33,2026-09-10 11:15:00,0.81,2,Small,2,0.96,Standard,Normal,0,2.71,37,33.78,6.17,33.78,1283,1,0,5034.0,2.73,2.16,6,1.2,1,1,1,0,1,20.0,20,16,21,36.0,20.0,0,0,Do Not Batch,Restaurant Ready-Time Gap,81.00999999999999,0.0,2,2,0,2,2,0,0.0,Scooter,2026-09-10,10
1026,2026-09-09 15:30:00,McDonald's,Fast Food,Society_07,33,2026-09-09 16:03:00,4.19,13,Medium,2,1.61,Standard,Normal,0,4.21,43,49.35,10.56,49.35,332,1,0,19469.0,1.47,2.53,7,1.61,1,1,1,0,1,20.0,30,25,33,45.0,20.0,0,0,Do Not Batch,Restaurant Ready-Time Gap,93.21000000000001,0.0,2,2,0,2,2,0,0.0,Scooter,2026-09-09,15
1027,2026-09-21 15:43:00,Wow! Momo,Fast Food,Society_39,16,2026-09-21 15:59:00,3.84,13,Small,2,1.25,Standard,Normal,0,2.66,54,47.81,11.64,47.81,1117,1,0,24431.0,3.06,1.81,3,1.25,1,1,1,0,0,20.0,31,34,33,54.0,20.0,0,0,Do Not Batch,Customer Distance Too High,124.02,0.0,2,2,0,2,2,0,0.0,Bike,2026-09-21,15
1028,2026-09-06 05:59:00,McDonald's,Fast Food,Society_16,27,2026-09-06 06:26:00,1.79,4,Medium,1,2.1,Standard,Normal,0,2.43,42,40.71,11.96,40.71,116,1,0,8465.0,3.6,2.98,5,2.1,1,1,1,0,0,20.0,17,19,17,39.0,20.0,0,0,Do Not Batch,Customer Distance Too High,80.7,0.0,2,2,0,2,2,0,0.0,Bike,2026-09-06,5
1029,2026-09-28 04:06:00,Biryani Blues,Indian,Society_33,18,2026-09-28 04:24:00,0.5,2,Small,3,0.98,Standard,Priority,50,2.34,40,32.02,7.28,32.02,456,1,0,28550.0,1.17,4.25,5,3.27,1,1,0,0,1,20.0,21,20,23,40.0,20.0,0,0,Do Not Batch,Priority Order,70.57,0.0,2,2,0,2,2,0,0.0,Scooter,2026-09-28,4
1030,2026-09-08 08:51:00,Domino's Pizza,Pizza,Society_37,10,2026-09-08 09:01:00,1.74,6,Medium,2,3.27,Standard,Normal,0,4.48,39,41.21,5.76,41.21,737,1,0,30562.0,2.08,4.73,3,3.27,1,1,1,0,1,20.0,16,31,17,51.0,20.0,0,0,Do Not Batch,Restaurant Ready-Time Gap,96.87,0.0,2,2,0,2,2,0,0.0,Bike,2026-09-08,8
1031,2026-09-08 19:57:00,Pizza Hut,Pizza,Society_02,23,2026-09-08 20:20:00,2.57,7,Large,1,4.47,Standard,Normal,0,3.18,44,46.35,9.99,46.35,961,1,0,17104.0,4.57,4.78,6,4.47,1,1,1,0,0,20.0,23,24,23,44.0,20.0,0,0,Do Not Batch,Customer Distance Too High,98.65,0.0,2,2,0,2,2,0,0.0,Bike,2026-09-08,19
1032,2026-09-18 10:56:00,Theobroma,Bakery,Society_19,8,2026-09-18 11:04:00,4.38,10,Small,5,0.81,Fragile,Normal,0,4.57,42,57.41,11.63,57.41,1461,1,0,17214.0,1.49,2.12,6,1.31,1,1,1,0,1,20.0,29,18,29,38.0,20.0,0,0,Do Not Batch,Restaurant Ready-Time Gap,100.22,0.0,2,2,0,2,2,0,0.0,Bike,2026-09-18,10
1033,2026-09-13 21:28:00,Wow! Momo,Fast Food,Society_10,33,2026-09-13 22:01:00,3.44,12,Small,1,0.34,Standard,Normal,0,1.54,43,53.13,13.16,53.13,218,1,0,15299.0,2.59,0.86,6,0.52,1,1,0,0,1,20.0,25,25,26,45.0,20.0,0,0,Do Not Batch,Priority Order,93.19,0.0,2,2,0,2,2,0,0.0,Scooter,2026-09-13,21
1034,2026-09-05 21:46:00,Wow! Momo,Fast Food,Society_37,8,2026-09-05 21:54:00,1.66,5,Large,6,3.26,Standard,Priority,50,3.55,45,38.41,14.02,38.41,883,1,0,13830.0,0.2,5.43,10,3.26,1,1,0,0,1,20.0,15,27,17,47.0,20.0,0,0,Do Not Batch,Priority Order,94.02,0.0,2,2,0,2,2,0,0.0,Bike,2026-09-05,21
1035,2026-09-11 15:24:00,Domino's Pizza,Pizza,Society_09,25,2026-09-11 15:49:00,9.66,21,Medium,4,2.91,Spill-Risk,Normal,0,4.02,66,82.77,9.91,82.77,311,1,0,24018.0,0.43,4.65,8,2.91,1,1,1,0,1,20.0,33,34,36,54.0,20.0,0,0,Do Not Batch,Restaurant Ready-Time Gap,137.73,0.0,2,2,0,2,2,0,0.0,Bike,2026-09-11,15
1036,2026-09-10 22:34:00,Burger King,Fast Food,Society_06,28,2026-09-10 23:02:00,2.58,8,Large,4,5.22,Spill-Risk,Normal,0,3.51,39,47.28,7.14,47.28,1144,1,0,9164.0,2.72,5.64,10,5.22,1,0,1,0,1,20.0,24,15,25,35.0,20.0,0,0,Do Not Batch,Order Size/Item Incompatibility,81.30000000000001,0.0,2,2,0,2,2,0,0.0,Scooter,2026-09-10,22
1037,2026-09-26 16:37:00,Biryani Blues,Indian,Society_12,20,2026-09-26 16:57:00,2.45,6,Medium,5,2.22,Standard,Priority,50,5.58,49,44.25,7.52,44.25,1006,1,0,12178.0,4.22,3.09,9,2.22,1,1,0,0,0,20.0,18,21,19,41.0,20.0,0,0,Do Not Batch,Priority Order,97.93,0.0,2,2,0,2,2,0,0.0,Bike,2026-09-26,16
1038,2026-09-07 10:05:00,Theobroma,Bakery,Society_02,18,2026-09-07 10:23:00,7.78,19,Small,2,0.78,Standard,Normal,0,0.61,51,69.94,5.04,69.94,94,1,0,27293.0,0.59,3.97,6,3.19,1,1,1,0,1,20.0,29,36,32,56.0,20.0,0,0,Do Not Batch,Restaurant Ready-Time Gap,130.43,0.0,2,2,0,2,2,0,0.0,Scooter,2026-09-07,10
1039,2026-09-20 08:25:00,Theobroma,Bakery,Society_16,13,2026-09-20 08:38:00,2.4,8,Medium,2,2.26,Spill-Risk,Normal,0,1.54,45,45.65,6.31,45.65,1369,1,0,11455.0,2.6,3.16,6,2.26,1,1,1,0,1,20.0,24,26,27,46.0,20.0,0,0,Do Not Batch,Restaurant Ready-Time Gap,87.15,0.0,2,2,0,2,2,0,0.0,Scooter,2026-09-20,8
1040,2026-09-12 17:54:00,Theobroma,Bakery,Society_05,28,2026-09-12 18:22:00,9.53,29,Medium,5,3.2,Standard,Normal,0,5.07,65,83.65,9.35,83.65,1482,1,0,4827.0,1.97,4.19,10,3.2,1,1,1,0,1,20.0,46,26,49,46.0,20.0,0,0,Do Not Batch,Restaurant Ready-Time Gap,145.44,0.0,2,2,0,2,2,0,0.0,Bike,2026-09-12,17
1041,2026-09-29 13:39:00,Pizza Hut,Pizza,Society_45,25,2026-09-29 14:04:00,3.79,9,Small,5,1.03,Fragile,Priority,50,0.71,43,50.85,6.94,50.85,194,1,0,5035.0,3.83,2.53,8,1.5,1,1,0,0,0,20.0,23,22,26,42.0,20.0,0,0,Do Not Batch,Priority Order,92.14,0.0,2,2,0,2,2,0,0.0,Bike,2026-09-29,13
1042,2026-09-23 18:11:00,Domino's Pizza,Pizza,Society_06,8,2026-09-23 18:19:00,2.31,8,Small,5,0.95,Standard,Normal,0,4.93,40,41.72,9.01,41.72,1430,1,0,10721.0,0.8,1.75,9,0.95,1,1,1,0,1,20.0,23,19,24,39.0,20.0,0,0,Do Not Batch,Restaurant Ready-Time Gap,87.50999999999999,0.0,2,2,0,2,2,0,0.0,Bike,2026-09-23,18
1043,2026-09-13 02:32:00,Burger King,Fast Food,Society_01,16,2026-09-13 02:48:00,4.69,13,Small,4,1.27,Standard,Normal,0,2.46,44,55.03,13.74,55.03,963,1,0,23820.0,3.1,2.33,5,1.27,1,1,0,0,0,20.0,25,19,28,39.0,20.0,0,0,Do Not Batch,Priority Order,102.92,0.0,2,2,0,2,2,0,0.0,Scooter,2026-09-13,2
1044,2026-09-23 14:32:00,McDonald's,Fast Food,Society_11,14,2026-09-23 14:46:00,1.81,5,Small,6,1.28,Temperature-Sensitive,Normal,0,2.72,42,41.74,14.15,41.74,1267,1,0,846.0,1.58,7.08,12,5.8,0,1,1,0,1,20.0,19,12,21,32.0,20.0,0,0,Do Not Batch,Order Size/Item Incompatibility,78.78999999999999,0.0,2,2,0,2,2,0,0.0,Scooter,2026-09-23,14
1045,2026-09-03 15:43:00,Subway,Fast Food,Society_06,27,2026-09-03 16:10:00,4.41,15,Medium,6,1.61,Standard,Normal,0,3.52,60,56.87,12.08,56.87,293,1,0,22798.0,2.81,2.83,9,1.61,1,1,1,0,1,20.0,27,20,30,40.0,20.0,0,0,Do Not Batch,Restaurant Ready-Time Gap,96.55,0.0,2,2,0,2,2,0,0.0,Bike,2026-09-03,15
1046,2026-09-19 02:23:00,Haldiram's,Indian,Society_22,8,2026-09-19 02:31:00,0.5,2,Large,6,5.82,Standard,Priority,50,2.44,34,34.19,14.38,34.19,978,1,0,10128.0,2.6,7.13,9,5.82,0,1,0,0,1,20.0,13,19,13,39.0,20.0,0,0,Do Not Batch,Priority Order,80.84,0.0,2,2,0,2,2,0,0.0,Scooter,2026-09-19,2
1047,2026-09-07 12:16:00,Domino's Pizza,Pizza,Society_25,24,2026-09-07 12:40:00,11.87,40,Medium,2,2.9,Standard,Normal,0,2.65,75,87.76,9.79,87.76,610,1,0,1163.0,2.15,3.34,3,2.9,1,1,1,0,1,20.0,56,32,56,52.0,20.0,0,0,Do Not Batch,Restaurant Ready-Time Gap,140.35000000000002,0.0,2,2,0,2,2,0,0.0,Bike,2026-09-07,12
1048,2026-09-10 20:53:00,Burger King,Fast Food,Society_31,30,2026-09-10 21:23:00,4.48,13,Small,2,0.74,Standard,Normal,0,1.36,44,53.83,9.04,53.83,13,1,0,11582.0,3.17,2.07,5,1.33,1,1,0,0,0,20.0,32,34,35,54.0,20.0,0,0,Do Not Batch,Priority Order,110.07,0.0,2,2,0,2,2,0,0.0,Scooter,2026-09-10,20
1049,2026-09-26 02:29:00,Pizza Hut,Pizza,Society_16,23,2026-09-26 02:52:00,4.23,10,Small,1,0.37,Standard,Normal,0,1.7,42,56.85,6.53,56.85,29,1,0,24371.0,2.56,2.99,3,2.62,1,1,1,0,1,20.0,26,24,27,44.0,20.0,0,0,Do Not Batch,Restaurant Ready-Time Gap,103.03,0.0,2,2,0,2,2,0,0.0,Bike,2026-09-26,2
1050,2026-09-28 09:52:00,Domino's Pizza,Pizza,Society_11,29,2026-09-28 10:21:00,1.74,6,Small,1,0.38,Standard,Normal,0,5.56,47,41.63,10.51,41.63,514,1,0,19411.0,2.31,0.85,6,0.47,1,1,1,0,1,20.0,23,18,24,38.0,20.0,0,0,Do Not Batch,Restaurant Ready-Time Gap,87.11,0.0,2,2,0,2,2,0,0.0,Scooter,2026-09-28,9
1051,2026-09-06 18:53:00,Domino's Pizza,Pizza,Society_50,15,2026-09-06 19:08:00,2.32,8,Small,4,1.07,Standard,Priority,50,2.92,44,42.74,11.46,42.74,1035,1,0,7001.0,2.0,3.98,8,2.91,1,1,0,0,1,20.0,18,38,20,58.0,20.0,0,0,Do Not Batch,Priority Order,125.50999999999999,0.0,2,2,0,2,2,0,0.0,Bike,2026-09-06,18
1052,2026-09-13 11:59:00,Theobroma,Bakery,Society_08,15,2026-09-13 12:14:00,0.96,3,Small,4,1.42,Standard,Normal,0,1.3,43,39.76,11.96,39.76,1174,1,0,1304.0,2.61,2.31,5,1.42,1,1,1,0,1,20.0,14,28,15,48.0,20.0,0,0,Do Not Batch,Restaurant Ready-Time Gap,84.05,0.0,2,2,0,2,2,0,0.0,Scooter,2026-09-13,11
1053,2026-09-08 00:20:00,Burger King,Fast Food,Society_22,31,2026-09-08 00:51:00,3.77,11,Small,6,1.14,Temperature-Sensitive,Normal,0,1.87,42,49.6,11.64,49.6,221,1,0,5167.0,2.81,3.68,7,2.54,1,1,1,0,1,20.0,22,22,24,42.0,20.0,0,0,Do Not Batch,Restaurant Ready-Time Gap,99.67,0.0,2,2,0,2,2,0,0.0,Scooter,2026-09-08,0
1054,2026-09-12 05:33:00,Burger King,Fast Food,Society_23,19,2026-09-12 05:52:00,1.42,5,Small,6,0.74,Standard,Normal,0,4.73,39,41.61,13.13,41.61,438,1,0,17793.0,1.12,1.18,10,0.74,1,1,1,0,1,20.0,17,16,19,36.0,20.0,0,0,Do Not Batch,Restaurant Ready-Time Gap,77.66,0.0,2,2,0,2,2,0,0.0,Bike,2026-09-12,5
1055,2026-09-08 21:50:00,Wow! Momo,Fast Food,Society_23,18,2026-09-08 22:08:00,2.05,5,Small,5,1.37,Standard,Normal,0,3.55,49,43.08,8.39,43.08,629,1,0,18132.0,2.01,6.42,7,5.05,0,1,1,0,1,20.0,21,19,23,39.0,20.0,0,0,Do Not Batch,Order Size/Item Incompatibility,82.49,0.0,2,2,0,2,2,0,0.0,Scooter,2026-09-08,21
1056,2026-09-08 10:34:00,Theobroma,Bakery,Society_04,22,2026-09-08 10:56:00,5.14,16,Medium,1,2.72,Standard,Priority,50,3.62,47,56.03,13.51,56.03,272,1,0,5250.0,1.02,5.42,6,2.72,1,1,0,0,1,20.0,32,27,35,47.0,20.0,0,0,Do Not Batch,Priority Order,110.62,0.0,2,2,0,2,2,0,0.0,Scooter,2026-09-08,10
1057,2026-09-09 13:24:00,Wow! Momo,Fast Food,Society_39,21,2026-09-09 13:45:00,1.99,6,Small,1,0.98,Standard,Normal,0,0.65,41,41.62,14.08,41.62,1085,1,0,8537.0,2.44,4.46,7,3.48,1,1,1,0,1,20.0,22,28,23,48.0,20.0,0,0,Do Not Batch,Restaurant Ready-Time Gap,96.62,0.0,2,2,0,2,2,0,0.0,Bike,2026-09-09,13
1058,2026-09-23 15:45:00,Domino's Pizza,Pizza,Society_13,20,2026-09-23 16:05:00,6.33,18,Small,4,0.65,Standard,Normal,0,0.31,60,62.98,6.33,62.98,610,1,1,22082.0,0.34,1.09,5,0.65,1,1,1,0,1,20.0,28,30,28,50.0,20.0,0,0,Do Not Batch,Restaurant Ready-Time Gap,115.57,0.0,2,2,0,2,2,0,0.0,Scooter,2026-09-23,15
1059,2026-09-12 02:36:00,Burger King,Fast Food,Society_09,22,2026-09-12 02:58:00,1.81,4,Medium,5,2.11,Standard,Priority,50,4.6,37,38.62,6.31,38.62,627,1,0,8978.0,3.58,2.64,9,2.11,1,1,0,0,0,20.0,15,23,17,43.0,20.0,0,0,Do Not Batch,Priority Order,78.06,0.0,2,2,0,2,2,0,0.0,Bike,2026-09-12,2
1060,2026-09-20 17:43:00,Burger King,Fast Food,Society_03,10,2026-09-20 17:53:00,2.13,6,Small,5,1.25,Standard,Normal,0,1.86,41,40.75,10.76,40.75,1086,1,0,477.0,3.44,2.31,11,1.25,1,1,1,0,0,20.0,23,30,23,50.0,20.0,0,0,Do Not Batch,Customer Distance Too High,90.58,0.0,2,2,0,2,2,0,0.0,Bike,2026-09-20,17
1061,2026-09-13 05:49:00,Domino's Pizza,Pizza,Society_32,18,2026-09-13 06:07:00,0.72,2,Small,1,1.33,Standard,Normal,0,2.42,41,31.8,9.06,31.8,1298,1,0,4522.0,1.21,2.81,2,1.48,1,1,0,0,1,20.0,20,32,22,52.0,20.0,0,0,Do Not Batch,Priority Order,83.69,0.0,2,2,0,2,2,0,0.0,Bike,2026-09-13,5
1062,2026-09-16 19:56:00,Burger King,Fast Food,Society_06,8,2026-09-16 20:04:00,1.84,6,Small,5,0.43,Standard,Normal,0,1.44,37,37.4,14.36,37.4,529,1,0,15839.0,2.5,1.43,10,1.0,1,1,1,0,1,20.0,25,37,26,57.0,20.0,0,0,Do Not Batch,Restaurant Ready-Time Gap,96.56,0.0,2,2,0,2,2,0,0.0,Bike,2026-09-16,19
1063,2026-09-08 10:06:00,Subway,Fast Food,Society_28,20,2026-09-08 10:26:00,2.37,6,Small,2,0.4,Standard,Normal,0,2.63,50,43.26,6.9,43.26,811,1,0,7952.0,3.39,1.82,7,1.42,1,1,1,0,0,20.0,22,22,25,42.0,20.0,0,0,Do Not Batch,Customer Distance Too High,89.53,0.0,2,2,0,2,2,0,0.0,Scooter,2026-09-08,10
1064,2026-09-04 14:27:00,Subway,Fast Food,Society_45,16,2026-09-04 14:43:00,4.45,13,Medium,6,3.23,Standard,Priority,50,0.2,54,55.86,13.56,55.86,469,1,0,9314.0,2.25,3.62,12,3.23,1,1,0,0,1,20.0,23,30,25,50.0,20.0,0,0,Do Not Batch,Priority Order,112.25,0.0,2,2,0,2,2,0,0.0,Scooter,2026-09-04,14
1065,2026-09-07 22:20:00,Biryani Blues,Indian,Society_22,19,2026-09-07 22:39:00,3.67,13,Large,1,5.87,Spill-Risk,Normal,0,2.83,45,46.94,10.12,46.94,493,1,0,29417.0,1.48,10.66,2,5.87,0,1,1,0,1,20.0,26,21,28,41.0,20.0,0,0,Do Not Batch,Order Size/Item Incompatibility,94.74,0.0,2,2,0,2,2,0,0.0,Bike,2026-09-07,22
1066,2026-09-25 21:21:00,Pizza Hut,Pizza,Society_14,35,2026-09-25 21:56:00,2.84,7,Medium,4,1.21,Standard,Normal,0,2.3,41,50.0,7.22,50.0,1349,1,0,4953.0,0.97,1.73,8,1.21,1,1,1,0,1,20.0,26,20,26,40.0,20.0,0,0,Do Not Batch,Restaurant Ready-Time Gap,98.27000000000001,0.0,2,2,0,2,2,0,0.0,Bike,2026-09-25,21
1067,2026-09-15 12:37:00,McDonald's,Fast Food,Society_45,21,2026-09-15 12:58:00,2.17,5,Small,1,0.95,Temperature-Sensitive,Normal,0,2.17,42,42.38,13.09,42.38,1249,1,0,19408.0,3.7,4.35,7,3.4,1,1,1,0,0,20.0,22,28,25,48.0,20.0,0,0,Do Not Batch,Customer Distance Too High,92.53,0.0,2,2,0,2,2,0,0.0,Bike,2026-09-15,12
1068,2026-09-14 16:41:00,McDonald's,Fast Food,Society_28,14,2026-09-14 16:55:00,5.5,12,Small,2,0.55,Fragile,Normal,0,3.78,57,59.88,8.82,59.88,269,1,0,12189.0,3.76,3.52,7,2.97,1,1,1,0,0,20.0,26,28,27,48.0,20.0,0,0,Do Not Batch,Customer Distance Too High,114.35,0.0,2,2,0,2,2,0,0.0,Bike,2026-09-14,16
1069,2026-09-28 06:33:00,Haldiram's,Indian,Society_19,8,2026-09-28 06:41:00,6.71,23,Medium,4,3.19,Standard,Normal,0,2.83,56,69.52,12.97,69.52,633,1,0,2889.0,2.21,9.16,6,5.97,0,1,1,0,1,20.0,33,21,35,41.0,20.0,0,0,Do Not Batch,Order Size/Item Incompatibility,117.44999999999999,0.0,2,2,0,2,2,0,0.0,Bike,2026-09-28,6
1070,2026-09-10 02:17:00,Theobroma,Bakery,Society_33,12,2026-09-10 02:29:00,4.31,10,Small,3,0.82,Standard,Normal,0,3.22,47,50.52,7.82,50.52,295,1,0,8680.0,3.57,1.88,4,1.06,1,1,1,0,0,20.0,26,19,27,39.0,20.0,0,0,Do Not Batch,Customer Distance Too High,94.80000000000001,0.0,2,2,0,2,2,0,0.0,Scooter,2026-09-10,2
1071,2026-09-16 15:44:00,Theobroma,Bakery,Society_11,26,2026-09-16 16:10:00,3.18,8,Small,4,0.56,Standard,Normal,0,2.33,48,49.04,9.15,49.04,148,1,0,6669.0,0.2,4.47,5,3.91,1,1,1,0,1,20.0,23,24,26,44.0,20.0,0,0,Do Not Batch,Restaurant Ready-Time Gap,98.24000000000001,0.0,2,2,0,2,2,0,0.0,Bike,2026-09-16,15
1072,2026-09-23 07:29:00,Subway,Fast Food,Society_18,23,2026-09-23 07:52:00,1.34,3,Large,5,3.43,Standard,Normal,0,2.01,48,42.31,13.18,42.31,304,1,0,1745.0,4.36,7.55,11,4.12,0,1,1,0,0,20.0,21,22,21,42.0,20.0,0,0,Do Not Batch,Order Size/Item Incompatibility,87.22,0.0,2,2,0,2,2,0,0.0,Bike,2026-09-23,7
1073,2026-09-25 22:58:00,Wow! Momo,Fast Food,Society_30,31,2026-09-25 23:29:00,1.17,4,Small,4,0.93,Standard,Normal,0,1.97,46,39.16,9.29,39.16,1110,1,0,764.0,2.28,1.26,8,0.93,1,1,1,0,1,20.0,17,20,20,40.0,20.0,0,0,Do Not Batch,Restaurant Ready-Time Gap,83.35,0.0,2,2,0,2,2,0,0.0,Bike,2026-09-25,22
1074,2026-09-04 14:10:00,Pizza Hut,Pizza,Society_17,22,2026-09-04 14:32:00,5.23,15,Small,4,1.29,Fragile,Priority,50,4.09,51,56.68,14.63,56.68,451,1,0,8326.0,2.7,2.21,10,1.29,1,1,0,0,1,20.0,28,18,31,38.0,20.0,0,0,Do Not Batch,Priority Order,102.1,0.0,2,2,0,2,2,0,0.0,Bike,2026-09-04,14
1075,2026-09-06 11:20:00,Theobroma,Bakery,Society_49,27,2026-09-06 11:47:00,1.23,5,Small,5,0.55,Standard,Normal,0,2.33,44,36.6,6.49,36.6,43,1,0,22641.0,2.05,2.57,9,2.02,1,1,1,0,1,20.0,22,20,25,40.0,20.0,0,0,Do Not Batch,Restaurant Ready-Time Gap,76.09,0.0,2,2,0,2,2,0,0.0,Bike,2026-09-06,11
1076,2026-09-26 16:05:00,Burger King,Fast Food,Society_11,10,2026-09-26 16:15:00,2.62,8,Large,6,5.55,Temperature-Sensitive,Normal,0,3.2,43,48.83,6.57,48.83,1371,1,0,7915.0,4.45,6.71,7,5.55,0,1,1,0,0,20.0,21,20,24,40.0,20.0,0,0,Do Not Batch,Order Size/Item Incompatibility,89.56,0.0,2,2,0,2,2,0,0.0,Scooter,2026-09-26,16
1077,2026-09-26 04:25:00,Biryani Blues,Indian,Society_04,23,2026-09-26 04:48:00,3.75,11,Small,6,0.82,Spill-Risk,Normal,0,4.91,55,46.85,13.21,46.85,466,1,0,14052.0,1.01,1.59,9,0.82,1,1,1,0,1,20.0,23,18,24,38.0,20.0,0,0,Do Not Batch,Restaurant Ready-Time Gap,84.87,0.0,2,2,0,2,2,0,0.0,Bike,2026-09-26,4
1078,2026-09-23 15:09:00,McDonald's,Fast Food,Society_23,34,2026-09-23 15:43:00,9.1,20,Small,6,1.43,Temperature-Sensitive,Normal,0,1.31,65,77.11,10.64,77.11,609,1,0,4978.0,4.56,3.86,7,2.43,1,1,1,0,0,20.0,36,29,37,49.0,20.0,0,0,Do Not Batch,Customer Distance Too High,131.18,0.0,2,2,0,2,2,0,0.0,Bike,2026-09-23,15
1079,2026-09-29 20:51:00,Theobroma,Bakery,Society_43,8,2026-09-29 20:59:00,2.06,5,Small,2,1.39,Standard,Normal,0,2.79,35,38.75,11.32,38.75,967,1,0,34373.0,3.05,2.82,7,1.43,1,1,1,0,0,20.0,19,16,19,36.0,20.0,0,0,Do Not Batch,Customer Distance Too High,73.63,0.0,2,2,0,2,2,0,0.0,Scooter,2026-09-29,20
1080,2026-10-01 09:10:00,Haldiram's,Indian,Society_38,24,2026-10-01 09:34:00,3.14,7,Small,3,1.13,Standard,Priority,50,0.97,44,50.83,6.1,50.83,207,1,0,42025.0,3.37,1.94,8,1.13,1,1,0,0,0,20.0,25,21,27,41.0,20.0,0,0,Do Not Batch,Priority Order,90.83,0.0,2,2,0,2,2,0,0.0,Bike,2026-10-01,9
1081,2026-09-29 06:31:00,Pizza Hut,Pizza,Society_26,24,2026-09-29 06:55:00,3.49,12,Small,6,0.71,Temperature-Sensitive,Normal,0,1.04,47,47.78,6.65,47.78,881,1,0,13192.0,2.04,1.34,7,0.71,1,1,1,0,1,20.0,26,26,28,46.0,20.0,0,0,Do Not Batch,Restaurant Ready-Time Gap,109.0,0.0,2,2,0,2,2,0,0.0,Bike,2026-09-29,6
1082,2026-09-28 15:23:00,Pizza Hut,Pizza,Society_15,29,2026-09-28 15:52:00,7.86,27,Small,5,1.24,Temperature-Sensitive,Normal,0,1.99,57,74.12,8.17,74.12,323,1,0,3980.0,0.67,3.9,9,2.66,1,1,1,0,1,20.0,45,38,48,58.0,20.0,0,0,Do Not Batch,Restaurant Ready-Time Gap,138.59,0.0,2,2,0,2,2,0,0.0,Bike,2026-09-28,15
1083,2026-09-07 22:42:00,Pizza Hut,Pizza,Society_09,15,2026-09-07 22:57:00,2.43,9,Medium,1,1.95,Standard,Normal,0,4.65,53,44.94,6.87,44.94,504,1,0,828.0,3.8,3.32,6,1.95,1,1,1,0,0,20.0,24,34,27,54.0,20.0,0,0,Do Not Batch,Customer Distance Too High,97.89,0.0,2,2,0,2,2,0,0.0,Bike,2026-09-07,22
1084,2026-09-04 23:49:00,Biryani Blues,Indian,Society_05,30,2026-09-05 00:19:00,1.6,5,Small,1,1.42,Standard,Normal,0,2.66,45,43.07,10.52,43.07,1250,1,0,16524.0,2.94,2.13,7,1.42,1,1,1,0,1,20.0,20,21,21,41.0,20.0,0,0,Do Not Batch,Restaurant Ready-Time Gap,83.19,0.0,2,2,0,2,2,0,0.0,Scooter,2026-09-04,23
1085,2026-09-03 15:02:00,Wow! Momo,Fast Food,Society_09,26,2026-09-03 15:28:00,4.1,13,Medium,6,3.48,Standard,Normal,0,2.87,57,55.0,13.45,55.0,235,1,0,21966.0,4.41,4.77,10,3.48,1,1,1,0,0,20.0,28,21,30,41.0,20.0,0,0,Do Not Batch,Customer Distance Too High,93.6,0.0,2,2,0,2,2,0,0.0,Bike,2026-09-03,15
1086,2026-09-21 01:31:00,Burger King,Fast Food,Society_44,19,2026-09-21 01:50:00,3.42,11,Small,6,1.06,Standard,Normal,0,2.23,53,49.83,7.94,49.83,1144,1,0,5404.0,2.23,1.48,12,1.06,1,1,1,0,1,20.0,27,21,27,41.0,20.0,0,0,Do Not Batch,Restaurant Ready-Time Gap,83.85,0.0,2,2,0,2,2,0,0.0,Bike,2026-09-21,1
1087,2026-09-03 08:14:00,Haldiram's,Indian,Society_50,33,2026-09-03 08:47:00,2.27,7,Small,6,1.08,Standard,Normal,0,1.65,40,45.54,14.06,45.54,173,1,0,2791.0,1.91,4.0,7,2.92,1,1,1,0,1,20.0,20,19,23,39.0,20.0,0,0,Do Not Batch,Restaurant Ready-Time Gap,88.22999999999999,0.0,2,2,0,2,2,0,0.0,Bike,2026-09-03,8
1088,2026-09-02 17:01:00,Haldiram's,Indian,Society_48,26,2026-09-02 17:27:00,3.53,12,Medium,4,3.33,Standard,Priority,50,2.73,43,48.45,10.43,48.45,471,1,0,9796.0,4.44,3.65,8,3.33,1,1,0,0,0,20.0,25,24,26,44.0,20.0,0,0,Do Not Batch,Priority Order,92.65,0.0,2,2,0,2,2,0,0.0,Scooter,2026-09-02,17
1089,2026-09-13 20:31:00,Wow! Momo,Fast Food,Society_02,28,2026-09-13 20:59:00,4.91,17,Small,5,0.32,Standard,Normal,0,2.63,49,60.22,10.15,60.22,939,1,0,18357.0,5.18,1.56,7,1.24,1,1,1,0,0,20.0,35,20,38,40.0,20.0,0,0,Do Not Batch,Customer Distance Too High,98.91,0.0,2,2,0,2,2,0,0.0,Scooter,2026-09-13,20
1090,2026-09-10 05:53:00,Domino's Pizza,Pizza,Society_33,38,2026-09-10 06:31:00,0.5,2,Small,4,0.73,Spill-Risk,Priority,50,4.0,42,32.53,9.32,32.53,1338,1,0,4937.0,2.51,5.87,9,5.14,1,1,0,0,1,20.0,18,23,21,43.0,20.0,0,0,Do Not Batch,Priority Order,87.22,0.0,2,2,0,2,2,0,0.0,Bike,2026-09-10,5
1091,2026-09-12 18:20:00,Domino's Pizza,Pizza,Society_02,13,2026-09-12 18:33:00,0.7,2,Small,6,0.33,Spill-Risk,Priority,50,3.47,42,35.69,12.35,35.69,101,1,0,8092.0,1.45,0.86,11,0.53,1,1,0,0,1,20.0,21,31,22,51.0,20.0,0,0,Do Not Batch,Priority Order,86.02,0.0,2,2,0,2,2,0,0.0,Bike,2026-09-12,18
1092,2026-09-06 18:11:00,Domino's Pizza,Pizza,Society_30,41,2026-09-06 18:52:00,1.56,5,Small,5,0.87,Standard,Normal,0,0.6,39,43.07,9.11,43.07,170,1,0,896.0,3.63,1.8,8,0.93,1,1,1,0,0,20.0,20,40,22,60.0,20.0,0,0,Do Not Batch,Customer Distance Too High,121.66,0.0,2,2,0,2,2,0,0.0,Bike,2026-09-06,18
1093,2026-09-05 02:13:00,Biryani Blues,Indian,Society_38,19,2026-09-05 02:32:00,6.67,19,Medium,3,1.75,Standard,Normal,0,1.82,58,67.02,12.79,67.02,1388,1,0,32279.0,2.14,5.8,4,4.05,1,1,1,0,1,20.0,29,28,31,48.0,20.0,0,0,Do Not Batch,Restaurant Ready-Time Gap,121.94,0.0,2,2,0,2,2,0,0.0,Scooter,2026-09-05,2
1094,2026-09-02 01:45:00,Burger King,Fast Food,Society_36,17,2026-09-02 02:02:00,3.76,13,Medium,6,2.35,Standard,Normal,0,2.37,51,48.77,5.64,48.77,1009,1,0,16778.0,3.34,5.75,8,3.4,1,1,1,0,0,20.0,29,24,32,44.0,20.0,0,0,Do Not Batch,Customer Distance Too High,102.58000000000001,0.0,2,2,0,2,2,0,0.0,Scooter,2026-09-02,1
1095,2026-09-19 03:15:00,Burger King,Fast Food,Society_22,32,2026-09-19 03:47:00,1.97,5,Small,5,1.09,Standard,Normal,0,1.45,41,39.89,6.57,39.89,841,1,0,9378.0,2.14,1.45,6,1.09,1,1,0,0,1,20.0,20,21,22,41.0,20.0,0,0,Do Not Batch,Priority Order,79.75,0.0,2,2,0,2,2,0,0.0,Bike,2026-09-19,3
1096,2026-09-11 16:12:00,Theobroma,Bakery,Society_43,13,2026-09-11 16:25:00,3.38,10,Medium,2,2.6,Standard,Normal,0,2.86,49,52.26,11.44,52.26,131,1,0,19016.0,4.69,5.38,5,2.78,1,1,1,0,0,20.0,23,20,24,40.0,20.0,0,0,Do Not Batch,Customer Distance Too High,93.93,0.0,2,2,0,2,2,0,0.0,Bike,2026-09-11,16
1097,2026-09-01 11:55:00,Pizza Hut,Pizza,Society_48,25,2026-09-01 12:20:00,6.7,17,Small,3,1.35,Standard,Normal,0,1.42,54,62.16,12.69,62.16,1364,1,0,7584.0,1.52,2.68,4,1.35,1,1,1,0,1,20.0,34,22,36,42.0,20.0,0,0,Do Not Batch,Restaurant Ready-Time Gap,100.11,0.0,2,2,0,2,2,0,0.0,Scooter,2026-09-01,11
1098,2026-09-28 05:05:00,Biryani Blues,Indian,Society_48,12,2026-09-28 05:17:00,5.17,16,Small,6,0.35,Standard,Normal,0,2.78,56,61.58,10.1,61.58,1388,1,0,1006.0,3.17,4.4,7,4.05,1,1,1,0,0,20.0,32,28,35,48.0,20.0,0,0,Do Not Batch,Customer Distance Too High,116.5,0.0,2,2,0,2,2,0,0.0,Bike,2026-09-28,5
1099,2026-09-11 06:42:00,Domino's Pizza,Pizza,Society_39,23,2026-09-11 07:05:00,1.62,6,Small,5,1.08,Standard,Normal,0,1.77,41,41.0,9.27,41.0,873,1,0,13641.0,1.82,3.43,6,2.35,1,1,1,0,1,20.0,23,31,26,51.0,20.0,0,0,Do Not Batch,Restaurant Ready-Time Gap,92.75,0.0,2,2,0,2,2,0,0.0,Scooter,2026-09-11,6
1100,2026-09-03 21:10:00,Domino's Pizza,Pizza,Society_38,8,2026-09-03 21:18:00,0.53,2,Large,4,4.88,Standard,Normal,0,4.11,46,34.5,14.25,34.5,465,1,0,8680.0,2.11,8.86,10,4.88,0,1,1,0,1,20.0,20,20,21,40.0,20.0,0,0,Do Not Batch,Order Size/Item Incompatibility,77.18,0.0,2,2,0,2,2,0,0.0,Scooter,2026-09-03,21
1101,2026-09-12 05:12:00,Biryani Blues,Indian,Society_31,26,2026-09-12 05:38:00,3.84,10,Large,6,4.32,Standard,Normal,0,2.89,42,48.49,9.09,48.49,861,1,0,13541.0,1.92,4.87,12,4.32,1,1,1,0,1,20.0,20,25,23,45.0,20.0,0,0,Do Not Batch,Restaurant Ready-Time Gap,106.94,0.0,2,2,0,2,2,0,0.0,Bike,2026-09-12,5
1102,2026-09-28 04:37:00,Pizza Hut,Pizza,Society_32,15,2026-09-28 04:52:00,0.85,3,Small,2,1.21,Standard,Normal,0,4.79,45,39.04,10.27,39.04,687,1,0,13917.0,3.53,2.03,3,1.21,1,1,1,0,0,20.0,15,44,17,64.0,20.0,0,0,Do Not Batch,Customer Distance Too High,134.08,0.0,2,2,0,2,2,0,0.0,Bike,2026-09-28,4
1103,2026-09-04 19:44:00,McDonald's,Fast Food,Society_11,13,2026-09-04 19:57:00,2.93,9,Large,5,5.18,Standard,Normal,0,3.2,41,49.6,6.04,49.6,502,1,0,12186.0,3.79,6.43,10,5.18,0,1,1,0,0,20.0,20,18,21,38.0,20.0,0,0,Do Not Batch,Order Size/Item Incompatibility,86.83,0.0,2,2,0,2,2,0,0.0,Bike,2026-09-04,19
1104,2026-09-09 22:42:00,Pizza Hut,Pizza,Society_33,31,2026-09-09 23:13:00,1.0,3,Medium,3,2.11,Temperature-Sensitive,Normal,0,2.25,46,34.31,7.21,34.31,52,1,0,1487.0,3.28,2.58,8,2.11,1,1,1,0,0,20.0,15,20,18,40.0,20.0,0,0,Do Not Batch,Customer Distance Too High,77.30000000000001,0.0,2,2,0,2,2,0,0.0,Bike,2026-09-09,22
1105,2026-09-06 04:41:00,Theobroma,Bakery,Society_14,30,2026-09-06 05:11:00,1.27,4,Small,2,0.57,Standard,Normal,0,1.74,39,39.35,11.4,39.35,1025,1,0,6124.0,2.35,1.53,4,0.96,1,1,1,0,1,20.0,15,17,16,37.0,20.0,0,0,Do Not Batch,Restaurant Ready-Time Gap,73.13,0.0,2,2,0,2,2,0,0.0,Bike,2026-09-06,4
1106,2026-09-27 10:20:00,Domino's Pizza,Pizza,Society_06,16,2026-09-27 10:36:00,3.48,10,Large,5,4.92,Spill-Risk,Normal,0,5.71,55,47.26,9.15,47.26,956,1,0,25620.0,2.7,7.17,7,4.92,0,1,1,0,1,20.0,25,24,26,44.0,20.0,0,0,Do Not Batch,Order Size/Item Incompatibility,90.28999999999999,0.0,2,2,0,2,2,0,0.0,Bike,2026-09-27,10
1107,2026-09-17 04:00:00,Pizza Hut,Pizza,Society_45,22,2026-09-17 04:22:00,0.78,3,Small,4,0.36,Standard,Normal,0,5.13,43,39.5,10.81,39.5,1344,1,0,2314.0,3.76,1.69,10,1.33,1,1,0,0,0,20.0,21,26,23,46.0,20.0,0,0,Do Not Batch,Priority Order,98.74000000000001,0.0,2,2,0,2,2,0,0.0,Scooter,2026-09-17,4
1108,2026-09-23 00:10:00,Haldiram's,Indian,Society_02,27,2026-09-23 00:37:00,2.04,7,Small,1,1.34,Standard,Normal,0,1.06,37,41.09,5.22,41.09,1022,1,0,24508.0,3.8,2.72,2,1.38,1,1,1,0,0,20.0,18,16,20,36.0,20.0,0,0,Do Not Batch,Customer Distance Too High,87.57,0.0,2,2,0,2,2,0,0.0,Bike,2026-09-23,0
1109,2026-09-19 00:59:00,Domino's Pizza,Pizza,Society_44,18,2026-09-19 01:17:00,3.62,10,Medium,4,3.14,Standard,Normal,0,1.63,52,48.71,5.3,48.71,479,1,0,5318.0,0.2,7.28,6,4.14,0,1,1,0,1,20.0,23,16,23,36.0,20.0,0,0,Do Not Batch,Order Size/Item Incompatibility,85.42,0.0,2,2,0,2,2,0,0.0,Scooter,2026-09-19,0
1110,2026-09-26 11:56:00,Wow! Momo,Fast Food,Society_46,17,2026-09-26 12:13:00,2.87,7,Small,4,0.33,Spill-Risk,Normal,0,4.13,44,44.19,6.58,44.19,884,1,0,6613.0,2.12,0.7,6,0.37,1,1,0,0,1,20.0,21,23,22,43.0,20.0,0,0,Do Not Batch,Priority Order,83.58,0.0,2,2,0,2,2,0,0.0,Scooter,2026-09-26,11
1111,2026-09-12 21:13:00,McDonald's,Fast Food,Society_23,20,2026-09-12 21:33:00,6.95,19,Small,6,1.24,Standard,Normal,0,0.2,50,64.12,13.3,64.12,1341,1,0,546.0,2.19,2.46,12,1.24,1,1,1,0,1,20.0,33,39,35,59.0,20.0,0,0,Do Not Batch,Restaurant Ready-Time Gap,145.85000000000002,0.0,2,2,0,2,2,0,0.0,Bike,2026-09-12,21
1112,2026-09-13 14:58:00,Domino's Pizza,Pizza,Society_42,31,2026-09-13 15:29:00,2.42,7,Medium,6,2.33,Standard,Normal,0,1.36,48,41.5,12.83,41.5,1047,1,0,8809.0,3.44,5.23,8,2.9,1,1,1,0,0,20.0,17,56,20,76.0,20.0,0,0,Do Not Batch,Customer Distance Too High,129.26,0.0,2,2,0,2,2,0,0.0,Bike,2026-09-13,14
1113,2026-09-09 05:33:00,Biryani Blues,Indian,Society_19,20,2026-09-09 05:53:00,9.17,31,Small,1,0.37,Standard,Normal,0,2.61,68,75.41,12.3,75.41,466,1,0,10363.0,2.41,1.14,4,0.77,1,1,1,0,1,20.0,46,15,46,35.0,20.0,0,0,Do Not Batch,Restaurant Ready-Time Gap,113.43,0.0,2,2,0,2,2,0,0.0,Scooter,2026-09-09,5
1114,2026-09-13 19:44:00,McDonald's,Fast Food,Society_31,24,2026-09-13 20:08:00,2.51,9,Medium,3,1.92,Standard,Normal,0,2.9,51,47.07,5.32,47.07,253,1,0,6132.0,3.51,3.17,5,1.92,1,1,1,0,0,20.0,23,32,23,52.0,20.0,0,0,Do Not Batch,Customer Distance Too High,106.62,0.0,2,2,0,2,2,0,0.0,Bike,2026-09-13,19
1115,2026-09-01 11:37:00,Theobroma,Bakery,Society_13,8,2026-09-01 11:45:00,3.02,8,Small,3,0.85,Standard,Normal,0,3.38,39,47.23,14.05,47.23,1385,1,0,34168.0,0.99,2.27,8,1.42,1,1,1,0,1,20.0,23,23,26,43.0,20.0,0,0,Do Not Batch,Restaurant Ready-Time Gap,88.44,0.0,2,2,0,2,2,0,0.0,Scooter,2026-09-01,11
1116,2026-09-27 21:33:00,Domino's Pizza,Pizza,Society_43,17,2026-09-27 21:50:00,3.08,8,Large,3,3.55,Spill-Risk,Normal,0,0.24,47,47.31,6.54,47.31,467,1,0,7494.0,2.86,6.74,6,3.55,0,1,1,0,1,20.0,21,25,23,45.0,20.0,0,0,Do Not Batch,Order Size/Item Incompatibility,90.78,0.0,2,2,0,2,2,0,0.0,Scooter,2026-09-27,21
1117,2026-09-04 16:28:00,Wow! Momo,Fast Food,Society_01,20,2026-09-04 16:48:00,8.21,18,Small,1,0.56,Standard,Normal,0,0.2,58,76.21,11.49,76.21,93,1,0,27712.0,3.76,1.4,3,0.84,1,1,1,0,0,20.0,33,29,34,49.0,20.0,0,0,Do Not Batch,Customer Distance Too High,125.72999999999999,0.0,2,2,0,2,2,0,0.0,Bike,2026-09-04,16
1118,2026-09-22 05:39:00,Pizza Hut,Pizza,Society_07,30,2026-09-22 06:09:00,0.5,2,Small,6,0.68,Standard,Normal,0,3.88,41,34.49,9.94,34.49,1344,1,0,4993.0,0.44,2.01,12,1.33,1,1,0,0,1,20.0,20,30,20,50.0,20.0,0,0,Do Not Batch,Priority Order,93.73,0.0,2,2,0,2,2,0,0.0,Scooter,2026-09-22,5
1119,2026-09-09 07:16:00,Biryani Blues,Indian,Society_39,29,2026-09-09 07:45:00,3.41,9,Small,5,0.84,Standard,Normal,0,2.17,50,47.53,10.07,47.53,398,1,0,23663.0,6.02,3.28,7,2.44,1,1,1,0,0,20.0,19,32,22,52.0,20.0,0,0,Do Not Batch,Customer Distance Too High,100.12,0.0,2,2,0,2,2,0,0.0,Bike,2026-09-09,7
1120,2026-09-26 00:02:00,Burger King,Fast Food,Society_06,20,2026-09-26 00:22:00,3.21,11,Large,4,4.03,Standard,Normal,0,1.67,51,48.19,13.32,48.19,852,1,0,27220.0,4.17,4.46,10,4.03,1,1,1,0,0,20.0,26,17,29,37.0,20.0,0,0,Do Not Batch,Customer Distance Too High,92.44999999999999,0.0,2,2,0,2,2,0,0.0,Bike,2026-09-26,0
1121,2026-09-16 06:27:00,Subway,Fast Food,Society_24,20,2026-09-16 06:47:00,2.87,7,Small,6,0.79,Standard,Normal,0,2.55,41,42.98,6.22,42.98,1213,1,0,4896.0,2.5,2.03,7,1.24,1,1,1,0,1,20.0,17,17,20,37.0,20.0,0,0,Do Not Batch,Restaurant Ready-Time Gap,85.03999999999999,0.0,2,2,0,2,2,0,0.0,Bike,2026-09-16,6
1122,2026-09-26 01:10:00,Pizza Hut,Pizza,Society_47,13,2026-09-26 01:23:00,10.15,28,Medium,4,1.69,Standard,Normal,0,4.3,69,81.23,12.41,81.23,1066,1,0,207.0,1.34,2.9,8,1.69,1,1,1,0,1,20.0,44,25,47,45.0,20.0,0,0,Do Not Batch,Restaurant Ready-Time Gap,131.23000000000002,0.0,2,2,0,2,2,0,0.0,Scooter,2026-09-26,1
1123,2026-09-12 08:03:00,Subway,Fast Food,Society_25,16,2026-09-12 08:19:00,2.39,8,Small,3,0.65,Standard,Normal,0,1.68,44,43.04,13.8,43.04,108,1,0,18784.0,2.25,2.14,5,1.49,1,1,1,0,1,20.0,21,30,21,50.0,20.0,0,0,Do Not Batch,Restaurant Ready-Time Gap,94.06,0.0,2,2,0,2,2,0,0.0,Bike,2026-09-12,8
1124,2026-09-25 14:33:00,McDonald's,Fast Food,Society_47,28,2026-09-25 15:01:00,7.12,20,Small,5,1.1,Standard,Priority,50,0.46,64,70.42,10.21,70.42,1190,1,0,5352.0,2.62,2.14,7,1.1,1,1,0,0,1,20.0,35,18,36,38.0,20.0,0,0,Do Not Batch,Priority Order,106.52000000000001,0.0,2,2,0,2,2,0,0.0,Bike,2026-09-25,14
1125,2026-09-06 20:07:00,Domino's Pizza,Pizza,Society_05,19,2026-09-06 20:26:00,1.11,3,Large,3,5.23,Standard,Normal,0,3.88,42,35.58,7.3,35.58,1051,1,0,78.0,3.12,6.3,7,5.23,0,1,0,0,0,20.0,19,20,21,40.0,20.0,0,0,Do Not Batch,Priority Order,78.32,0.0,2,2,0,2,2,0,0.0,Bike,2026-09-06,20
1126,2026-09-02 12:51:00,Subway,Fast Food,Society_29,11,2026-09-02 13:02:00,3.6,9,Medium,2,2.03,Temperature-Sensitive,Normal,0,4.04,51,47.26,9.49,47.26,65,1,0,33289.0,4.6,3.8,3,2.03,1,1,1,0,0,20.0,23,20,26,40.0,20.0,0,0,Do Not Batch,Customer Distance Too High,93.44999999999999,0.0,2,2,0,2,2,0,0.0,Scooter,2026-09-02,12
1127,2026-09-12 11:21:00,McDonald's,Fast Food,Society_46,17,2026-09-12 11:38:00,2.46,6,Large,3,3.12,Standard,Normal,0,0.2,51,41.88,11.2,41.88,958,1,0,5348.0,1.83,4.66,8,3.12,1,1,1,0,1,20.0,24,16,27,36.0,20.0,0,0,Do Not Batch,Restaurant Ready-Time Gap,84.44,0.0,2,2,0,2,2,0,0.0,Scooter,2026-09-12,11
1128,2026-09-11 01:50:00,Pizza Hut,Pizza,Society_02,17,2026-09-11 02:07:00,5.11,13,Medium,2,1.81,Standard,Normal,0,3.91,45,56.07,6.64,56.07,67,1,0,11162.0,3.29,2.25,8,1.81,1,1,1,0,0,20.0,30,26,31,46.0,20.0,0,0,Do Not Batch,Customer Distance Too High,103.96000000000001,0.0,2,2,0,2,2,0,0.0,Scooter,2026-09-11,1
1129,2026-09-22 11:31:00,Haldiram's,Indian,Society_25,12,2026-09-22 11:43:00,1.89,6,Small,6,0.34,Standard,Normal,0,3.39,50,44.97,5.79,44.97,630,1,0,6049.0,0.69,6.28,11,5.94,0,1,1,0,1,20.0,18,17,19,37.0,20.0,0,0,Do Not Batch,Order Size/Item Incompatibility,82.52,0.0,2,2,0,2,2,0,0.0,Bike,2026-09-22,11
1130,2026-09-28 22:06:00,Subway,Fast Food,Society_30,32,2026-09-28 22:38:00,3.27,11,Medium,3,1.66,Fragile,Priority,50,2.6,44,50.48,12.4,50.48,1123,1,0,23899.0,1.92,2.31,6,1.66,1,1,0,0,1,20.0,21,21,23,41.0,20.0,0,0,Do Not Batch,Priority Order,93.52,0.0,2,2,0,2,2,0,0.0,Bike,2026-09-28,22
1131,2026-09-20 15:42:00,Pizza Hut,Pizza,Society_02,30,2026-09-20 16:12:00,1.14,3,Medium,3,3.43,Standard,Normal,0,0.62,39,36.47,8.19,36.47,308,1,0,12240.0,3.03,3.83,5,3.43,1,1,1,0,0,20.0,22,19,22,39.0,20.0,0,0,Do Not Batch,Customer Distance Too High,83.64,0.0,2,2,0,2,2,0,0.0,Scooter,2026-09-20,15
1132,2026-09-05 07:07:00,Pizza Hut,Pizza,Society_45,27,2026-09-05 07:34:00,3.74,9,Small,2,0.51,Standard,Normal,0,2.3,45,53.72,6.04,53.72,7,1,0,17839.0,3.47,1.46,7,0.95,1,1,0,0,0,20.0,26,18,27,38.0,20.0,0,0,Do Not Batch,Priority Order,91.18,0.0,2,2,0,2,2,0,0.0,Scooter,2026-09-05,7
1133,2026-09-04 02:20:00,Haldiram's,Indian,Society_39,24,2026-09-04 02:44:00,3.05,10,Small,3,1.11,Fragile,Normal,0,2.62,49,46.3,14.33,46.3,22,1,0,25529.0,1.45,4.05,6,2.94,1,1,1,0,1,20.0,23,28,23,48.0,20.0,0,0,Do Not Batch,Restaurant Ready-Time Gap,107.38,0.0,2,2,0,2,2,0,0.0,Bike,2026-09-04,2
1134,2026-09-23 14:08:00,Domino's Pizza,Pizza,Society_22,20,2026-09-23 14:28:00,1.36,5,Medium,6,1.41,Standard,Normal,0,2.26,40,37.18,9.69,37.18,1264,1,0,7881.0,1.88,1.71,12,1.41,1,1,1,0,1,20.0,21,34,21,54.0,20.0,0,0,Do Not Batch,Restaurant Ready-Time Gap,96.46000000000001,0.0,2,2,0,2,2,0,0.0,Scooter,2026-09-23,14
1135,2026-09-02 04:13:00,Domino's Pizza,Pizza,Society_28,16,2026-09-02 04:29:00,5.52,14,Medium,2,2.46,Spill-Risk,Normal,0,2.41,49,57.52,10.43,57.52,1230,1,0,16412.0,4.54,3.67,3,2.46,1,1,1,0,0,20.0,27,30,30,50.0,20.0,0,0,Do Not Batch,Customer Distance Too High,111.87,0.0,2,2,0,2,2,0,0.0,Scooter,2026-09-02,4
1136,2026-09-21 20:04:00,Biryani Blues,Indian,Society_46,31,2026-09-21 20:35:00,3.44,10,Medium,6,1.39,Standard,Normal,0,6.43,48,47.48,11.47,47.48,933,1,0,25915.0,4.13,2.38,12,1.39,1,1,1,0,0,20.0,26,15,26,35.0,20.0,0,0,Do Not Batch,Customer Distance Too High,83.34,0.0,2,2,0,2,2,0,0.0,Scooter,2026-09-21,20
1137,2026-09-12 17:27:00,Wow! Momo,Fast Food,Society_44,22,2026-09-12 17:49:00,4.63,16,Small,1,0.33,Temperature-Sensitive,Normal,0,3.56,61,58.55,5.11,58.55,1162,1,0,11223.0,2.79,4.52,6,4.19,1,1,1,0,1,20.0,26,19,29,39.0,20.0,0,0,Do Not Batch,Restaurant Ready-Time Gap,91.83,0.0,2,2,0,2,2,0,0.0,Bike,2026-09-12,17
1138,2026-09-12 13:40:00,Theobroma,Bakery,Society_12,24,2026-09-12 14:04:00,1.48,5,Medium,1,3.09,Spill-Risk,Normal,0,1.24,39,41.97,10.4,41.97,532,1,0,13646.0,0.2,5.4,5,3.09,1,1,1,0,1,20.0,15,25,18,45.0,20.0,0,0,Do Not Batch,Restaurant Ready-Time Gap,95.42,0.0,2,2,0,2,2,0,0.0,Scooter,2026-09-12,13
1139,2026-09-12 09:23:00,Subway,Fast Food,Society_49,16,2026-09-12 09:39:00,2.59,8,Large,6,5.03,Standard,Normal,0,3.35,40,48.6,9.24,48.6,682,1,0,21504.0,6.02,8.52,8,5.03,0,1,1,0,0,20.0,19,52,21,72.0,20.0,0,0,Do Not Batch,Order Size/Item Incompatibility,138.38,0.0,2,2,0,2,2,0,0.0,Bike,2026-09-12,9
1140,2026-09-29 16:40:00,KFC,Fast Food,Society_45,22,2026-09-29 17:02:00,6.79,23,Small,2,1.06,Standard,Normal,0,2.72,67,64.24,7.53,64.24,1491,1,0,38272.0,2.47,5.37,6,4.31,1,1,1,0,1,20.0,37,19,37,39.0,20.0,0,0,Do Not Batch,Restaurant Ready-Time Gap,108.35999999999999,0.0,2,2,0,2,2,0,0.0,Scooter,2026-09-29,16
1141,2026-09-18 21:07:00,Haldiram's,Indian,Society_43,17,2026-09-18 21:24:00,2.69,9,Medium,4,1.21,Standard,Normal,0,0.82,48,42.71,7.78,42.71,1022,1,0,18555.0,2.06,2.59,5,1.38,1,1,1,0,1,20.0,28,25,29,45.0,20.0,0,0,Do Not Batch,Restaurant Ready-Time Gap,89.19,0.0,2,2,0,2,2,0,0.0,Bike,2026-09-18,21
1142,2026-09-09 02:34:00,KFC,Fast Food,Society_36,35,2026-09-09 03:09:00,3.12,11,Small,6,0.99,Standard,Normal,0,0.23,44,50.07,12.7,50.07,213,1,0,10415.0,1.77,3.14,9,2.15,1,1,1,0,1,20.0,26,23,27,43.0,20.0,0,0,Do Not Batch,Restaurant Ready-Time Gap,96.25,0.0,2,2,0,2,2,0,0.0,Scooter,2026-09-09,2
1143,2026-09-23 11:33:00,Wow! Momo,Fast Food,Society_27,10,2026-09-23 11:43:00,4.29,15,Medium,6,2.81,Spill-Risk,Normal,0,3.6,56,54.81,12.33,54.81,573,1,0,4643.0,3.03,5.99,7,3.18,1,1,1,0,0,20.0,26,22,27,42.0,20.0,0,0,Do Not Batch,Customer Distance Too High,100.18,0.0,2,2,0,2,2,0,0.0,Scooter,2026-09-23,11
1144,2026-09-17 07:25:00,Burger King,Fast Food,Society_17,21,2026-09-17 07:46:00,0.52,2,Small,6,0.42,Spill-Risk,Normal,0,3.47,41,34.02,5.4,34.02,1201,1,0,16494.0,3.04,3.87,11,3.45,1,1,0,0,0,20.0,12,26,14,46.0,20.0,0,0,Do Not Batch,Priority Order,88.52000000000001,0.0,2,2,0,2,2,0,0.0,Scooter,2026-09-17,7
1145,2026-09-07 13:41:00,McDonald's,Fast Food,Society_06,13,2026-09-07 13:54:00,3.65,10,Medium,3,2.2,Temperature-Sensitive,Normal,0,0.2,41,49.23,9.79,49.23,1414,1,0,13375.0,3.83,5.52,7,3.32,1,1,1,0,0,20.0,28,28,31,48.0,20.0,0,0,Do Not Batch,Customer Distance Too High,104.61,0.0,2,2,0,2,2,0,0.0,Scooter,2026-09-07,13
1146,2026-09-01 12:33:00,KFC,Fast Food,Society_24,16,2026-09-01 12:49:00,1.12,3,Small,1,1.49,Standard,Normal,0,3.54,48,39.34,8.52,39.34,851,1,0,12956.0,1.2,3.14,2,1.65,1,1,1,0,1,20.0,19,18,22,38.0,20.0,0,0,Do Not Batch,Restaurant Ready-Time Gap,74.44,0.0,2,2,0,2,2,0,0.0,Bike,2026-09-01,12
1147,2026-09-16 09:32:00,Haldiram's,Indian,Society_17,19,2026-09-16 09:51:00,1.11,4,Small,1,1.25,Standard,Normal,0,5.69,39,37.74,10.15,37.74,770,1,0,5738.0,2.06,2.49,6,1.25,1,1,1,0,1,20.0,21,26,22,46.0,20.0,0,0,Do Not Batch,Restaurant Ready-Time Gap,93.68,0.0,2,2,0,2,2,0,0.0,Bike,2026-09-16,9
1148,2026-09-22 22:16:00,Subway,Fast Food,Society_26,28,2026-09-22 22:44:00,4.55,16,Medium,3,1.75,Standard,Normal,0,3.28,48,53.59,5.31,53.59,1220,1,0,9359.0,5.34,3.32,6,1.75,1,1,1,0,0,20.0,31,38,34,58.0,20.0,0,0,Do Not Batch,Customer Distance Too High,118.55,0.0,2,2,0,2,2,0,0.0,Scooter,2026-09-22,22
1149,2026-09-21 02:05:00,Burger King,Fast Food,Society_32,23,2026-09-21 02:28:00,4.59,13,Small,6,1.26,Standard,Normal,0,3.05,43,57.04,12.71,57.04,1435,1,0,7207.0,2.81,3.3,9,2.04,1,1,1,0,1,20.0,31,20,34,40.0,20.0,0,0,Do Not Batch,Restaurant Ready-Time Gap,99.65,0.0,2,2,0,2,2,0,0.0,Scooter,2026-09-21,2
1150,2026-09-19 17:18:00,KFC,Fast Food,Society_35,24,2026-09-19 17:42:00,3.59,11,Small,5,0.49,Standard,Normal,0,1.6,42,47.99,11.99,47.99,89,1,0,25695.0,2.26,1.05,8,0.56,1,1,1,0,1,20.0,28,15,30,35.0,20.0,0,0,Do Not Batch,Restaurant Ready-Time Gap,81.82,0.0,2,2,0,2,2,0,0.0,Bike,2026-09-19,17
1151,2026-09-12 20:32:00,KFC,Fast Food,Society_50,10,2026-09-12 20:42:00,8.73,27,Medium,5,1.25,Temperature-Sensitive,Normal,0,4.38,60,77.66,8.87,77.66,1421,1,0,24182.0,1.18,1.9,7,1.25,1,1,1,0,1,20.0,40,33,40,53.0,20.0,0,0,Do Not Batch,Restaurant Ready-Time Gap,135.91,0.0,2,2,0,2,2,0,0.0,Scooter,2026-09-12,20
1152,2026-09-24 17:56:00,Haldiram's,Indian,Society_46,21,2026-09-24 18:17:00,1.81,5,Large,3,5.53,Standard,Normal,0,1.2,50,41.18,12.46,41.18,748,1,0,22508.0,3.21,8.63,8,5.53,0,1,1,0,0,20.0,19,23,19,43.0,20.0,0,0,Do Not Batch,Order Size/Item Incompatibility,89.58,0.0,2,2,0,2,2,0,0.0,Bike,2026-09-24,17
1153,2026-09-18 16:33:00,Theobroma,Bakery,Society_40,18,2026-09-18 16:51:00,7.44,18,Small,6,0.85,Standard,Normal,0,0.2,57,67.12,9.67,67.12,1374,1,0,14265.0,3.94,2.78,7,1.93,1,1,1,0,0,20.0,29,21,31,41.0,20.0,0,0,Do Not Batch,Customer Distance Too High,101.19,0.0,2,2,0,2,2,0,0.0,Bike,2026-09-18,16
1154,2026-09-05 22:15:00,Domino's Pizza,Pizza,Society_35,36,2026-09-05 22:51:00,2.33,5,Small,2,0.41,Spill-Risk,Normal,0,2.81,40,46.02,5.01,46.02,1500,1,0,2731.0,3.72,1.23,4,0.82,1,1,1,0,0,20.0,15,26,17,46.0,20.0,0,0,Do Not Batch,Customer Distance Too High,94.27000000000001,0.0,2,2,0,2,2,0,0.0,Bike,2026-09-05,22
1155,2026-09-21 11:09:00,Burger King,Fast Food,Society_03,36,2026-09-21 11:45:00,7.32,22,Small,6,0.95,Standard,Normal,0,1.17,53,68.63,13.04,68.63,1173,1,0,9043.0,2.14,1.39,10,0.95,1,1,1,0,1,20.0,37,22,40,42.0,20.0,0,0,Do Not Batch,Restaurant Ready-Time Gap,112.71,0.0,2,2,0,2,2,0,0.0,Scooter,2026-09-21,11
1156,2026-09-08 19:04:00,Biryani Blues,Indian,Society_37,24,2026-09-08 19:28:00,4.97,15,Small,5,1.39,Standard,Priority,50,1.46,45,54.82,5.18,54.82,735,1,0,4136.0,3.01,2.78,10,1.39,1,1,0,0,0,20.0,27,26,29,46.0,20.0,0,0,Do Not Batch,Priority Order,111.07,0.0,2,2,0,2,2,0,0.0,Bike,2026-09-08,19
1157,2026-09-17 11:38:00,Theobroma,Bakery,Society_10,13,2026-09-17 11:51:00,4.45,10,Medium,4,2.21,Standard,Normal,0,3.57,44,53.85,9.61,53.85,558,1,0,128.0,4.84,3.13,7,2.21,1,1,1,0,0,20.0,23,18,26,38.0,20.0,0,0,Do Not Batch,Customer Distance Too High,86.41,0.0,2,2,0,2,2,0,0.0,Bike,2026-09-17,11
1158,2026-09-22 16:49:00,Biryani Blues,Indian,Society_03,29,2026-09-22 17:18:00,3.85,9,Medium,5,2.32,Standard,Normal,0,4.2,50,47.61,6.62,47.61,145,1,0,24241.0,4.0,3.43,10,2.32,1,1,1,0,0,20.0,19,27,19,47.0,20.0,0,0,Do Not Batch,Customer Distance Too High,108.13,0.0,2,2,0,2,2,0,0.0,Bike,2026-09-22,16
1159,2026-09-14 10:01:00,Domino's Pizza,Pizza,Society_16,14,2026-09-14 10:15:00,4.89,14,Small,6,0.62,Spill-Risk,Normal,0,2.1,55,58.22,12.55,58.22,912,1,0,7951.0,1.4,3.87,9,3.25,1,1,1,0,1,20.0,29,19,31,39.0,20.0,0,0,Do Not Batch,Restaurant Ready-Time Gap,97.03,0.0,2,2,0,2,2,0,0.0,Scooter,2026-09-14,10
1160,2026-09-22 21:36:00,Biryani Blues,Indian,Society_21,16,2026-09-22 21:52:00,0.5,2,Medium,1,1.74,Spill-Risk,Normal,0,2.52,35,36.77,9.08,36.77,152,1,0,30734.0,0.2,2.61,6,1.74,1,1,1,0,1,20.0,19,19,22,39.0,20.0,0,0,Do Not Batch,Restaurant Ready-Time Gap,80.37,0.0,2,2,0,2,2,0,0.0,Bike,2026-09-22,21
1161,2026-09-06 12:24:00,Biryani Blues,Indian,Society_25,34,2026-09-06 12:58:00,0.88,3,Medium,2,1.35,Spill-Risk,Normal,0,2.36,44,35.68,11.14,35.68,735,1,0,866.0,2.92,2.74,7,1.39,1,1,1,0,1,20.0,22,31,22,51.0,20.0,0,0,Do Not Batch,Restaurant Ready-Time Gap,91.93,0.0,2,2,0,2,2,0,0.0,Bike,2026-09-06,12
1162,2026-09-20 12:44:00,Wow! Momo,Fast Food,Society_36,8,2026-09-20 12:52:00,0.77,2,Large,5,4.19,Standard,Normal,0,0.2,33,33.28,7.96,33.28,755,1,0,388.0,3.62,6.19,6,4.19,0,1,0,0,0,20.0,15,21,15,41.0,20.0,0,0,Do Not Batch,Priority Order,76.32,0.0,2,2,0,2,2,0,0.0,Scooter,2026-09-20,12
1163,2026-09-21 13:19:00,KFC,Fast Food,Society_26,20,2026-09-21 13:39:00,2.69,9,Medium,5,1.84,Temperature-Sensitive,Priority,50,0.2,41,47.43,14.57,47.43,1421,1,0,11645.0,0.98,2.49,7,1.84,1,1,0,0,1,20.0,28,30,29,50.0,20.0,0,0,Do Not Batch,Priority Order,105.68,0.0,2,2,0,2,2,0,0.0,Scooter,2026-09-21,13
1164,2026-09-14 00:08:00,Wow! Momo,Fast Food,Society_20,18,2026-09-14 00:26:00,4.31,13,Medium,4,2.24,Standard,Normal,0,2.97,43,52.89,12.96,52.89,550,1,0,592.0,2.49,2.92,8,2.24,1,1,1,0,1,20.0,30,19,30,39.0,20.0,0,0,Do Not Batch,Restaurant Ready-Time Gap,101.32,0.0,2,2,0,2,2,0,0.0,Bike,2026-09-14,0
1165,2026-09-22 06:36:00,Wow! Momo,Fast Food,Society_21,29,2026-09-22 07:05:00,0.82,2,Medium,4,1.51,Standard,Normal,0,4.38,41,34.6,13.86,34.6,1137,1,0,13756.0,2.13,1.84,5,1.51,1,1,1,0,1,20.0,21,26,23,46.0,20.0,0,0,Do Not Batch,Restaurant Ready-Time Gap,93.15,0.0,2,2,0,2,2,0,0.0,Bike,2026-09-22,6
1166,2026-09-03 18:39:00,Theobroma,Bakery,Society_33,17,2026-09-03 18:56:00,1.69,4,Small,3,1.37,Standard,Normal,0,1.0,42,38.86,9.54,38.86,423,1,0,9916.0,2.65,2.75,7,1.38,1,1,1,0,1,20.0,16,25,18,45.0,20.0,0,0,Do Not Batch,Restaurant Ready-Time Gap,75.34,0.0,2,2,0,2,2,0,0.0,Bike,2026-09-03,18
1167,2026-09-02 02:37:00,Biryani Blues,Indian,Society_32,22,2026-09-02 02:59:00,0.54,2,Medium,3,3.35,Standard,Normal,0,2.78,45,35.36,10.28,35.36,193,1,0,33144.0,1.74,4.71,6,3.35,1,1,1,0,1,20.0,18,29,21,49.0,20.0,0,0,Do Not Batch,Restaurant Ready-Time Gap,88.39,0.0,2,2,0,2,2,0,0.0,Bike,2026-09-02,2
1168,2026-09-06 05:52:00,Wow! Momo,Fast Food,Society_14,16,2026-09-06 06:08:00,0.82,2,Large,5,4.32,Standard,Normal,0,3.63,43,37.7,5.48,37.7,660,1,0,22064.0,4.31,5.43,11,4.32,1,1,1,0,0,20.0,14,23,16,43.0,20.0,0,0,Do Not Batch,Customer Distance Too High,74.2,0.0,2,2,0,2,2,0,0.0,Bike,2026-09-06,5
1169,2026-09-12 03:10:00,Domino's Pizza,Pizza,Society_17,23,2026-09-12 03:33:00,0.87,3,Large,2,5.37,Standard,Normal,0,2.95,45,33.4,10.83,33.4,1112,1,0,2156.0,2.71,7.7,8,5.37,0,1,1,0,1,20.0,18,26,18,46.0,20.0,0,0,Do Not Batch,Order Size/Item Incompatibility,74.9,0.0,2,2,0,2,2,0,0.0,Bike,2026-09-12,3
1170,2026-09-23 02:19:00,Biryani Blues,Indian,Society_11,8,2026-09-23 02:27:00,2.74,6,Small,2,0.93,Standard,Normal,0,4.7,45,42.03,13.29,42.03,1007,1,0,25797.0,1.27,1.91,7,0.98,1,1,1,0,1,20.0,19,29,22,49.0,20.0,0,0,Do Not Batch,Restaurant Ready-Time Gap,101.75,0.0,2,2,0,2,2,0,0.0,Bike,2026-09-23,2
1171,2026-09-08 15:07:00,Biryani Blues,Indian,Society_19,32,2026-09-08 15:39:00,7.3,20,Medium,4,3.27,Spill-Risk,Normal,0,1.07,59,70.8,5.28,70.8,1370,1,0,20395.0,3.78,5.69,9,3.27,1,1,1,0,0,20.0,35,18,35,38.0,20.0,0,0,Do Not Batch,Customer Distance Too High,108.03,0.0,2,2,0,2,2,0,0.0,Bike,2026-09-08,15
1172,2026-09-12 21:35:00,Pizza Hut,Pizza,Society_07,24,2026-09-12 21:59:00,2.94,9,Small,5,1.18,Standard,Normal,0,3.18,54,50.15,14.47,50.15,305,1,0,5424.0,0.73,1.86,11,1.18,1,1,1,0,1,20.0,25,37,26,57.0,20.0,0,0,Do Not Batch,Restaurant Ready-Time Gap,113.34,0.0,2,2,0,2,2,0,0.0,Scooter,2026-09-12,21
1173,2026-09-27 18:11:00,Burger King,Fast Food,Society_35,17,2026-09-27 18:28:00,1.96,5,Small,4,0.44,Spill-Risk,Normal,0,1.25,36,44.08,7.45,44.08,928,1,0,32028.0,4.3,1.76,5,1.32,1,1,1,0,0,20.0,22,35,25,55.0,20.0,0,0,Do Not Batch,Customer Distance Too High,109.2,0.0,2,2,0,2,2,0,0.0,Bike,2026-09-27,18
1174,2026-09-12 14:06:00,Theobroma,Bakery,Society_45,24,2026-09-12 14:30:00,2.88,10,Small,1,0.89,Standard,Normal,0,2.86,45,44.29,7.21,44.29,302,1,0,7192.0,3.89,2.8,2,1.91,1,1,1,0,0,20.0,25,17,26,37.0,20.0,0,0,Do Not Batch,Customer Distance Too High,93.83,0.0,2,2,0,2,2,0,0.0,Scooter,2026-09-12,14
1175,2026-09-14 01:43:00,Domino's Pizza,Pizza,Society_20,17,2026-09-14 02:00:00,4.56,10,Large,3,4.4,Standard,Normal,0,0.63,52,54.78,9.62,54.78,1106,1,0,19236.0,4.45,9.32,8,4.92,0,1,1,0,0,20.0,23,20,26,40.0,20.0,0,0,Do Not Batch,Order Size/Item Incompatibility,102.03999999999999,0.0,2,2,0,2,2,0,0.0,Scooter,2026-09-14,1
1176,2026-09-13 02:20:00,Subway,Fast Food,Society_48,20,2026-09-13 02:40:00,0.5,2,Small,6,1.29,Standard,Normal,0,0.2,45,31.34,14.58,31.34,699,1,1,22557.0,0.05,2.5,10,1.29,1,1,1,0,1,20.0,20,29,22,49.0,20.0,0,0,Do Not Batch,Restaurant Ready-Time Gap,88.46,0.0,2,2,0,2,2,0,0.0,Scooter,2026-09-13,2
1177,2026-09-05 00:42:00,Burger King,Fast Food,Society_18,29,2026-09-05 01:11:00,1.26,5,Small,2,1.49,Standard,Normal,0,2.9,39,38.35,10.29,38.35,898,1,0,21030.0,1.81,1.99,3,1.49,1,1,1,0,1,20.0,21,23,21,43.0,20.0,0,0,Do Not Batch,Restaurant Ready-Time Gap,82.41,0.0,2,2,0,2,2,0,0.0,Scooter,2026-09-05,0
1178,2026-09-11 07:07:00,Theobroma,Bakery,Society_43,20,2026-09-11 07:27:00,3.85,9,Small,4,1.01,Fragile,Normal,0,5.4,51,54.94,9.74,54.94,1461,1,0,27511.0,2.62,2.32,5,1.31,1,1,1,0,1,20.0,27,23,30,43.0,20.0,0,0,Do Not Batch,Restaurant Ready-Time Gap,97.75,0.0,2,2,0,2,2,0,0.0,Bike,2026-09-11,7
1179,2026-09-07 10:49:00,Subway,Fast Food,Society_10,23,2026-09-07 11:12:00,1.26,4,Medium,5,1.62,Standard,Normal,0,2.12,37,38.84,14.99,38.84,1018,1,0,12867.0,2.38,2.81,10,1.62,1,1,1,0,1,20.0,16,14,18,34.0,20.0,0,0,Do Not Batch,Restaurant Ready-Time Gap,73.08000000000001,0.0,2,2,0,2,2,0,0.0,Scooter,2026-09-07,10
1180,2026-09-11 11:52:00,Biryani Blues,Indian,Society_40,27,2026-09-11 12:19:00,5.02,17,Small,6,1.23,Standard,Priority,50,3.0,61,53.22,13.8,53.22,683,1,0,25441.0,1.59,1.95,10,1.23,1,1,0,0,1,20.0,31,26,33,46.0,20.0,0,0,Do Not Batch,Priority Order,104.68,0.0,2,2,0,2,2,0,0.0,Scooter,2026-09-11,11
1181,2026-09-24 02:49:00,Biryani Blues,Indian,Society_08,25,2026-09-24 03:14:00,1.66,5,Small,4,0.65,Spill-Risk,Priority,50,3.75,43,42.64,9.36,42.64,1377,1,0,16235.0,1.72,1.93,10,1.28,1,0,0,0,1,20.0,15,22,17,42.0,20.0,0,0,Do Not Batch,Priority Order,89.9,0.0,2,2,0,2,2,0,0.0,Bike,2026-09-24,2
1182,2026-09-24 17:58:00,Subway,Fast Food,Society_26,23,2026-09-24 18:21:00,3.21,11,Small,5,0.49,Standard,Normal,0,0.2,55,47.26,8.43,47.26,356,1,0,24648.0,1.99,1.81,6,1.32,1,1,1,0,1,20.0,28,39,29,59.0,20.0,0,0,Do Not Batch,Restaurant Ready-Time Gap,125.46000000000001,0.0,2,2,0,2,2,0,0.0,Scooter,2026-09-24,17
1183,2026-09-10 05:03:00,Biryani Blues,Indian,Society_07,8,2026-09-10 05:11:00,1.77,6,Small,6,0.53,Standard,Priority,50,3.91,47,39.81,12.39,39.81,1113,1,0,1398.0,0.86,0.9,7,0.53,1,1,0,0,1,20.0,16,50,18,70.0,20.0,0,0,Do Not Batch,Priority Order,115.22,0.0,2,2,0,2,2,0,0.0,Bike,2026-09-10,5
1184,2026-09-07 18:37:00,Subway,Fast Food,Society_10,29,2026-09-07 19:06:00,2.49,6,Small,4,1.07,Spill-Risk,Normal,0,0.2,51,41.82,8.11,41.82,895,1,0,33894.0,3.45,1.72,8,1.07,1,1,1,0,0,20.0,16,18,19,38.0,20.0,0,0,Do Not Batch,Customer Distance Too High,87.22,0.0,2,2,0,2,2,0,0.0,Bike,2026-09-07,18
1185,2026-09-22 07:23:00,Biryani Blues,Indian,Society_24,17,2026-09-22 07:40:00,6.77,15,Small,5,0.64,Standard,Priority,50,4.44,60,67.19,8.5,67.19,718,1,0,6579.0,2.43,1.39,8,0.75,1,1,0,0,1,20.0,31,28,32,48.0,20.0,0,0,Do Not Batch,Priority Order,123.94999999999999,0.0,2,2,0,2,2,0,0.0,Bike,2026-09-22,7
1186,2026-09-24 21:05:00,KFC,Fast Food,Society_36,15,2026-09-24 21:20:00,6.26,18,Small,5,0.88,Fragile,Normal,0,2.87,53,60.32,6.75,60.32,213,1,0,33106.0,2.07,3.03,8,2.15,1,1,1,0,1,20.0,35,26,35,46.0,20.0,0,0,Do Not Batch,Restaurant Ready-Time Gap,106.5,0.0,2,2,0,2,2,0,0.0,Scooter,2026-09-24,21
1187,2026-09-23 12:52:00,KFC,Fast Food,Society_48,9,2026-09-23 13:01:00,5.28,15,Large,6,3.37,Standard,Normal,0,2.28,54,56.54,13.79,56.54,481,1,0,27452.0,0.95,4.61,12,3.37,1,1,1,0,1,20.0,27,24,29,44.0,20.0,0,0,Do Not Batch,Restaurant Ready-Time Gap,99.43,0.0,2,2,0,2,2,0,0.0,Scooter,2026-09-23,12
1188,2026-09-03 23:11:00,Burger King,Fast Food,Society_03,20,2026-09-03 23:31:00,2.66,6,Small,4,1.08,Spill-Risk,Normal,0,3.05,48,46.6,10.52,46.6,715,1,0,17603.0,0.88,1.68,9,1.08,1,1,1,0,1,20.0,17,25,20,45.0,20.0,0,0,Do Not Batch,Restaurant Ready-Time Gap,96.6,0.0,2,2,0,2,2,0,0.0,Bike,2026-09-03,23
1189,2026-09-08 23:04:00,Haldiram's,Indian,Society_11,14,2026-09-08 23:18:00,4.52,14,Small,3,0.85,Standard,Priority,50,4.6,56,54.97,8.91,54.97,474,1,0,12331.0,5.21,2.12,7,1.27,1,1,0,0,0,20.0,30,19,33,39.0,20.0,0,0,Do Not Batch,Priority Order,108.97999999999999,0.0,2,2,0,2,2,0,0.0,Scooter,2026-09-08,23
1190,2026-09-29 07:54:00,McDonald's,Fast Food,Society_46,19,2026-09-29 08:13:00,0.5,2,Small,2,1.04,Standard,Normal,0,1.87,45,36.1,9.07,36.1,410,1,0,31873.0,1.62,2.09,4,1.05,1,1,1,0,1,20.0,21,22,22,42.0,20.0,0,0,Do Not Batch,Restaurant Ready-Time Gap,73.65,0.0,2,2,0,2,2,0,0.0,Scooter,2026-09-29,7
1191,2026-09-05 12:57:00,Domino's Pizza,Pizza,Society_07,15,2026-09-05 13:12:00,1.94,5,Large,5,3.9,Standard,Normal,0,3.95,37,39.24,9.57,39.24,465,1,0,6286.0,3.35,7.88,11,3.98,0,1,1,0,0,20.0,19,24,19,44.0,20.0,0,0,Do Not Batch,Order Size/Item Incompatibility,81.92,0.0,2,2,0,2,2,0,0.0,Bike,2026-09-05,12
1192,2026-09-11 04:12:00,Domino's Pizza,Pizza,Society_42,14,2026-09-11 04:26:00,3.79,13,Small,2,0.94,Standard,Normal,0,1.7,49,53.1,8.54,53.1,1035,1,0,683.0,2.73,3.85,6,2.91,1,1,1,0,1,20.0,23,40,24,60.0,20.0,0,0,Do Not Batch,Restaurant Ready-Time Gap,135.87,0.0,2,2,0,2,2,0,0.0,Bike,2026-09-11,4
1193,2026-09-29 09:10:00,Wow! Momo,Fast Food,Society_45,13,2026-09-29 09:23:00,3.61,8,Large,4,5.68,Standard,Normal,0,3.65,43,53.33,14.56,53.33,134,1,0,31199.0,0.2,6.49,10,5.68,0,1,1,0,1,20.0,19,16,21,36.0,20.0,0,0,Do Not Batch,Order Size/Item Incompatibility,94.44999999999999,0.0,2,2,0,2,2,0,0.0,Bike,2026-09-29,9
1194,2026-09-04 05:05:00,Burger King,Fast Food,Society_24,21,2026-09-04 05:26:00,1.19,3,Small,1,0.81,Standard,Priority,50,1.3,40,34.52,13.52,34.52,1319,1,0,19151.0,5.01,1.84,3,1.03,1,1,0,0,0,20.0,15,31,15,51.0,20.0,0,0,Do Not Batch,Priority Order,86.94,0.0,2,2,0,2,2,0,0.0,Bike,2026-09-04,5
1195,2026-10-01 04:24:00,Theobroma,Bakery,Society_26,15,2026-10-01 04:39:00,1.02,4,Small,1,1.32,Spill-Risk,Normal,0,1.77,36,39.4,11.56,39.4,1295,1,0,16349.0,3.46,2.58,2,1.32,1,1,0,0,0,20.0,19,29,19,49.0,20.0,0,0,Do Not Batch,Priority Order,89.82,0.0,2,2,0,2,2,0,0.0,Bike,2026-10-01,4
1196,2026-09-12 22:45:00,Domino's Pizza,Pizza,Society_17,22,2026-09-12 23:07:00,3.52,8,Small,4,0.77,Standard,Normal,0,3.78,50,49.03,7.64,49.03,311,1,0,22140.0,1.43,2.51,8,1.74,1,1,1,0,1,20.0,18,25,18,45.0,20.0,0,0,Do Not Batch,Restaurant Ready-Time Gap,103.99000000000001,0.0,2,2,0,2,2,0,0.0,Bike,2026-09-12,22
1197,2026-09-05 22:28:00,Domino's Pizza,Pizza,Society_23,15,2026-09-05 22:43:00,2.91,10,Medium,5,1.94,Temperature-Sensitive,Normal,0,0.2,46,49.29,9.01,49.29,514,1,0,12967.0,2.46,2.41,10,1.94,1,1,1,0,1,20.0,27,19,28,39.0,20.0,0,0,Do Not Batch,Restaurant Ready-Time Gap,94.77,0.0,2,2,0,2,2,0,0.0,Bike,2026-09-05,22
1198,2026-09-05 01:54:00,Subway,Fast Food,Society_19,15,2026-09-05 02:09:00,1.27,5,Small,1,0.52,Standard,Normal,0,4.64,41,35.43,9.94,35.43,405,1,0,10607.0,0.89,1.47,4,0.95,1,1,1,0,1,20.0,16,22,19,42.0,20.0,0,0,Do Not Batch,Restaurant Ready-Time Gap,74.8,0.0,2,2,0,2,2,0,0.0,Bike,2026-09-05,1
1199,2026-09-20 13:06:00,Biryani Blues,Indian,Society_29,20,2026-09-20 13:26:00,1.48,5,Small,2,1.19,Standard,Priority,50,3.91,36,40.16,10.1,40.16,589,1,0,2671.0,5.06,4.86,7,3.67,1,1,0,0,0,20.0,19,21,20,41.0,20.0,0,0,Do Not Batch,Priority Order,72.02,0.0,2,2,0,2,2,0,0.0,Scooter,2026-09-20,13
1200,2026-09-13 22:40:00,KFC,Fast Food,Society_03,30,2026-09-13 23:10:00,2.42,6,Large,2,4.2,Standard,Normal,0,3.27,48,46.07,7.08,46.07,690,1,0,10796.0,1.23,7.68,3,4.2,0,1,0,0,1,20.0,23,14,26,34.0,20.0,0,0,Do Not Batch,Priority Order,80.07,0.0,2,2,0,2,2,0,0.0,Bike,2026-09-13,22
1201,2026-09-05 20:33:00,Burger King,Fast Food,Society_21,19,2026-09-05 20:52:00,4.3,12,Medium,5,3.45,Standard,Priority,50,3.36,52,54.5,11.66,54.5,1060,1,0,21421.0,1.77,4.7,10,3.45,1,1,0,0,1,20.0,26,17,27,37.0,20.0,0,0,Do Not Batch,Priority Order,95.25,0.0,2,2,0,2,2,0,0.0,Scooter,2026-09-05,20
1202,2026-09-20 19:44:00,Wow! Momo,Fast Food,Society_12,25,2026-09-20 20:09:00,7.71,19,Small,6,1.09,Standard,Priority,50,0.2,51,67.04,13.45,67.04,1164,1,0,9823.0,1.48,3.33,10,2.24,1,1,0,0,1,20.0,36,26,39,46.0,20.0,0,0,Do Not Batch,Priority Order,119.93,0.0,2,2,0,2,2,0,0.0,Bike,2026-09-20,19
1203,2026-09-23 08:34:00,Wow! Momo,Fast Food,Society_05,24,2026-09-23 08:58:00,2.09,6,Medium,6,1.68,Standard,Normal,0,4.76,49,44.8,8.57,44.8,59,1,0,234.0,2.61,3.81,11,2.13,1,1,1,0,1,20.0,21,21,24,41.0,20.0,0,0,Do Not Batch,Restaurant Ready-Time Gap,98.83,0.0,2,2,0,2,2,0,0.0,Bike,2026-09-23,8
1204,2026-09-29 10:00:00,Domino's Pizza,Pizza,Society_50,26,2026-09-29 10:26:00,7.67,24,Small,3,0.76,Standard,Normal,0,1.56,58,70.09,11.82,70.09,236,1,0,2092.0,4.42,3.26,6,2.5,1,1,1,0,0,20.0,40,24,40,44.0,20.0,0,0,Do Not Batch,Customer Distance Too High,113.53,0.0,2,2,0,2,2,0,0.0,Bike,2026-09-29,10
1205,2026-09-02 08:54:00,Biryani Blues,Indian,Society_13,8,2026-09-02 09:02:00,1.26,3,Small,5,1.47,Standard,Normal,0,1.61,40,36.5,5.16,36.5,1158,1,0,29296.0,5.01,3.79,10,2.32,1,1,1,0,0,20.0,20,26,23,46.0,20.0,0,0,Do Not Batch,Customer Distance Too High,84.11,0.0,2,2,0,2,2,0,0.0,Scooter,2026-09-02,8
1206,2026-10-01 03:22:00,Wow! Momo,Fast Food,Society_49,8,2026-10-01 03:30:00,3.49,11,Medium,2,2.36,Spill-Risk,Normal,0,5.22,53,52.27,6.38,52.27,885,1,0,37366.0,1.94,3.22,4,2.36,1,1,1,0,1,20.0,23,23,25,43.0,20.0,0,0,Do Not Batch,Restaurant Ready-Time Gap,96.51,0.0,2,2,0,2,2,0,0.0,Bike,2026-10-01,3
1207,2026-09-22 12:41:00,McDonald's,Fast Food,Society_23,20,2026-09-22 13:01:00,1.37,5,Small,6,1.07,Standard,Priority,50,3.34,36,39.74,13.11,39.74,670,1,1,11903.0,0.27,2.66,8,1.59,1,1,0,0,1,20.0,19,18,21,38.0,20.0,0,0,Do Not Batch,Priority Order,77.78,0.0,2,2,0,2,2,0,0.0,Bike,2026-09-22,12
1208,2026-09-18 15:27:00,Pizza Hut,Pizza,Society_38,14,2026-09-18 15:41:00,4.46,10,Small,1,1.35,Fragile,Normal,0,3.79,42,53.03,8.09,53.03,1081,1,0,15314.0,2.61,2.06,7,1.35,1,1,1,0,1,20.0,29,28,32,48.0,20.0,0,0,Do Not Batch,Restaurant Ready-Time Gap,100.81,0.0,2,2,0,2,2,0,0.0,Bike,2026-09-18,15
1209,2026-09-02 07:56:00,Domino's Pizza,Pizza,Society_38,19,2026-09-02 08:15:00,2.55,7,Medium,3,1.24,Standard,Priority,50,1.47,52,41.16,13.79,41.16,505,1,0,8089.0,1.13,3.56,8,2.32,1,1,0,0,1,20.0,23,23,26,43.0,20.0,0,0,Do Not Batch,Priority Order,80.62,0.0,2,2,0,2,2,0,0.0,Scooter,2026-09-02,7
1210,2026-09-16 10:53:00,Biryani Blues,Indian,Society_40,8,2026-09-16 11:01:00,4.86,15,Medium,4,3.42,Standard,Normal,0,3.8,53,59.7,6.79,59.7,799,1,0,7814.0,5.89,4.87,5,3.42,1,1,1,0,0,20.0,33,16,36,36.0,20.0,0,0,Do Not Batch,Customer Distance Too High,95.82,0.0,2,2,0,2,2,0,0.0,Bike,2026-09-16,10
1211,2026-09-02 06:37:00,Wow! Momo,Fast Food,Society_15,32,2026-09-02 07:09:00,2.26,7,Small,2,1.4,Standard,Normal,0,1.58,37,40.72,10.65,40.72,796,1,0,16509.0,4.41,2.68,6,1.4,1,1,1,0,0,20.0,22,28,25,48.0,20.0,0,0,Do Not Batch,Customer Distance Too High,91.27,0.0,2,2,0,2,2,0,0.0,Scooter,2026-09-02,6
1212,2026-09-06 07:56:00,Haldiram's,Indian,Society_36,19,2026-09-06 08:15:00,6.95,19,Medium,1,2.19,Standard,Priority,50,0.82,60,67.73,14.9,67.73,1290,1,0,6695.0,2.76,3.44,2,2.19,1,1,0,0,1,20.0,38,29,38,49.0,20.0,0,0,Do Not Batch,Priority Order,122.59,0.0,2,2,0,2,2,0,0.0,Bike,2026-09-06,7
1213,2026-09-12 20:50:00,Subway,Fast Food,Society_10,21,2026-09-12 21:11:00,2.29,6,Small,1,1.24,Standard,Normal,0,1.57,38,42.06,11.14,42.06,1354,1,0,14095.0,4.71,2.08,3,1.24,1,1,1,0,0,20.0,16,17,18,37.0,20.0,0,0,Do Not Batch,Customer Distance Too High,86.30000000000001,0.0,2,2,0,2,2,0,0.0,Scooter,2026-09-12,20
1214,2026-09-14 13:39:00,Biryani Blues,Indian,Society_39,27,2026-09-14 14:06:00,1.29,5,Small,5,0.51,Standard,Normal,0,1.89,43,40.73,7.28,40.73,1136,1,0,10469.0,4.2,1.9,11,1.39,1,1,1,0,0,20.0,22,25,22,45.0,20.0,0,0,Do Not Batch,Customer Distance Too High,88.21,0.0,2,2,0,2,2,0,0.0,Bike,2026-09-14,13
1215,2026-09-28 21:39:00,Biryani Blues,Indian,Society_31,16,2026-09-28 21:55:00,2.21,6,Small,5,0.72,Temperature-Sensitive,Normal,0,3.96,38,41.73,5.64,41.73,1246,1,0,3028.0,2.61,2.95,6,2.23,1,1,1,0,1,20.0,21,22,23,42.0,20.0,0,0,Do Not Batch,Restaurant Ready-Time Gap,80.37,0.0,2,2,0,2,2,0,0.0,Bike,2026-09-28,21
1216,2026-09-24 20:35:00,Theobroma,Bakery,Society_07,11,2026-09-24 20:46:00,3.22,10,Medium,2,1.9,Spill-Risk,Normal,0,1.75,52,46.51,5.8,46.51,1400,1,0,1490.0,2.96,4.3,3,2.4,1,1,1,0,1,20.0,20,37,23,57.0,20.0,0,0,Do Not Batch,Restaurant Ready-Time Gap,113.5,0.0,2,2,0,2,2,0,0.0,Bike,2026-09-24,20
1217,2026-09-03 18:05:00,Subway,Fast Food,Society_03,24,2026-09-03 18:29:00,0.7,3,Small,2,0.49,Standard,Normal,0,4.19,41,37.03,7.44,37.03,108,1,0,31134.0,4.62,1.98,4,1.49,1,1,1,0,0,20.0,16,22,18,42.0,20.0,0,0,Do Not Batch,Customer Distance Too High,88.05000000000001,0.0,2,2,0,2,2,0,0.0,Bike,2026-09-03,18
1218,2026-09-30 10:06:00,McDonald's,Fast Food,Society_17,31,2026-09-30 10:37:00,1.61,6,Medium,5,3.09,Standard,Normal,0,2.53,40,39.66,8.72,39.66,332,1,0,10445.0,1.18,4.01,10,3.09,1,1,1,0,1,20.0,21,19,23,39.0,20.0,0,0,Do Not Batch,Restaurant Ready-Time Gap,83.52,0.0,2,2,0,2,2,0,0.0,Bike,2026-09-30,10
1219,2026-09-24 12:28:00,Wow! Momo,Fast Food,Society_10,28,2026-09-24 12:56:00,9.68,24,Small,6,0.59,Standard,Normal,0,2.26,60,78.79,9.48,78.79,1239,1,0,21621.0,4.84,1.84,11,1.25,1,1,0,0,0,20.0,43,24,44,44.0,20.0,0,0,Do Not Batch,Priority Order,130.07,0.0,2,2,0,2,2,0,0.0,Bike,2026-09-24,12
1220,2026-09-29 10:07:00,Subway,Fast Food,Society_44,36,2026-09-29 10:43:00,7.01,24,Medium,3,1.57,Standard,Normal,0,1.81,66,64.96,7.57,64.96,588,1,0,16112.0,2.18,1.95,8,1.57,1,1,1,0,1,20.0,34,19,35,39.0,20.0,0,0,Do Not Batch,Restaurant Ready-Time Gap,109.14999999999999,0.0,2,2,0,2,2,0,0.0,Bike,2026-09-29,10
1221,2026-09-08 00:35:00,Biryani Blues,Indian,Society_39,19,2026-09-08 00:54:00,1.8,5,Small,6,0.82,Standard,Priority,50,2.15,47,41.9,9.68,41.9,88,1,0,2334.0,4.63,1.52,12,0.82,1,1,0,0,0,20.0,24,20,27,40.0,20.0,0,0,Do Not Batch,Priority Order,79.53999999999999,0.0,2,2,0,2,2,0,0.0,Bike,2026-09-08,0
1222,2026-09-20 02:08:00,Burger King,Fast Food,Society_45,20,2026-09-20 02:28:00,5.96,20,Medium,6,1.81,Standard,Priority,50,2.53,56,65.21,5.63,65.21,1043,1,0,10060.0,2.49,3.08,10,1.81,1,1,0,0,1,20.0,34,24,34,44.0,20.0,0,0,Do Not Batch,Priority Order,120.24,0.0,2,2,0,2,2,0,0.0,Scooter,2026-09-20,2
1223,2026-09-20 10:59:00,Biryani Blues,Indian,Society_13,22,2026-09-20 11:21:00,1.02,3,Small,5,0.89,Temperature-Sensitive,Normal,0,2.96,47,35.77,13.4,35.77,1450,1,0,9341.0,2.97,3.17,9,2.28,1,1,1,0,1,20.0,15,23,16,43.0,20.0,0,0,Do Not Batch,Restaurant Ready-Time Gap,84.32,0.0,2,2,0,2,2,0,0.0,Scooter,2026-09-20,10
1224,2026-09-02 01:37:00,Wow! Momo,Fast Food,Society_38,18,2026-09-02 01:55:00,2.64,7,Medium,2,2.89,Standard,Normal,0,0.83,42,46.47,10.66,46.47,849,1,0,20323.0,2.45,3.84,6,2.89,1,1,0,0,1,20.0,23,25,26,45.0,20.0,0,0,Do Not Batch,Priority Order,95.34,0.0,2,2,0,2,2,0,0.0,Scooter,2026-09-02,1
1225,2026-09-30 08:04:00,Pizza Hut,Pizza,Society_48,21,2026-09-30 08:25:00,0.5,2,Large,4,5.09,Standard,Normal,0,0.27,41,35.05,8.75,35.05,365,1,0,39055.0,1.76,10.17,9,5.09,0,1,1,0,1,20.0,19,17,19,37.0,20.0,0,0,Do Not Batch,Order Size/Item Incompatibility,75.02,0.0,2,2,0,2,2,0,0.0,Scooter,2026-09-30,8
1226,2026-09-21 15:50:00,KFC,Fast Food,Society_02,11,2026-09-21 16:01:00,2.88,7,Medium,5,3.13,Standard,Normal,0,2.82,40,43.07,13.05,43.07,541,1,0,16954.0,2.12,3.46,6,3.13,1,1,1,0,1,20.0,19,22,20,42.0,20.0,0,0,Do Not Batch,Restaurant Ready-Time Gap,97.69,0.0,2,2,0,2,2,0,0.0,Bike,2026-09-21,15
1227,2026-09-18 09:28:00,Burger King,Fast Food,Society_26,18,2026-09-18 09:46:00,1.82,6,Small,4,0.56,Standard,Normal,0,2.9,40,44.63,12.5,44.63,738,1,0,16279.0,4.43,1.39,9,0.83,1,1,1,0,0,20.0,25,19,27,39.0,20.0,0,0,Do Not Batch,Customer Distance Too High,85.96000000000001,0.0,2,2,0,2,2,0,0.0,Scooter,2026-09-18,9
1228,2026-09-11 23:36:00,Haldiram's,Indian,Society_25,18,2026-09-11 23:54:00,1.27,5,Medium,4,3.14,Standard,Normal,0,2.53,48,39.74,14.16,39.74,1011,1,0,20229.0,0.2,4.74,5,3.14,1,1,1,0,1,20.0,17,28,18,48.0,20.0,0,0,Do Not Batch,Restaurant Ready-Time Gap,102.4,0.0,2,2,0,2,2,0,0.0,Bike,2026-09-11,23
1229,2026-09-18 13:58:00,Domino's Pizza,Pizza,Society_06,16,2026-09-18 14:14:00,0.5,2,Small,6,0.97,Standard,Normal,0,2.83,33,34.5,6.28,34.5,520,1,0,16334.0,0.77,2.45,11,1.48,1,1,1,0,1,20.0,14,27,17,47.0,20.0,0,0,Do Not Batch,Restaurant Ready-Time Gap,87.16,0.0,2,2,0,2,2,0,0.0,Bike,2026-09-18,13
1230,2026-09-13 13:39:00,Domino's Pizza,Pizza,Society_09,22,2026-09-13 14:01:00,4.05,14,Small,1,1.21,Temperature-Sensitive,Normal,0,2.15,59,54.35,6.53,54.35,1035,1,1,2772.0,0.1,4.12,5,2.91,1,1,1,0,1,20.0,29,36,30,56.0,20.0,0,0,Do Not Batch,Restaurant Ready-Time Gap,137.12,0.0,2,2,0,2,2,0,0.0,Scooter,2026-09-13,13
1231,2026-09-25 09:27:00,Theobroma,Bakery,Society_18,17,2026-09-25 09:44:00,10.37,29,Large,2,5.25,Standard,Normal,0,1.42,66,83.48,13.82,83.48,720,1,0,24763.0,0.99,9.77,4,5.25,0,1,1,0,1,20.0,44,13,45,33.0,20.0,0,0,Do Not Batch,Order Size/Item Incompatibility,120.04,0.0,2,2,0,2,2,0,0.0,Scooter,2026-09-25,9
1232,2026-09-03 00:36:00,McDonald's,Fast Food,Society_07,18,2026-09-03 00:54:00,1.44,4,Large,6,5.0,Temperature-Sensitive,Normal,0,1.52,36,41.74,12.44,41.74,229,1,0,31017.0,4.61,9.58,10,5.0,0,1,0,0,0,20.0,16,24,16,44.0,20.0,0,0,Do Not Batch,Priority Order,84.51,0.0,2,2,0,2,2,0,0.0,Bike,2026-09-03,0
1233,2026-09-20 06:32:00,Domino's Pizza,Pizza,Society_04,24,2026-09-20 06:56:00,2.69,9,Small,5,0.9,Spill-Risk,Normal,0,1.84,44,44.94,6.49,44.94,1092,1,0,19444.0,4.26,1.77,10,0.9,1,1,1,0,0,20.0,24,20,24,40.0,20.0,0,0,Do Not Batch,Customer Distance Too High,88.00999999999999,0.0,2,2,0,2,2,0,0.0,Scooter,2026-09-20,6
1234,2026-09-28 03:33:00,Theobroma,Bakery,Society_03,31,2026-09-28 04:04:00,2.39,6,Medium,4,3.28,Standard,Normal,0,1.7,49,40.28,14.8,40.28,1424,1,0,22101.0,3.33,4.28,8,3.28,1,1,1,0,0,20.0,24,22,26,42.0,20.0,0,0,Do Not Batch,Customer Distance Too High,78.46000000000001,0.0,2,2,0,2,2,0,0.0,Bike,2026-09-28,3
1235,2026-09-19 01:10:00,Burger King,Fast Food,Society_30,31,2026-09-19 01:41:00,1.24,3,Medium,3,1.87,Spill-Risk,Normal,0,2.92,33,36.88,11.78,36.88,1173,1,0,12527.0,1.61,2.31,7,1.87,1,0,1,0,1,20.0,20,22,23,42.0,20.0,0,0,Do Not Batch,Order Size/Item Incompatibility,80.96000000000001,0.0,2,2,0,2,2,0,0.0,Scooter,2026-09-19,1
1236,2026-09-08 10:37:00,Haldiram's,Indian,Society_19,9,2026-09-08 10:46:00,5.8,16,Medium,3,1.4,Standard,Priority,50,2.2,49,59.12,14.57,59.12,1478,1,0,25045.0,4.37,2.56,8,1.4,1,1,0,0,0,20.0,32,14,34,34.0,20.0,0,0,Do Not Batch,Priority Order,98.05,0.0,2,2,0,2,2,0,0.0,Scooter,2026-09-08,10
1237,2026-09-29 02:43:00,Wow! Momo,Fast Food,Society_34,26,2026-09-29 03:09:00,6.08,14,Small,3,1.3,Standard,Normal,0,0.71,56,63.41,10.94,63.41,85,1,0,6911.0,0.28,4.28,5,2.98,1,1,1,0,1,20.0,30,28,32,48.0,20.0,0,0,Do Not Batch,Restaurant Ready-Time Gap,116.96,0.0,2,2,0,2,2,0,0.0,Scooter,2026-09-29,2
1238,2026-09-05 09:23:00,Biryani Blues,Indian,Society_36,22,2026-09-05 09:45:00,5.56,12,Small,5,1.32,Standard,Normal,0,4.16,47,59.64,7.68,59.64,911,1,0,27418.0,5.5,2.51,9,1.32,1,1,1,0,0,20.0,29,23,30,43.0,20.0,0,0,Do Not Batch,Customer Distance Too High,99.28999999999999,0.0,2,2,0,2,2,0,0.0,Bike,2026-09-05,9
1239,2026-09-09 12:19:00,Wow! Momo,Fast Food,Society_25,16,2026-09-09 12:35:00,4.21,11,Small,5,1.25,Spill-Risk,Priority,50,3.5,52,51.28,8.34,51.28,1206,1,0,31135.0,1.54,3.61,7,2.36,1,0,0,0,1,20.0,27,22,29,42.0,20.0,0,0,Do Not Batch,Priority Order,103.55000000000001,0.0,2,2,0,2,2,0,0.0,Scooter,2026-09-09,12
1240,2026-09-08 18:45:00,Haldiram's,Indian,Society_47,16,2026-09-08 19:01:00,0.82,3,Small,1,0.94,Temperature-Sensitive,Normal,0,4.19,37,35.33,12.74,35.33,264,1,0,9580.0,2.13,4.06,4,3.12,1,1,1,0,1,20.0,15,17,15,37.0,20.0,0,0,Do Not Batch,Restaurant Ready-Time Gap,78.69,0.0,2,2,0,2,2,0,0.0,Scooter,2026-09-08,18
1241,2026-09-27 03:19:00,Subway,Fast Food,Society_23,8,2026-09-27 03:27:00,3.75,11,Small,1,0.49,Spill-Risk,Normal,0,2.13,55,50.26,8.24,50.26,84,1,0,1827.0,1.9,1.37,3,0.88,1,1,1,0,1,20.0,28,19,30,39.0,20.0,0,0,Do Not Batch,Restaurant Ready-Time Gap,93.59,0.0,2,2,0,2,2,0,0.0,Scooter,2026-09-27,3
1242,2026-09-15 00:04:00,KFC,Fast Food,Society_36,26,2026-09-15 00:30:00,4.91,15,Medium,1,1.35,Standard,Normal,0,3.77,56,52.79,8.68,52.79,213,1,0,18896.0,1.0,3.5,4,2.15,1,1,1,0,1,20.0,32,18,35,38.0,20.0,0,0,Do Not Batch,Restaurant Ready-Time Gap,98.97,0.0,2,2,0,2,2,0,0.0,Scooter,2026-09-15,0
1243,2026-09-13 16:30:00,McDonald's,Fast Food,Society_04,25,2026-09-13 16:55:00,3.57,8,Large,5,3.53,Standard,Normal,0,3.32,53,50.19,13.43,50.19,1207,1,0,12726.0,5.2,4.6,11,3.53,1,1,0,0,0,20.0,18,20,20,40.0,20.0,0,0,Do Not Batch,Priority Order,89.93,0.0,2,2,0,2,2,0,0.0,Scooter,2026-09-13,16
1244,2026-10-01 01:47:00,Pizza Hut,Pizza,Society_17,33,2026-10-01 02:20:00,0.62,2,Medium,6,2.0,Temperature-Sensitive,Normal,0,3.99,42,35.15,14.66,35.15,795,1,0,19633.0,3.6,5.18,7,3.18,1,1,0,0,0,20.0,21,16,24,36.0,20.0,0,0,Do Not Batch,Priority Order,71.63,0.0,2,2,0,2,2,0,0.0,Scooter,2026-10-01,1
1245,2026-09-03 22:58:00,Biryani Blues,Indian,Society_39,30,2026-09-03 23:28:00,4.29,12,Medium,6,1.46,Standard,Normal,0,0.2,49,49.68,5.0,49.68,612,1,0,21704.0,4.2,2.52,9,1.46,1,1,1,0,0,20.0,26,19,29,39.0,20.0,0,0,Do Not Batch,Customer Distance Too High,83.91,0.0,2,2,0,2,2,0,0.0,Bike,2026-09-03,22
1246,2026-10-01 00:05:00,Biryani Blues,Indian,Society_33,18,2026-10-01 00:23:00,1.59,5,Medium,1,2.23,Standard,Normal,0,4.27,44,38.64,12.7,38.64,923,1,0,13818.0,0.79,3.15,5,2.23,1,1,1,0,1,20.0,19,19,21,39.0,20.0,0,0,Do Not Batch,Restaurant Ready-Time Gap,75.98,0.0,2,2,0,2,2,0,0.0,Scooter,2026-10-01,0
1247,2026-09-27 16:20:00,Theobroma,Bakery,Society_37,21,2026-09-27 16:41:00,3.97,12,Small,5,1.27,Standard,Normal,0,1.9,46,55.22,14.26,55.22,41,1,0,15251.0,2.75,2.54,9,1.27,1,1,1,0,1,20.0,22,20,24,40.0,20.0,0,0,Do Not Batch,Restaurant Ready-Time Gap,104.47,0.0,2,2,0,2,2,0,0.0,Bike,2026-09-27,16
1248,2026-09-08 08:42:00,Wow! Momo,Fast Food,Society_16,14,2026-09-08 08:56:00,2.84,7,Medium,2,3.33,Standard,Priority,50,0.22,42,49.53,8.88,49.53,439,1,0,1574.0,3.23,4.69,5,3.33,1,1,0,0,0,20.0,22,19,24,39.0,20.0,0,0,Do Not Batch,Priority Order,97.93,0.0,2,2,0,2,2,0,0.0,Bike,2026-09-08,8
1249,2026-09-28 23:55:00,McDonald's,Fast Food,Society_18,31,2026-09-29 00:26:00,3.99,14,Large,6,3.4,Spill-Risk,Normal,0,1.51,50,50.15,10.87,50.15,960,1,0,23558.0,2.88,3.97,11,3.4,1,1,1,0,1,20.0,29,31,32,51.0,20.0,0,0,Do Not Batch,Restaurant Ready-Time Gap,113.82,0.0,2,2,0,2,2,0,0.0,Bike,2026-09-28,23
1250,2026-09-16 11:35:00,Biryani Blues,Indian,Society_39,8,2026-09-16 11:43:00,1.51,4,Small,6,0.71,Standard,Normal,0,3.42,49,40.12,8.12,40.12,1098,1,0,16894.0,0.88,1.06,12,0.71,1,1,1,0,1,20.0,17,26,17,46.0,20.0,0,0,Do Not Batch,Restaurant Ready-Time Gap,101.69999999999999,0.0,2,2,0,2,2,0,0.0,Bike,2026-09-16,11
1251,2026-09-06 12:02:00,Wow! Momo,Fast Food,Society_27,26,2026-09-06 12:28:00,4.33,10,Small,1,0.33,Standard,Normal,0,3.38,55,55.84,7.35,55.84,25,1,0,3427.0,4.01,1.45,3,1.12,1,1,1,0,0,20.0,25,16,26,36.0,20.0,0,0,Do Not Batch,Customer Distance Too High,92.23,0.0,2,2,0,2,2,0,0.0,Bike,2026-09-06,12
1252,2026-09-22 19:05:00,McDonald's,Fast Food,Society_10,15,2026-09-22 19:20:00,2.99,9,Medium,2,1.64,Standard,Normal,0,2.9,42,50.84,7.56,50.84,269,1,0,524.0,2.67,4.61,7,2.97,1,1,1,0,1,20.0,24,21,26,41.0,20.0,0,0,Do Not Batch,Restaurant Ready-Time Gap,105.31,0.0,2,2,0,2,2,0,0.0,Bike,2026-09-22,19
1253,2026-09-29 02:34:00,Biryani Blues,Indian,Society_09,20,2026-09-29 02:54:00,3.82,10,Large,6,3.26,Standard,Normal,0,4.26,49,48.23,14.69,48.23,18,1,0,225.0,1.16,4.65,11,3.26,1,1,1,0,1,20.0,20,22,21,42.0,20.0,0,0,Do Not Batch,Restaurant Ready-Time Gap,95.99,0.0,2,2,0,2,2,0,0.0,Scooter,2026-09-29,2
1254,2026-09-13 19:35:00,Burger King,Fast Food,Society_46,11,2026-09-13 19:46:00,2.46,9,Small,1,1.35,Standard,Priority,50,3.42,50,45.65,7.59,45.65,738,1,0,9679.0,0.2,2.18,6,1.35,1,1,0,0,1,20.0,23,25,25,45.0,20.0,0,0,Do Not Batch,Priority Order,86.97999999999999,0.0,2,2,0,2,2,0,0.0,Scooter,2026-09-13,19
1255,2026-09-04 12:54:00,Haldiram's,Indian,Society_21,19,2026-09-04 13:13:00,4.75,11,Small,1,1.34,Spill-Risk,Normal,0,1.39,44,57.24,14.75,57.24,554,1,0,24053.0,3.35,2.48,2,1.34,1,1,1,0,0,20.0,22,26,25,46.0,20.0,0,0,Do Not Batch,Customer Distance Too High,110.24000000000001,0.0,2,2,0,2,2,0,0.0,Scooter,2026-09-04,12
1256,2026-09-01 23:29:00,Haldiram's,Indian,Society_12,8,2026-09-01 23:37:00,1.31,3,Medium,4,1.92,Standard,Normal,0,3.15,41,40.52,6.87,40.52,141,1,0,20595.0,5.93,3.17,10,1.92,1,1,1,0,0,20.0,19,20,22,40.0,20.0,0,0,Do Not Batch,Customer Distance Too High,82.09,0.0,2,2,0,2,2,0,0.0,Bike,2026-09-01,23
1257,2026-09-08 00:34:00,Domino's Pizza,Pizza,Society_35,21,2026-09-08 00:55:00,2.53,8,Small,6,0.41,Fragile,Priority,50,1.19,39,48.58,7.98,48.58,236,1,0,28719.0,1.08,2.91,9,2.5,1,0,0,0,1,20.0,26,22,27,42.0,20.0,0,0,Do Not Batch,Priority Order,92.02,0.0,2,2,0,2,2,0,0.0,Bike,2026-09-08,0
1258,2026-09-04 23:51:00,McDonald's,Fast Food,Society_22,28,2026-09-05 00:19:00,3.22,10,Medium,6,2.01,Spill-Risk,Priority,50,1.96,48,48.21,10.88,48.21,1068,1,0,13956.0,2.74,2.56,8,2.01,1,0,0,0,1,20.0,28,28,28,48.0,20.0,0,0,Do Not Batch,Priority Order,108.09,0.0,2,2,0,2,2,0,0.0,Bike,2026-09-04,23
1259,2026-09-16 01:26:00,Domino's Pizza,Pizza,Society_35,8,2026-09-16 01:34:00,5.38,13,Small,2,1.41,Standard,Normal,0,5.29,51,61.47,12.8,61.47,234,1,0,6355.0,4.05,2.77,4,1.41,1,1,1,0,0,20.0,31,22,34,42.0,20.0,0,0,Do Not Batch,Customer Distance Too High,114.65,0.0,2,2,0,2,2,0,0.0,Scooter,2026-09-16,1
1260,2026-09-05 07:25:00,Pizza Hut,Pizza,Society_07,20,2026-09-05 07:45:00,0.61,2,Medium,5,2.45,Standard,Normal,0,2.81,38,38.25,10.75,38.25,1266,1,0,13735.0,0.72,3.66,8,2.45,1,1,1,0,1,20.0,18,18,19,38.0,20.0,0,0,Do Not Batch,Restaurant Ready-Time Gap,77.25,0.0,2,2,0,2,2,0,0.0,Bike,2026-09-05,7
1261,2026-09-09 19:09:00,Theobroma,Bakery,Society_16,21,2026-09-09 19:30:00,1.53,5,Small,1,0.97,Standard,Normal,0,0.59,46,38.02,12.71,38.02,813,1,0,5829.0,1.83,3.39,7,2.42,1,1,1,0,1,20.0,21,25,24,45.0,20.0,0,0,Do Not Batch,Restaurant Ready-Time Gap,84.33000000000001,0.0,2,2,0,2,2,0,0.0,Bike,2026-09-09,19
1262,2026-09-11 23:57:00,Biryani Blues,Indian,Society_43,37,2026-09-12 00:34:00,1.8,6,Large,4,5.77,Standard,Normal,0,2.53,45,40.7,6.88,40.7,80,1,0,16359.0,1.3,7.27,6,5.77,0,1,1,0,1,20.0,16,33,18,53.0,20.0,0,0,Do Not Batch,Order Size/Item Incompatibility,112.01,0.0,2,2,0,2,2,0,0.0,Scooter,2026-09-11,23
1263,2026-09-09 05:13:00,Biryani Blues,Indian,Society_40,43,2026-09-09 05:56:00,2.49,8,Large,5,4.91,Standard,Normal,0,3.83,51,43.75,6.7,43.75,1181,1,0,21438.0,3.88,5.56,9,4.91,1,1,0,0,0,20.0,23,20,24,40.0,20.0,0,0,Do Not Batch,Priority Order,86.39,0.0,2,2,0,2,2,0,0.0,Scooter,2026-09-09,5
1264,2026-09-18 02:43:00,Domino's Pizza,Pizza,Society_02,24,2026-09-18 03:07:00,5.86,16,Small,6,0.3,Fragile,Normal,0,4.05,56,59.28,9.09,59.28,962,1,0,8196.0,4.36,1.78,11,1.48,1,0,0,0,0,20.0,30,22,31,42.0,20.0,0,0,Do Not Batch,Priority Order,99.48,0.0,2,2,0,2,2,0,0.0,Scooter,2026-09-18,2
1265,2026-09-16 18:22:00,McDonald's,Fast Food,Society_29,14,2026-09-16 18:36:00,2.5,8,Small,5,0.93,Fragile,Normal,0,3.32,45,46.92,8.87,46.92,919,1,0,1354.0,2.72,1.45,7,0.93,1,1,1,0,1,20.0,25,25,27,45.0,20.0,0,0,Do Not Batch,Restaurant Ready-Time Gap,90.87,0.0,2,2,0,2,2,0,0.0,Scooter,2026-09-16,18
1266,2026-09-14 20:09:00,Pizza Hut,Pizza,Society_23,31,2026-09-14 20:40:00,2.18,5,Small,3,1.21,Spill-Risk,Normal,0,4.83,48,39.0,7.88,39.0,1361,1,0,16253.0,1.32,3.17,6,1.96,1,1,1,0,1,20.0,22,23,23,43.0,20.0,0,0,Do Not Batch,Restaurant Ready-Time Gap,86.78,0.0,2,2,0,2,2,0,0.0,Scooter,2026-09-14,20
1267,2026-09-24 04:34:00,McDonald's,Fast Food,Society_04,18,2026-09-24 04:52:00,0.75,2,Large,6,5.8,Standard,Normal,0,1.07,35,37.05,14.45,37.05,351,1,0,18784.0,1.88,7.28,9,5.8,0,1,1,0,1,20.0,15,23,17,43.0,20.0,0,0,Do Not Batch,Order Size/Item Incompatibility,78.75999999999999,0.0,2,2,0,2,2,0,0.0,Bike,2026-09-24,4
1268,2026-09-16 06:38:00,Domino's Pizza,Pizza,Society_49,24,2026-09-16 07:02:00,0.94,3,Small,3,0.61,Spill-Risk,Normal,0,1.57,46,40.27,14.73,40.27,1233,1,0,5754.0,1.62,1.51,8,0.9,1,0,1,0,1,20.0,13,23,13,43.0,20.0,0,0,Do Not Batch,Order Size/Item Incompatibility,85.21000000000001,0.0,2,2,0,2,2,0,0.0,Bike,2026-09-16,6
1269,2026-09-23 17:49:00,Subway,Fast Food,Society_44,29,2026-09-23 18:18:00,1.16,3,Large,5,3.21,Standard,Priority,50,2.9,37,37.38,5.49,37.38,129,1,0,17632.0,1.13,4.12,9,3.21,1,1,0,0,1,20.0,18,32,20,52.0,20.0,0,0,Do Not Batch,Priority Order,103.17000000000002,0.0,2,2,0,2,2,0,0.0,Bike,2026-09-23,17
1270,2026-09-29 17:57:00,Domino's Pizza,Pizza,Society_10,16,2026-09-29 18:13:00,1.26,4,Medium,3,3.29,Standard,Normal,0,2.16,45,37.81,12.21,37.81,477,1,0,19208.0,2.36,3.97,9,3.29,1,1,1,0,1,20.0,23,26,23,46.0,20.0,0,0,Do Not Batch,Restaurant Ready-Time Gap,91.85,0.0,2,2,0,2,2,0,0.0,Scooter,2026-09-29,17
1271,2026-09-29 16:55:00,KFC,Fast Food,Society_01,16,2026-09-29 17:11:00,4.44,14,Large,4,3.32,Fragile,Normal,0,1.95,48,52.49,8.05,52.49,481,1,0,36342.0,3.3,4.56,10,3.32,1,1,1,0,0,20.0,24,25,25,45.0,20.0,0,0,Do Not Batch,Customer Distance Too High,95.38,0.0,2,2,0,2,2,0,0.0,Bike,2026-09-29,16
1272,2026-09-24 09:07:00,Wow! Momo,Fast Food,Society_34,18,2026-09-24 09:25:00,2.56,8,Small,1,0.71,Standard,Normal,0,2.99,50,41.03,14.82,41.03,282,1,0,11873.0,3.19,4.63,7,3.92,1,1,1,0,0,20.0,22,30,24,50.0,20.0,0,0,Do Not Batch,Customer Distance Too High,102.53999999999999,0.0,2,2,0,2,2,0,0.0,Bike,2026-09-24,9
1273,2026-09-10 16:19:00,Domino's Pizza,Pizza,Society_38,8,2026-09-10 16:27:00,2.83,8,Small,5,0.86,Standard,Normal,0,3.34,50,49.99,13.29,49.99,315,1,0,2956.0,2.49,2.26,9,1.4,1,1,1,0,1,20.0,22,22,23,42.0,20.0,0,0,Do Not Batch,Restaurant Ready-Time Gap,84.99000000000001,0.0,2,2,0,2,2,0,0.0,Bike,2026-09-10,16
1274,2026-09-24 11:44:00,Subway,Fast Food,Society_43,26,2026-09-24 12:10:00,2.61,8,Small,3,1.07,Standard,Normal,0,3.63,46,45.99,7.76,45.99,284,1,0,26523.0,2.58,4.48,9,3.41,1,1,1,0,1,20.0,20,16,20,36.0,20.0,0,0,Do Not Batch,Restaurant Ready-Time Gap,83.14,0.0,2,2,0,2,2,0,0.0,Scooter,2026-09-24,11
1275,2026-09-11 18:17:00,Pizza Hut,Pizza,Society_36,23,2026-09-11 18:40:00,4.0,10,Small,1,0.89,Temperature-Sensitive,Normal,0,2.57,53,53.59,10.27,53.59,407,1,0,5560.0,2.39,2.28,4,1.39,1,1,1,0,1,20.0,24,24,27,44.0,20.0,0,0,Do Not Batch,Restaurant Ready-Time Gap,100.74000000000001,0.0,2,2,0,2,2,0,0.0,Bike,2026-09-11,18
1276,2026-09-23 01:06:00,Haldiram's,Indian,Society_33,28,2026-09-23 01:34:00,2.07,5,Small,2,1.11,Standard,Normal,0,3.12,48,40.78,6.3,40.78,1212,1,0,24079.0,0.68,3.3,3,2.19,1,1,0,0,1,20.0,20,33,23,53.0,20.0,0,0,Do Not Batch,Priority Order,108.51,0.0,2,2,0,2,2,0,0.0,Bike,2026-09-23,1
1277,2026-09-09 12:43:00,Theobroma,Bakery,Society_37,16,2026-09-09 12:59:00,2.46,6,Large,6,3.78,Spill-Risk,Normal,0,1.5,51,42.98,9.66,42.98,441,1,1,5939.0,0.3,7.37,9,3.78,0,1,1,0,1,20.0,20,19,23,39.0,20.0,0,0,Do Not Batch,Order Size/Item Incompatibility,86.61,0.0,2,2,0,2,2,0,0.0,Scooter,2026-09-09,12
1278,2026-09-05 04:56:00,Pizza Hut,Pizza,Society_37,22,2026-09-05 05:18:00,3.48,10,Medium,3,2.88,Spill-Risk,Normal,0,4.44,46,48.39,6.38,48.39,323,1,0,29774.0,1.68,5.54,7,2.88,1,1,1,0,1,20.0,20,38,23,58.0,20.0,0,0,Do Not Batch,Restaurant Ready-Time Gap,112.86,0.0,2,2,0,2,2,0,0.0,Bike,2026-09-05,4
1279,2026-09-09 21:15:00,McDonald's,Fast Food,Society_19,34,2026-09-09 21:49:00,3.73,9,Medium,5,2.41,Standard,Normal,0,0.57,49,50.92,8.36,50.92,229,1,0,21122.0,0.61,6.99,9,4.58,0,1,0,0,1,20.0,25,16,28,36.0,20.0,0,0,Do Not Batch,Priority Order,93.69,0.0,2,2,0,2,2,0,0.0,Scooter,2026-09-09,21
1280,2026-09-10 21:59:00,Wow! Momo,Fast Food,Society_34,27,2026-09-10 22:26:00,2.58,9,Large,2,5.55,Spill-Risk,Normal,0,3.91,41,42.47,14.54,42.47,1024,1,0,16314.0,3.02,8.88,7,5.55,0,1,1,0,0,20.0,21,28,21,48.0,20.0,0,0,Do Not Batch,Order Size/Item Incompatibility,101.44999999999999,0.0,2,2,0,2,2,0,0.0,Scooter,2026-09-10,21
1281,2026-09-08 20:56:00,McDonald's,Fast Food,Society_19,17,2026-09-08 21:13:00,1.18,3,Large,4,3.42,Temperature-Sensitive,Priority,50,3.45,43,38.93,14.95,38.93,435,1,0,15221.0,1.64,6.49,9,3.42,0,1,0,0,1,20.0,19,21,22,41.0,20.0,0,0,Do Not Batch,Priority Order,82.59,0.0,2,2,0,2,2,0,0.0,Scooter,2026-09-08,20
1282,2026-09-20 01:39:00,Pizza Hut,Pizza,Society_47,12,2026-09-20 01:51:00,8.26,18,Medium,6,1.94,Standard,Normal,0,2.65,62,76.16,5.38,76.16,1083,1,0,17454.0,2.82,3.89,7,1.95,1,1,1,0,1,20.0,32,22,35,42.0,20.0,0,0,Do Not Batch,Restaurant Ready-Time Gap,121.1,0.0,2,2,0,2,2,0,0.0,Bike,2026-09-20,1
1283,2026-09-13 22:50:00,Theobroma,Bakery,Society_43,19,2026-09-13 23:09:00,2.26,6,Small,4,1.2,Standard,Normal,0,2.11,44,47.23,5.44,47.23,886,1,0,7571.0,3.69,2.61,5,1.41,1,1,1,0,0,20.0,18,42,19,62.0,20.0,0,0,Do Not Batch,Customer Distance Too High,115.84,0.0,2,2,0,2,2,0,0.0,Scooter,2026-09-13,22
1284,2026-09-16 16:47:00,Subway,Fast Food,Society_47,13,2026-09-16 17:00:00,1.77,5,Large,3,4.8,Standard,Normal,0,2.62,38,43.3,14.04,43.3,567,1,0,20461.0,1.17,5.44,8,4.8,1,1,1,0,1,20.0,20,21,22,41.0,20.0,0,0,Do Not Batch,Restaurant Ready-Time Gap,80.97,0.0,2,2,0,2,2,0,0.0,Bike,2026-09-16,16
1285,2026-09-13 04:22:00,Biryani Blues,Indian,Society_37,25,2026-09-13 04:47:00,3.83,9,Small,1,1.0,Standard,Normal,0,0.24,40,49.23,12.35,49.23,1199,1,0,10599.0,2.63,2.19,3,1.19,1,1,0,0,1,20.0,19,24,21,44.0,20.0,0,0,Do Not Batch,Priority Order,89.38999999999999,0.0,2,2,0,2,2,0,0.0,Scooter,2026-09-13,4
1286,2026-09-04 02:54:00,Domino's Pizza,Pizza,Society_24,8,2026-09-04 03:02:00,1.35,3,Small,1,0.56,Standard,Normal,0,1.77,37,34.8,14.86,34.8,1380,1,0,37286.0,0.2,1.89,2,1.33,1,1,0,0,1,20.0,18,32,20,52.0,20.0,0,0,Do Not Batch,Priority Order,94.39,0.0,2,2,0,2,2,0,0.0,Scooter,2026-09-04,2
1287,2026-09-06 18:31:00,Pizza Hut,Pizza,Society_47,26,2026-09-06 18:57:00,2.74,6,Small,1,0.64,Fragile,Normal,0,1.77,44,47.11,12.36,47.11,680,1,0,3443.0,4.65,5.89,5,5.25,1,1,1,0,0,20.0,19,21,21,41.0,20.0,0,0,Do Not Batch,Customer Distance Too High,80.19,0.0,2,2,0,2,2,0,0.0,Scooter,2026-09-06,18
1288,2026-09-17 12:24:00,Haldiram's,Indian,Society_30,19,2026-09-17 12:43:00,2.82,10,Small,6,1.32,Standard,Normal,0,3.23,54,43.63,11.5,43.63,420,1,0,21396.0,0.6,1.72,12,1.32,1,1,1,0,1,20.0,23,27,23,47.0,20.0,0,0,Do Not Batch,Restaurant Ready-Time Gap,87.92,0.0,2,2,0,2,2,0,0.0,Bike,2026-09-17,12
1289,2026-09-27 22:39:00,McDonald's,Fast Food,Society_15,36,2026-09-27 23:15:00,4.85,14,Large,5,3.55,Spill-Risk,Normal,0,3.22,57,53.6,5.64,53.6,1402,1,0,30255.0,1.78,6.39,9,3.55,0,1,1,0,1,20.0,28,22,30,42.0,20.0,0,0,Do Not Batch,Order Size/Item Incompatibility,90.87,0.0,2,2,0,2,2,0,0.0,Scooter,2026-09-27,22
1290,2026-09-10 23:26:00,Haldiram's,Indian,Society_03,24,2026-09-10 23:50:00,5.14,13,Small,1,1.25,Spill-Risk,Normal,0,4.1,54,54.86,9.64,54.86,1212,1,0,6695.0,4.37,3.44,2,2.19,1,1,0,0,0,20.0,31,37,32,57.0,20.0,0,0,Do Not Batch,Priority Order,122.59,0.0,2,2,0,2,2,0,0.0,Bike,2026-09-10,23
1291,2026-09-10 15:59:00,KFC,Fast Food,Society_04,34,2026-09-10 16:33:00,3.21,11,Small,6,1.01,Standard,Priority,50,2.64,52,47.38,9.49,47.38,574,1,0,1852.0,2.17,1.97,11,1.01,1,1,0,0,1,20.0,21,39,21,59.0,20.0,0,0,Do Not Batch,Priority Order,128.11,0.0,2,2,0,2,2,0,0.0,Scooter,2026-09-10,15
1292,2026-09-08 02:07:00,Haldiram's,Indian,Society_07,23,2026-09-08 02:30:00,3.42,9,Small,4,1.22,Standard,Normal,0,1.06,51,49.1,10.71,49.1,1256,1,0,8813.0,0.82,3.14,8,1.92,1,1,1,0,1,20.0,21,18,24,38.0,20.0,0,0,Do Not Batch,Restaurant Ready-Time Gap,89.62,0.0,2,2,0,2,2,0,0.0,Bike,2026-09-08,2
1293,2026-09-08 13:28:00,Domino's Pizza,Pizza,Society_46,11,2026-09-08 13:39:00,2.63,8,Small,6,0.62,Standard,Normal,0,3.37,39,48.33,14.11,48.33,1457,1,0,4555.0,3.5,2.5,12,1.88,1,1,1,0,0,20.0,21,24,22,44.0,20.0,0,0,Do Not Batch,Customer Distance Too High,93.22,0.0,2,2,0,2,2,0,0.0,Scooter,2026-09-08,13
1294,2026-09-21 10:20:00,Theobroma,Bakery,Society_39,8,2026-09-21 10:28:00,4.0,9,Small,4,0.89,Standard,Normal,0,2.83,48,51.73,9.59,51.73,1014,1,0,15675.0,3.47,1.21,10,0.89,1,1,1,0,0,20.0,20,22,21,42.0,20.0,0,0,Do Not Batch,Customer Distance Too High,97.81,0.0,2,2,0,2,2,0,0.0,Scooter,2026-09-21,10
1295,2026-09-19 19:48:00,Theobroma,Bakery,Society_16,22,2026-09-19 20:10:00,4.13,10,Medium,1,1.26,Standard,Priority,50,2.51,41,50.42,7.35,50.42,535,1,0,3814.0,1.61,2.01,3,1.26,1,1,0,0,1,20.0,28,23,31,43.0,20.0,0,0,Do Not Batch,Priority Order,93.99000000000001,0.0,2,2,0,2,2,0,0.0,Scooter,2026-09-19,19
1296,2026-09-22 03:50:00,Wow! Momo,Fast Food,Society_37,28,2026-09-22 04:18:00,2.88,8,Small,6,1.05,Standard,Normal,0,3.68,52,44.33,5.79,44.33,1015,1,0,5307.0,1.77,5.68,9,4.63,1,1,0,0,1,20.0,24,20,27,40.0,20.0,0,0,Do Not Batch,Priority Order,82.12,0.0,2,2,0,2,2,0,0.0,Scooter,2026-09-22,3
1297,2026-09-25 02:59:00,Subway,Fast Food,Society_26,22,2026-09-25 03:21:00,2.44,8,Medium,4,3.16,Standard,Priority,50,4.32,38,48.0,6.39,48.0,902,1,0,9041.0,1.89,4.35,9,3.16,1,1,0,0,1,20.0,18,37,19,57.0,20.0,0,0,Do Not Batch,Priority Order,116.87,0.0,2,2,0,2,2,0,0.0,Bike,2026-09-25,2
1298,2026-09-10 02:36:00,Domino's Pizza,Pizza,Society_35,9,2026-09-10 02:45:00,4.33,13,Medium,1,1.48,Standard,Priority,50,3.76,58,51.89,14.72,51.89,1016,1,0,7475.0,2.21,4.83,4,3.35,1,1,0,0,1,20.0,31,13,31,33.0,20.0,0,0,Do Not Batch,Priority Order,87.77000000000001,0.0,2,2,0,2,2,0,0.0,Bike,2026-09-10,2
1299,2026-09-07 14:31:00,Wow! Momo,Fast Food,Society_11,17,2026-09-07 14:48:00,5.28,12,Large,6,3.46,Standard,Priority,50,5.48,56,61.85,13.72,61.85,660,1,0,20104.0,0.2,4.57,12,3.46,1,1,0,0,1,20.0,27,17,30,37.0,20.0,0,0,Do Not Batch,Priority Order,98.35,0.0,2,2,0,2,2,0,0.0,Scooter,2026-09-07,14
1300,2026-09-09 10:45:00,McDonald's,Fast Food,Society_16,14,2026-09-09 10:59:00,6.55,20,Small,1,1.5,Standard,Normal,0,1.1,55,67.51,5.1,67.51,1243,1,0,6116.0,2.25,5.03,6,3.53,1,1,1,0,1,20.0,31,18,33,38.0,20.0,0,0,Do Not Batch,Restaurant Ready-Time Gap,117.7,0.0,2,2,0,2,2,0,0.0,Bike,2026-09-09,10
1301,2026-09-21 06:44:00,Domino's Pizza,Pizza,Society_11,19,2026-09-21 07:03:00,2.66,8,Small,5,0.36,Standard,Normal,0,2.64,52,41.76,5.39,41.76,1197,1,0,22100.0,5.0,2.3,10,1.94,1,1,1,0,0,20.0,18,26,19,46.0,20.0,0,0,Do Not Batch,Customer Distance Too High,91.05,0.0,2,2,0,2,2,0,0.0,Scooter,2026-09-21,6
1302,2026-09-21 14:12:00,McDonald's,Fast Food,Society_03,28,2026-09-21 14:40:00,6.56,22,Medium,3,2.18,Standard,Normal,0,3.86,54,62.34,14.99,62.34,1419,1,0,1983.0,1.25,5.62,6,3.44,1,1,1,0,1,20.0,37,19,38,39.0,20.0,0,0,Do Not Batch,Restaurant Ready-Time Gap,102.51,0.0,2,2,0,2,2,0,0.0,Bike,2026-09-21,14
1303,2026-09-07 00:46:00,Pizza Hut,Pizza,Society_38,19,2026-09-07 01:05:00,1.89,6,Medium,6,2.9,Fragile,Normal,0,5.42,41,45.28,14.52,45.28,817,1,0,4697.0,1.68,3.66,10,2.9,1,1,1,0,1,20.0,22,25,25,45.0,20.0,0,0,Do Not Batch,Restaurant Ready-Time Gap,86.62,0.0,2,2,0,2,2,0,0.0,Bike,2026-09-07,0
1304,2026-10-01 09:44:00,McDonald's,Fast Food,Society_04,21,2026-10-01 10:05:00,1.81,5,Small,2,1.46,Fragile,Normal,0,0.98,35,39.36,11.83,39.36,1044,1,0,11239.0,0.84,2.74,8,1.46,1,1,1,0,1,20.0,24,20,27,40.0,20.0,0,0,Do Not Batch,Restaurant Ready-Time Gap,81.1,0.0,2,2,0,2,2,0,0.0,Bike,2026-10-01,9
1305,2026-09-01 23:14:00,Domino's Pizza,Pizza,Society_14,15,2026-09-01 23:29:00,3.04,8,Medium,5,1.4,Standard,Priority,50,3.61,41,45.75,8.33,45.75,266,1,0,2057.0,3.36,3.73,9,2.33,1,1,0,0,0,20.0,23,21,25,41.0,20.0,0,0,Do Not Batch,Priority Order,87.78,0.0,2,2,0,2,2,0,0.0,Scooter,2026-09-01,23
1306,2026-09-15 22:17:00,Subway,Fast Food,Society_11,26,2026-09-15 22:43:00,2.27,8,Small,1,0.82,Spill-Risk,Normal,0,2.08,44,39.82,10.46,39.82,739,1,0,21989.0,4.18,2.77,4,1.95,1,1,1,0,0,20.0,24,30,26,50.0,20.0,0,0,Do Not Batch,Customer Distance Too High,90.22999999999999,0.0,2,2,0,2,2,0,0.0,Scooter,2026-09-15,22
1307,2026-09-28 21:43:00,Wow! Momo,Fast Food,Society_24,20,2026-09-28 22:03:00,4.88,14,Small,3,0.39,Standard,Normal,0,2.22,53,54.71,12.97,54.71,248,1,0,9204.0,4.15,6.18,5,5.79,0,1,1,0,0,20.0,29,24,31,44.0,20.0,0,0,Do Not Batch,Order Size/Item Incompatibility,100.80000000000001,0.0,2,2,0,2,2,0,0.0,Bike,2026-09-28,21
1308,2026-09-27 03:43:00,Theobroma,Bakery,Society_31,8,2026-09-27 03:51:00,6.75,19,Small,3,0.52,Standard,Normal,0,2.2,60,65.07,6.0,65.07,1453,1,0,16090.0,0.75,1.95,9,1.43,1,1,1,0,1,20.0,36,19,38,39.0,20.0,0,0,Do Not Batch,Restaurant Ready-Time Gap,106.03,0.0,2,2,0,2,2,0,0.0,Scooter,2026-09-27,3
1309,2026-10-01 07:14:00,KFC,Fast Food,Society_24,8,2026-10-01 07:22:00,1.2,4,Small,1,1.34,Standard,Normal,0,0.2,36,38.58,14.0,38.58,294,1,0,1153.0,3.2,1.7,2,1.34,1,1,1,0,0,20.0,15,22,16,42.0,20.0,0,0,Do Not Batch,Customer Distance Too High,87.43,0.0,2,2,0,2,2,0,0.0,Bike,2026-10-01,7
1310,2026-09-25 03:21:00,Domino's Pizza,Pizza,Society_10,44,2026-09-25 04:05:00,2.23,7,Large,5,4.6,Standard,Normal,0,4.49,49,42.13,13.21,42.13,1051,1,0,26457.0,4.51,5.67,9,4.6,1,1,0,0,0,20.0,25,23,28,43.0,20.0,0,0,Do Not Batch,Priority Order,84.87,0.0,2,2,0,2,2,0,0.0,Bike,2026-09-25,3
1311,2026-09-19 22:09:00,Haldiram's,Indian,Society_36,33,2026-09-19 22:42:00,0.6,2,Small,6,0.3,Standard,Normal,0,4.0,37,33.65,5.03,33.65,238,1,0,5490.0,3.21,1.17,8,0.87,1,1,1,0,0,20.0,20,24,20,44.0,20.0,0,0,Do Not Batch,Customer Distance Too High,86.05,0.0,2,2,0,2,2,0,0.0,Scooter,2026-09-19,22
1312,2026-09-18 00:45:00,Biryani Blues,Indian,Society_35,35,2026-09-18 01:20:00,1.16,4,Medium,1,2.31,Fragile,Normal,0,1.44,48,38.83,14.82,38.83,1245,1,0,20272.0,3.17,3.77,7,2.31,1,1,1,0,0,20.0,22,26,25,46.0,20.0,0,0,Do Not Batch,Customer Distance Too High,88.50999999999999,0.0,2,2,0,2,2,0,0.0,Bike,2026-09-18,0
1313,2026-09-17 09:44:00,Haldiram's,Indian,Society_19,21,2026-09-17 10:05:00,1.87,7,Medium,5,2.72,Standard,Normal,0,4.1,42,45.17,9.27,45.17,264,1,0,2844.0,1.84,5.84,8,3.12,1,1,1,0,1,20.0,23,19,26,39.0,20.0,0,0,Do Not Batch,Restaurant Ready-Time Gap,88.53,0.0,2,2,0,2,2,0,0.0,Bike,2026-09-17,9
1314,2026-09-22 07:10:00,Haldiram's,Indian,Society_07,12,2026-09-22 07:22:00,3.01,9,Small,4,0.3,Standard,Normal,0,1.32,45,48.32,9.66,48.32,978,1,0,14739.0,2.81,1.61,7,1.31,1,1,1,0,1,20.0,27,26,29,46.0,20.0,0,0,Do Not Batch,Restaurant Ready-Time Gap,94.97,0.0,2,2,0,2,2,0,0.0,Bike,2026-09-22,7
1315,2026-10-01 02:27:00,Subway,Fast Food,Society_43,8,2026-10-01 02:35:00,2.25,6,Large,3,3.16,Spill-Risk,Normal,0,1.34,44,42.75,8.93,42.75,1148,1,0,11751.0,4.23,4.91,6,3.16,1,1,1,0,0,20.0,16,27,18,47.0,20.0,0,0,Do Not Batch,Customer Distance Too High,96.34,0.0,2,2,0,2,2,0,0.0,Scooter,2026-10-01,2
1316,2026-09-24 17:32:00,KFC,Fast Food,Society_23,26,2026-09-24 17:58:00,8.89,30,Small,4,0.84,Fragile,Normal,0,2.93,69,78.12,14.71,78.12,1151,1,0,17116.0,2.96,2.09,9,1.25,1,1,1,0,1,20.0,42,43,43,63.0,20.0,0,0,Do Not Batch,Restaurant Ready-Time Gap,155.78,0.0,2,2,0,2,2,0,0.0,Bike,2026-09-24,17
1317,2026-09-09 01:08:00,Burger King,Fast Food,Society_02,22,2026-09-09 01:30:00,1.73,6,Small,4,0.74,Standard,Normal,0,1.0,51,36.68,9.92,36.68,1194,1,0,6964.0,0.75,1.55,5,0.81,1,1,0,0,1,20.0,17,13,19,33.0,20.0,0,0,Do Not Batch,Priority Order,71.2,0.0,2,2,0,2,2,0,0.0,Bike,2026-09-09,1
1318,2026-09-02 22:54:00,Pizza Hut,Pizza,Society_14,12,2026-09-02 23:06:00,0.5,2,Large,3,3.28,Standard,Normal,0,3.17,34,34.92,10.78,34.92,1225,1,0,39439.0,1.86,8.37,7,5.09,0,1,1,0,1,20.0,12,21,13,41.0,20.0,0,0,Do Not Batch,Order Size/Item Incompatibility,69.97,0.0,2,2,0,2,2,0,0.0,Bike,2026-09-02,22
1319,2026-09-17 12:23:00,Burger King,Fast Food,Society_35,14,2026-09-17 12:37:00,3.37,12,Small,2,1.03,Spill-Risk,Normal,0,0.73,46,52.42,5.72,52.42,445,1,0,12117.0,4.19,1.8,8,1.03,1,0,1,0,0,20.0,26,20,29,40.0,20.0,0,0,Do Not Batch,Order Size/Item Incompatibility,94.52000000000001,0.0,2,2,0,2,2,0,0.0,Bike,2026-09-17,12
1320,2026-09-07 22:26:00,Burger King,Fast Food,Society_29,25,2026-09-07 22:51:00,3.54,12,Small,1,0.34,Temperature-Sensitive,Normal,0,0.2,43,49.2,7.49,49.2,658,1,0,10514.0,2.95,1.68,6,1.34,1,1,1,0,1,20.0,22,18,25,38.0,20.0,0,0,Do Not Batch,Restaurant Ready-Time Gap,93.18,0.0,2,2,0,2,2,0,0.0,Bike,2026-09-07,22
1321,2026-09-14 08:42:00,Wow! Momo,Fast Food,Society_14,16,2026-09-14 08:58:00,0.88,3,Small,4,1.37,Standard,Normal,0,1.22,46,36.65,7.35,36.65,994,1,1,18383.0,0.24,1.97,10,1.37,1,1,1,0,1,20.0,15,50,18,70.0,20.0,0,0,Do Not Batch,Restaurant Ready-Time Gap,132.2,0.0,2,2,0,2,2,0,0.0,Scooter,2026-09-14,8
1322,2026-09-27 19:44:00,KFC,Fast Food,Society_03,12,2026-09-27 19:56:00,4.99,14,Small,3,0.78,Standard,Normal,0,3.46,45,56.74,12.85,56.74,1468,1,0,13520.0,1.72,2.0,6,1.22,1,1,1,0,1,20.0,29,15,30,35.0,20.0,0,0,Do Not Batch,Restaurant Ready-Time Gap,99.32,0.0,2,2,0,2,2,0,0.0,Scooter,2026-09-27,19
1323,2026-09-26 18:15:00,Domino's Pizza,Pizza,Society_07,25,2026-09-26 18:40:00,0.82,3,Small,5,0.77,Standard,Normal,0,1.87,41,32.16,13.43,32.16,184,1,0,1439.0,4.16,4.59,11,3.82,1,1,1,0,0,20.0,18,16,19,36.0,20.0,0,0,Do Not Batch,Customer Distance Too High,66.77,0.0,2,2,0,2,2,0,0.0,Bike,2026-09-26,18
1324,2026-09-29 23:29:00,Wow! Momo,Fast Food,Society_43,19,2026-09-29 23:48:00,3.33,8,Large,3,5.18,Standard,Normal,0,1.09,53,48.07,9.51,48.07,1224,1,0,40193.0,4.83,8.07,5,5.18,0,1,1,0,0,20.0,20,20,21,40.0,20.0,0,0,Do Not Batch,Order Size/Item Incompatibility,94.53999999999999,0.0,2,2,0,2,2,0,0.0,Bike,2026-09-29,23
1325,2026-09-05 22:31:00,Theobroma,Bakery,Society_03,9,2026-09-05 22:40:00,1.98,6,Medium,6,2.33,Standard,Priority,50,2.51,41,42.73,10.3,42.73,286,1,0,5990.0,4.27,5.27,12,2.94,1,1,0,0,0,20.0,19,24,21,44.0,20.0,0,0,Do Not Batch,Priority Order,104.61,0.0,2,2,0,2,2,0,0.0,Bike,2026-09-05,22
1326,2026-09-05 07:05:00,Burger King,Fast Food,Society_39,12,2026-09-05 07:17:00,3.89,9,Medium,3,2.79,Standard,Normal,0,4.83,50,48.45,10.04,48.45,723,1,0,2366.0,4.52,4.22,6,2.79,1,1,1,0,0,20.0,25,17,25,37.0,20.0,0,0,Do Not Batch,Customer Distance Too High,92.11,0.0,2,2,0,2,2,0,0.0,Scooter,2026-09-05,7
1327,2026-09-23 00:51:00,Subway,Fast Food,Society_32,24,2026-09-23 01:15:00,11.48,39,Medium,2,2.11,Standard,Normal,0,2.74,75,86.14,7.59,86.14,334,1,0,29957.0,2.0,2.73,8,2.11,1,1,1,0,1,20.0,54,27,56,47.0,20.0,0,0,Do Not Batch,Restaurant Ready-Time Gap,139.56,0.0,2,2,0,2,2,0,0.0,Scooter,2026-09-23,0
1328,2026-09-09 19:35:00,KFC,Fast Food,Society_23,33,2026-09-09 20:08:00,1.96,6,Small,4,0.71,Standard,Normal,0,2.11,37,38.31,10.93,38.31,169,1,0,8429.0,1.8,2.0,9,1.29,1,1,0,0,1,20.0,17,17,17,37.0,20.0,0,0,Do Not Batch,Priority Order,82.75,0.0,2,2,0,2,2,0,0.0,Bike,2026-09-09,19
1329,2026-09-17 16:27:00,Domino's Pizza,Pizza,Society_44,25,2026-09-17 16:52:00,2.34,7,Small,1,0.44,Standard,Normal,0,3.8,50,43.88,10.73,43.88,868,1,0,4909.0,2.28,3.97,2,3.53,1,1,0,0,1,20.0,25,26,27,46.0,20.0,0,0,Do Not Batch,Priority Order,86.62,0.0,2,2,0,2,2,0,0.0,Bike,2026-09-17,16
1330,2026-09-26 23:25:00,Domino's Pizza,Pizza,Society_33,26,2026-09-26 23:51:00,6.65,16,Small,5,0.86,Standard,Priority,50,0.2,54,66.1,6.28,66.1,1500,1,0,33031.0,2.55,1.68,7,0.86,1,1,0,0,1,20.0,31,30,34,50.0,20.0,0,0,Do Not Batch,Priority Order,114.35,0.0,2,2,0,2,2,0,0.0,Bike,2026-09-26,23
1331,2026-09-08 23:31:00,Burger King,Fast Food,Society_26,31,2026-09-09 00:02:00,2.89,7,Medium,6,3.28,Standard,Normal,0,1.55,48,48.02,8.22,48.02,798,1,0,8959.0,4.5,6.57,9,3.29,0,1,1,0,0,20.0,18,25,19,45.0,20.0,0,0,Do Not Batch,Order Size/Item Incompatibility,92.06,0.0,2,2,0,2,2,0,0.0,Scooter,2026-09-08,23
1332,2026-09-23 18:34:00,McDonald's,Fast Food,Society_41,18,2026-09-23 18:52:00,5.63,16,Large,2,3.73,Standard,Normal,0,2.72,57,62.15,7.96,62.15,766,1,0,22163.0,4.13,4.13,4,3.73,1,1,1,0,0,20.0,32,44,34,64.0,20.0,0,0,Do Not Batch,Customer Distance Too High,133.26,0.0,2,2,0,2,2,0,0.0,Scooter,2026-09-23,18
1333,2026-09-04 08:23:00,McDonald's,Fast Food,Society_33,31,2026-09-04 08:54:00,5.06,11,Large,1,5.42,Standard,Normal,0,2.37,52,53.67,14.97,53.67,1145,1,0,4620.0,3.25,7.62,4,5.42,0,1,1,0,0,20.0,30,28,31,48.0,20.0,0,0,Do Not Batch,Order Size/Item Incompatibility,102.9,0.0,2,2,0,2,2,0,0.0,Bike,2026-09-04,8
1334,2026-09-09 12:11:00,McDonald's,Fast Food,Society_33,20,2026-09-09 12:31:00,1.98,7,Medium,1,2.67,Standard,Normal,0,3.29,46,43.19,8.92,43.19,443,1,0,27.0,0.5,3.78,5,2.67,1,1,1,0,1,15.3,26,23,28,38.3,15.3,0,0,Do Not Batch,Restaurant Ready-Time Gap,103.59,0.0,2,2,0,2,2,0,0.0,Bike,2026-09-09,12
1335,2026-09-29 13:08:00,KFC,Fast Food,Society_02,27,2026-09-29 13:35:00,2.25,7,Small,1,0.69,Standard,Normal,0,1.33,42,40.44,5.22,40.44,1187,1,0,8674.0,0.2,4.06,7,3.37,1,1,1,0,1,20.0,20,28,23,48.0,20.0,0,0,Do Not Batch,Restaurant Ready-Time Gap,96.97999999999999,0.0,2,2,0,2,2,0,0.0,Scooter,2026-09-29,13
1336,2026-09-12 09:22:00,Theobroma,Bakery,Society_19,19,2026-09-12 09:41:00,3.24,10,Medium,1,1.37,Spill-Risk,Normal,0,2.08,55,51.36,5.45,51.36,1231,1,0,18723.0,2.84,6.62,3,5.25,0,1,1,0,1,20.0,20,39,21,59.0,20.0,0,0,Do Not Batch,Order Size/Item Incompatibility,134.84,0.0,2,2,0,2,2,0,0.0,Bike,2026-09-12,9
1337,2026-09-05 17:28:00,Wow! Momo,Fast Food,Society_04,28,2026-09-05 17:56:00,5.39,18,Medium,1,1.92,Standard,Normal,0,4.41,59,59.53,9.25,59.53,994,1,0,5961.0,3.73,2.52,7,1.92,1,1,1,0,0,20.0,37,46,40,66.0,20.0,0,0,Do Not Batch,Customer Distance Too High,155.07999999999998,0.0,2,2,0,2,2,0,0.0,Scooter,2026-09-05,17
1338,2026-09-13 16:20:00,Domino's Pizza,Pizza,Society_11,28,2026-09-13 16:48:00,4.28,11,Large,5,5.14,Standard,Normal,0,1.15,54,54.69,13.82,54.69,192,1,0,2330.0,2.39,5.95,9,5.14,1,1,1,0,1,20.0,29,37,29,57.0,20.0,0,0,Do Not Batch,Restaurant Ready-Time Gap,115.31,0.0,2,2,0,2,2,0,0.0,Scooter,2026-09-13,16
1339,2026-09-13 01:30:00,Biryani Blues,Indian,Society_23,11,2026-09-13 01:41:00,2.75,6,Medium,1,2.8,Standard,Normal,0,1.99,37,43.42,5.67,43.42,1161,1,0,9403.0,5.18,4.15,3,2.8,1,1,1,0,0,20.0,25,17,26,37.0,20.0,0,0,Do Not Batch,Customer Distance Too High,79.1,0.0,2,2,0,2,2,0,0.0,Scooter,2026-09-13,1
1340,2026-09-27 00:33:00,Haldiram's,Indian,Society_01,8,2026-09-27 00:41:00,8.68,21,Small,4,1.06,Standard,Normal,0,2.49,53,78.98,6.93,78.98,55,1,0,31554.0,0.98,2.75,8,1.69,1,1,0,0,1,20.0,38,17,40,37.0,20.0,0,0,Do Not Batch,Priority Order,123.71000000000001,0.0,2,2,0,2,2,0,0.0,Scooter,2026-09-27,0
1341,2026-09-13 06:18:00,McDonald's,Fast Food,Society_07,21,2026-09-13 06:39:00,10.56,26,Small,6,1.22,Standard,Normal,0,5.36,69,81.73,9.32,81.73,958,1,0,4207.0,0.81,2.76,11,1.54,1,1,1,0,1,20.0,40,18,41,38.0,20.0,0,0,Do Not Batch,Restaurant Ready-Time Gap,124.29,0.0,2,2,0,2,2,0,0.0,Scooter,2026-09-13,6
1342,2026-09-09 10:34:00,Wow! Momo,Fast Food,Society_08,21,2026-09-09 10:55:00,2.74,6,Medium,5,2.49,Standard,Normal,0,0.65,50,43.23,8.34,43.23,649,1,0,25654.0,1.57,3.92,9,2.49,1,1,1,0,1,20.0,18,35,18,55.0,20.0,0,0,Do Not Batch,Restaurant Ready-Time Gap,111.27000000000001,0.0,2,2,0,2,2,0,0.0,Bike,2026-09-09,10
1343,2026-09-14 13:04:00,Biryani Blues,Indian,Society_14,30,2026-09-14 13:34:00,2.55,6,Medium,1,3.15,Standard,Normal,0,2.18,51,45.83,7.17,45.83,589,1,0,11303.0,1.52,6.82,6,3.67,0,1,0,0,1,20.0,19,13,19,33.0,20.0,0,0,Do Not Batch,Priority Order,77.69,0.0,2,2,0,2,2,0,0.0,Scooter,2026-09-14,13
1344,2026-09-18 18:32:00,Pizza Hut,Pizza,Society_22,24,2026-09-18 18:56:00,4.79,14,Small,6,1.33,Standard,Priority,50,0.39,53,59.24,13.85,59.24,890,1,0,12380.0,3.24,6.77,8,5.44,0,1,0,0,0,20.0,26,23,28,43.0,20.0,0,0,Do Not Batch,Priority Order,106.91,0.0,2,2,0,2,2,0,0.0,Bike,2026-09-18,18
1345,2026-09-19 21:26:00,KFC,Fast Food,Society_29,27,2026-09-19 21:53:00,4.15,9,Medium,3,1.68,Standard,Normal,0,0.2,39,56.57,5.57,56.57,1404,1,0,9488.0,1.91,3.08,6,1.68,1,1,1,0,1,20.0,28,18,31,38.0,20.0,0,0,Do Not Batch,Restaurant Ready-Time Gap,99.19,0.0,2,2,0,2,2,0,0.0,Scooter,2026-09-19,21
1346,2026-09-21 00:31:00,Haldiram's,Indian,Society_41,14,2026-09-21 00:45:00,1.79,5,Small,4,1.47,Standard,Normal,0,0.77,39,37.27,5.51,37.27,768,1,0,12463.0,0.33,1.92,7,1.47,1,1,1,0,1,20.0,22,31,23,51.0,20.0,0,0,Do Not Batch,Restaurant Ready-Time Gap,96.52000000000001,0.0,2,2,0,2,2,0,0.0,Scooter,2026-09-21,0
1347,2026-09-22 17:23:00,Burger King,Fast Food,Society_19,22,2026-09-22 17:45:00,6.7,19,Medium,2,1.76,Temperature-Sensitive,Priority,50,4.28,64,65.74,14.01,65.74,494,1,0,16047.0,3.75,2.24,7,1.76,1,1,0,0,0,20.0,33,27,36,47.0,20.0,0,0,Do Not Batch,Priority Order,111.17999999999999,0.0,2,2,0,2,2,0,0.0,Scooter,2026-09-22,17
1348,2026-09-09 07:51:00,Haldiram's,Indian,Society_07,35,2026-09-09 08:26:00,3.32,8,Medium,3,1.71,Standard,Normal,0,4.61,48,50.64,9.39,50.64,252,1,0,9425.0,0.2,2.4,5,1.71,1,1,1,0,1,20.0,25,25,28,45.0,20.0,0,0,Do Not Batch,Restaurant Ready-Time Gap,96.36,0.0,2,2,0,2,2,0,0.0,Bike,2026-09-09,7
1349,2026-09-29 08:11:00,Pizza Hut,Pizza,Society_32,18,2026-09-29 08:29:00,3.53,9,Small,4,0.52,Spill-Risk,Normal,0,3.97,43,48.27,13.27,48.27,7,1,0,16776.0,1.0,1.47,9,0.95,1,1,0,0,1,20.0,19,18,21,38.0,20.0,0,0,Do Not Batch,Priority Order,85.73,0.0,2,2,0,2,2,0,0.0,Bike,2026-09-29,8
1350,2026-09-17 14:41:00,KFC,Fast Food,Society_21,13,2026-09-17 14:54:00,1.21,4,Medium,5,1.87,Standard,Normal,0,4.18,45,35.82,11.98,35.82,677,1,0,12441.0,0.23,3.32,10,1.87,1,1,1,0,1,20.0,22,32,23,52.0,20.0,0,0,Do Not Batch,Restaurant Ready-Time Gap,107.68,0.0,2,2,0,2,2,0,0.0,Scooter,2026-09-17,14
1351,2026-09-25 20:27:00,Theobroma,Bakery,Society_31,18,2026-09-25 20:45:00,0.85,3,Medium,6,3.13,Fragile,Normal,0,3.59,39,32.77,6.13,32.77,824,1,0,19393.0,2.79,3.71,12,3.13,1,0,1,0,1,20.0,22,26,22,46.0,20.0,0,0,Do Not Batch,Order Size/Item Incompatibility,72.72,0.0,2,2,0,2,2,0,0.0,Scooter,2026-09-25,20
1352,2026-09-28 22:02:00,Theobroma,Bakery,Society_21,8,2026-09-28 22:10:00,2.03,5,Large,2,3.43,Fragile,Normal,0,2.91,35,44.6,12.62,44.6,33,1,0,1173.0,2.76,4.28,8,3.43,1,1,1,0,1,20.0,17,21,19,41.0,20.0,0,0,Do Not Batch,Restaurant Ready-Time Gap,82.96000000000001,0.0,2,2,0,2,2,0,0.0,Bike,2026-09-28,22
1353,2026-09-18 22:36:00,Theobroma,Bakery,Society_24,20,2026-09-18 22:56:00,6.02,17,Small,4,0.57,Standard,Priority,50,2.08,61,64.94,5.81,64.94,1400,1,0,10000.0,5.18,2.97,5,2.4,1,1,0,0,0,20.0,27,31,30,51.0,20.0,0,0,Do Not Batch,Priority Order,131.93,0.0,2,2,0,2,2,0,0.0,Bike,2026-09-18,22
1354,2026-09-03 01:57:00,Subway,Fast Food,Society_18,19,2026-09-03 02:16:00,3.03,7,Small,2,0.84,Temperature-Sensitive,Normal,0,1.22,48,44.24,8.57,44.24,779,1,0,15966.0,3.78,4.28,4,3.44,1,1,1,0,0,20.0,19,27,19,47.0,20.0,0,0,Do Not Batch,Customer Distance Too High,94.16,0.0,2,2,0,2,2,0,0.0,Bike,2026-09-03,1
1355,2026-09-13 05:33:00,Biryani Blues,Indian,Society_32,14,2026-09-13 05:47:00,1.42,5,Small,6,1.14,Standard,Normal,0,3.92,38,41.17,10.96,41.17,1136,1,0,12408.0,4.52,2.53,12,1.39,1,1,1,0,0,20.0,16,24,19,44.0,20.0,0,0,Do Not Batch,Customer Distance Too High,88.65,0.0,2,2,0,2,2,0,0.0,Bike,2026-09-13,5
1356,2026-09-21 21:10:00,Subway,Fast Food,Society_07,27,2026-09-21 21:37:00,1.01,3,Small,2,0.72,Spill-Risk,Normal,0,0.42,40,35.3,9.41,35.3,927,1,0,19638.0,2.9,1.39,8,0.72,1,0,1,0,1,20.0,19,33,20,53.0,20.0,0,0,Do Not Batch,Order Size/Item Incompatibility,94.41,0.0,2,2,0,2,2,0,0.0,Scooter,2026-09-21,21
1357,2026-09-23 07:18:00,Haldiram's,Indian,Society_06,24,2026-09-23 07:42:00,3.21,11,Small,3,0.94,Standard,Normal,0,4.05,41,48.86,14.3,48.86,264,1,0,11341.0,1.13,4.06,6,3.12,1,1,1,0,1,20.0,30,26,33,46.0,20.0,0,0,Do Not Batch,Restaurant Ready-Time Gap,92.22,0.0,2,2,0,2,2,0,0.0,Scooter,2026-09-23,7
1358,2026-09-29 21:52:00,Pizza Hut,Pizza,Society_43,32,2026-09-29 22:24:00,2.49,6,Small,3,1.43,Spill-Risk,Normal,0,2.29,38,43.21,11.73,43.21,489,1,0,11714.0,2.68,1.88,9,1.43,1,1,1,0,1,20.0,19,21,19,41.0,20.0,0,0,Do Not Batch,Restaurant Ready-Time Gap,85.67,0.0,2,2,0,2,2,0,0.0,Scooter,2026-09-29,21
1359,2026-09-19 15:08:00,Pizza Hut,Pizza,Society_36,22,2026-09-19 15:30:00,1.77,5,Small,2,1.29,Standard,Normal,0,0.2,50,39.74,11.23,39.74,31,1,0,1948.0,3.33,2.76,6,1.47,1,1,1,0,0,20.0,21,19,22,39.0,20.0,0,0,Do Not Batch,Customer Distance Too High,86.21000000000001,0.0,2,2,0,2,2,0,0.0,Bike,2026-09-19,15
1360,2026-09-13 14:54:00,Pizza Hut,Pizza,Society_47,28,2026-09-13 15:22:00,3.1,9,Small,6,1.33,Standard,Normal,0,4.25,43,47.39,12.6,47.39,795,1,0,5505.0,3.49,4.51,7,3.18,1,1,0,0,0,20.0,21,24,23,44.0,20.0,0,0,Do Not Batch,Priority Order,83.87,0.0,2,2,0,2,2,0,0.0,Scooter,2026-09-13,14
1361,2026-09-03 13:28:00,Pizza Hut,Pizza,Society_36,19,2026-09-03 13:47:00,3.38,12,Medium,3,1.96,Standard,Normal,0,0.45,45,47.78,12.9,47.78,932,1,0,563.0,1.84,7.81,9,5.85,0,1,1,0,1,20.0,27,26,30,46.0,20.0,0,0,Do Not Batch,Order Size/Item Incompatibility,105.03,0.0,2,2,0,2,2,0,0.0,Scooter,2026-09-03,13
1362,2026-09-27 05:25:00,Wow! Momo,Fast Food,Society_06,17,2026-09-27 05:42:00,0.5,2,Small,2,1.01,Standard,Priority,50,5.2,37,31.06,5.07,31.06,1497,1,0,29187.0,3.18,1.93,4,1.01,1,1,0,0,0,20.0,18,30,19,50.0,20.0,0,0,Do Not Batch,Priority Order,91.38,0.0,2,2,0,2,2,0,0.0,Scooter,2026-09-27,5
1363,2026-09-09 01:00:00,Theobroma,Bakery,Society_36,12,2026-09-09 01:12:00,1.42,5,Medium,4,1.88,Spill-Risk,Normal,0,0.2,41,36.63,7.68,36.63,532,1,0,8554.0,1.19,4.19,8,2.31,1,1,1,0,1,20.0,21,26,22,46.0,20.0,0,0,Do Not Batch,Restaurant Ready-Time Gap,90.08000000000001,0.0,2,2,0,2,2,0,0.0,Bike,2026-09-09,1
1364,2026-09-06 18:17:00,Pizza Hut,Pizza,Society_31,27,2026-09-06 18:44:00,1.12,3,Small,1,1.33,Temperature-Sensitive,Normal,0,3.03,35,37.95,8.86,37.95,273,1,1,17381.0,0.16,3.79,4,2.46,1,1,1,0,1,20.0,17,20,19,40.0,20.0,0,0,Do Not Batch,Restaurant Ready-Time Gap,85.87,0.0,2,2,0,2,2,0,0.0,Bike,2026-09-06,18
1365,2026-09-22 17:35:00,Biryani Blues,Indian,Society_49,25,2026-09-22 18:00:00,2.16,6,Medium,3,1.79,Fragile,Normal,0,1.15,39,41.87,6.16,41.87,1093,1,0,25408.0,0.94,3.54,6,1.79,1,1,1,0,1,20.0,21,35,23,55.0,20.0,0,0,Do Not Batch,Restaurant Ready-Time Gap,108.88999999999999,0.0,2,2,0,2,2,0,0.0,Bike,2026-09-22,17
1366,2026-09-05 03:39:00,Wow! Momo,Fast Food,Society_47,32,2026-09-05 04:11:00,2.28,7,Small,3,0.71,Fragile,Normal,0,4.38,48,40.2,6.1,40.2,614,1,0,1372.0,2.53,3.51,5,2.8,1,1,1,0,1,20.0,19,28,19,48.0,20.0,0,0,Do Not Batch,Restaurant Ready-Time Gap,93.77000000000001,0.0,2,2,0,2,2,0,0.0,Bike,2026-09-05,3
1367,2026-09-16 14:31:00,Subway,Fast Food,Society_12,21,2026-09-16 14:52:00,3.12,7,Medium,1,2.59,Standard,Normal,0,1.47,37,44.12,9.86,44.12,1220,1,0,18471.0,0.85,4.16,4,2.59,1,1,1,0,1,20.0,20,38,21,58.0,20.0,0,0,Do Not Batch,Restaurant Ready-Time Gap,109.07999999999998,0.0,2,2,0,2,2,0,0.0,Scooter,2026-09-16,14
1368,2026-09-17 20:25:00,McDonald's,Fast Food,Society_02,28,2026-09-17 20:53:00,3.53,8,Small,5,1.49,Standard,Normal,0,3.24,40,49.62,7.9,49.62,915,1,0,22108.0,1.91,2.72,10,1.49,1,1,1,0,1,20.0,23,32,24,52.0,20.0,0,0,Do Not Batch,Restaurant Ready-Time Gap,105.28,0.0,2,2,0,2,2,0,0.0,Scooter,2026-09-17,20
1369,2026-09-28 07:18:00,Theobroma,Bakery,Society_50,15,2026-09-28 07:33:00,2.37,8,Small,4,0.9,Standard,Normal,0,2.82,41,41.5,9.24,41.5,559,1,0,20939.0,3.76,3.91,7,3.01,1,1,1,0,0,20.0,20,16,20,36.0,20.0,0,0,Do Not Batch,Customer Distance Too High,83.62,0.0,2,2,0,2,2,0,0.0,Bike,2026-09-28,7
1370,2026-09-22 19:14:00,Biryani Blues,Indian,Society_16,20,2026-09-22 19:34:00,1.84,4,Medium,5,2.42,Standard,Normal,0,3.53,36,37.23,12.28,37.23,456,1,0,20820.0,1.06,5.69,7,3.27,1,1,0,0,1,20.0,20,20,23,40.0,20.0,0,0,Do Not Batch,Priority Order,75.78,0.0,2,2,0,2,2,0,0.0,Bike,2026-09-22,19
1371,2026-09-21 03:53:00,Burger King,Fast Food,Society_10,27,2026-09-21 04:20:00,1.57,6,Small,1,1.16,Standard,Normal,0,1.63,38,40.73,10.75,40.73,898,1,0,2199.0,1.79,1.66,2,1.16,1,1,1,0,1,20.0,18,24,19,44.0,20.0,0,0,Do Not Batch,Restaurant Ready-Time Gap,84.78999999999999,0.0,2,2,0,2,2,0,0.0,Scooter,2026-09-21,3
1372,2026-09-16 12:36:00,Theobroma,Bakery,Society_36,10,2026-09-16 12:46:00,1.16,4,Medium,3,2.57,Temperature-Sensitive,Normal,0,0.2,48,39.55,13.24,39.55,440,1,0,20636.0,2.6,3.84,9,2.57,1,1,0,0,1,20.0,22,32,23,52.0,20.0,0,0,Do Not Batch,Priority Order,92.36,0.0,2,2,0,2,2,0,0.0,Bike,2026-09-16,12
1373,2026-09-30 20:57:00,KFC,Fast Food,Society_07,8,2026-09-30 21:05:00,3.47,10,Small,1,0.38,Standard,Normal,0,0.2,41,51.52,6.67,51.52,753,1,0,6037.0,2.85,1.36,5,0.98,1,1,1,0,1,20.0,23,20,26,40.0,20.0,0,0,Do Not Batch,Restaurant Ready-Time Gap,96.88,0.0,2,2,0,2,2,0,0.0,Bike,2026-09-30,20
1374,2026-09-08 18:47:00,Theobroma,Bakery,Society_43,19,2026-09-08 19:06:00,0.98,3,Medium,1,1.93,Temperature-Sensitive,Normal,0,1.87,37,34.07,13.3,34.07,784,1,0,11779.0,1.8,3.14,5,1.93,1,1,1,0,1,20.0,14,27,16,47.0,20.0,0,0,Do Not Batch,Restaurant Ready-Time Gap,90.66,0.0,2,2,0,2,2,0,0.0,Scooter,2026-09-08,18
1375,2026-09-18 17:17:00,Subway,Fast Food,Society_50,19,2026-09-18 17:36:00,3.34,12,Medium,4,3.45,Standard,Normal,0,3.64,53,51.77,11.04,51.77,777,1,0,7749.0,3.6,3.97,8,3.45,1,1,1,0,0,20.0,27,26,29,46.0,20.0,0,0,Do Not Batch,Customer Distance Too High,110.2,0.0,2,2,0,2,2,0,0.0,Bike,2026-09-18,17
1376,2026-09-28 23:45:00,Domino's Pizza,Pizza,Society_12,27,2026-09-29 00:12:00,2.38,6,Small,3,1.31,Standard,Normal,0,3.27,39,40.65,8.34,40.65,1091,1,0,23379.0,3.33,1.64,9,1.31,1,1,0,0,0,20.0,24,15,26,35.0,20.0,0,0,Do Not Batch,Priority Order,76.34,0.0,2,2,0,2,2,0,0.0,Bike,2026-09-28,23
1377,2026-09-12 20:31:00,Biryani Blues,Indian,Society_35,8,2026-09-12 20:39:00,3.82,11,Small,6,1.28,Spill-Risk,Normal,0,1.89,46,47.26,6.72,47.26,1093,1,0,11167.0,4.1,3.03,9,1.75,1,1,1,0,0,20.0,30,33,30,53.0,20.0,0,0,Do Not Batch,Customer Distance Too High,114.28,0.0,2,2,0,2,2,0,0.0,Bike,2026-09-12,20
1378,2026-09-03 17:46:00,McDonald's,Fast Food,Society_33,22,2026-09-03 18:08:00,0.85,3,Small,5,0.75,Standard,Normal,0,3.15,48,33.46,8.67,33.46,1302,1,0,25712.0,2.39,2.93,8,2.18,1,1,1,0,1,20.0,22,33,25,53.0,20.0,0,0,Do Not Batch,Restaurant Ready-Time Gap,95.80000000000001,0.0,2,2,0,2,2,0,0.0,Bike,2026-09-03,17
1379,2026-09-05 00:01:00,Burger King,Fast Food,Society_36,13,2026-09-05 00:14:00,1.45,5,Small,2,1.45,Standard,Normal,0,1.3,47,40.31,6.66,40.31,258,1,0,32812.0,1.78,1.97,8,1.45,1,1,1,0,1,20.0,16,16,18,36.0,20.0,0,0,Do Not Batch,Restaurant Ready-Time Gap,84.64,0.0,2,2,0,2,2,0,0.0,Bike,2026-09-05,0
1380,2026-09-29 23:59:00,Domino's Pizza,Pizza,Society_25,29,2026-09-30 00:28:00,5.05,13,Medium,1,1.33,Standard,Priority,50,3.83,43,59.59,5.85,59.59,1030,1,0,31167.0,1.54,4.6,3,3.27,1,1,0,0,1,20.0,26,25,26,45.0,20.0,0,0,Do Not Batch,Priority Order,100.80000000000001,0.0,2,2,0,2,2,0,0.0,Scooter,2026-09-29,23
1381,2026-09-02 04:05:00,Biryani Blues,Indian,Society_05,24,2026-09-02 04:29:00,2.43,7,Small,3,0.96,Standard,Normal,0,0.88,46,40.92,12.44,40.92,1012,1,0,30762.0,2.93,1.37,9,0.96,1,1,1,0,1,20.0,21,18,24,38.0,20.0,0,0,Do Not Batch,Restaurant Ready-Time Gap,78.99000000000001,0.0,2,2,0,2,2,0,0.0,Bike,2026-09-02,4
1382,2026-09-24 22:51:00,Haldiram's,Indian,Society_34,31,2026-09-24 23:22:00,2.57,8,Medium,5,1.29,Fragile,Normal,0,0.56,44,48.46,10.05,48.46,633,1,0,1870.0,1.97,7.26,7,5.97,0,1,1,0,1,20.0,26,27,28,47.0,20.0,0,0,Do Not Batch,Order Size/Item Incompatibility,96.39,0.0,2,2,0,2,2,0,0.0,Scooter,2026-09-24,22
1383,2026-09-12 05:06:00,Domino's Pizza,Pizza,Society_24,23,2026-09-12 05:29:00,0.5,2,Small,2,0.56,Fragile,Normal,0,1.59,39,38.15,11.44,38.15,1042,1,0,16610.0,1.7,1.51,7,0.95,1,1,1,0,1,20.0,18,27,19,47.0,20.0,0,0,Do Not Batch,Restaurant Ready-Time Gap,79.87,0.0,2,2,0,2,2,0,0.0,Bike,2026-09-12,5
1384,2026-09-07 13:36:00,Haldiram's,Indian,Society_40,14,2026-09-07 13:50:00,1.78,6,Medium,1,2.49,Standard,Normal,0,0.48,50,44.19,13.43,44.19,838,1,0,20185.0,1.87,3.25,3,2.49,1,1,1,0,1,20.0,20,21,21,41.0,20.0,0,0,Do Not Batch,Restaurant Ready-Time Gap,99.13,0.0,2,2,0,2,2,0,0.0,Bike,2026-09-07,13
1385,2026-09-25 05:01:00,Theobroma,Bakery,Society_03,12,2026-09-25 05:13:00,2.12,6,Small,5,1.42,Spill-Risk,Normal,0,3.85,42,41.21,5.5,41.21,1473,1,0,7747.0,1.54,1.82,8,1.42,1,0,1,0,1,20.0,21,22,23,42.0,20.0,0,0,Do Not Batch,Order Size/Item Incompatibility,80.32,0.0,2,2,0,2,2,0,0.0,Bike,2026-09-25,5
1386,2026-09-20 08:39:00,Domino's Pizza,Pizza,Society_46,22,2026-09-20 09:01:00,0.86,2,Medium,4,3.26,Standard,Normal,0,4.63,40,36.32,12.81,36.32,192,1,0,7283.0,2.78,4.07,8,3.26,1,1,1,0,1,20.0,20,34,22,54.0,20.0,0,0,Do Not Batch,Restaurant Ready-Time Gap,96.94,0.0,2,2,0,2,2,0,0.0,Scooter,2026-09-20,8
1387,2026-09-26 19:40:00,McDonald's,Fast Food,Society_31,23,2026-09-26 20:03:00,1.53,5,Medium,4,2.33,Standard,Priority,50,1.7,45,40.02,8.74,40.02,1232,1,0,34269.0,0.52,7.33,10,5.0,0,1,0,0,1,20.0,18,21,18,41.0,20.0,0,0,Do Not Batch,Priority Order,81.76,0.0,2,2,0,2,2,0,0.0,Bike,2026-09-26,19
1388,2026-09-27 12:02:00,Biryani Blues,Indian,Society_17,29,2026-09-27 12:31:00,4.19,14,Large,1,4.05,Spill-Risk,Normal,0,1.07,48,54.92,5.84,54.92,969,1,0,36835.0,2.92,5.51,2,4.05,1,1,0,0,1,20.0,25,20,26,40.0,20.0,0,0,Do Not Batch,Priority Order,100.95,0.0,2,2,0,2,2,0,0.0,Scooter,2026-09-27,12
1389,2026-09-02 17:30:00,Wow! Momo,Fast Food,Society_19,19,2026-09-02 17:49:00,11.07,34,Medium,3,2.55,Temperature-Sensitive,Priority,50,2.84,71,91.27,12.01,91.27,228,1,0,39175.0,3.45,3.6,6,2.55,1,1,0,0,0,20.0,48,20,51,40.0,20.0,0,0,Do Not Batch,Priority Order,133.05,0.0,2,2,0,2,2,0,0.0,Bike,2026-09-02,17
1390,2026-09-08 09:22:00,Burger King,Fast Food,Society_50,18,2026-09-08 09:40:00,5.01,16,Medium,2,1.67,Temperature-Sensitive,Normal,0,1.65,61,59.15,14.57,59.15,1076,1,0,26315.0,1.69,7.22,8,5.55,0,1,1,0,1,20.0,32,24,34,44.0,20.0,0,0,Do Not Batch,Order Size/Item Incompatibility,107.97999999999999,0.0,2,2,0,2,2,0,0.0,Bike,2026-09-08,9
1391,2026-09-16 15:52:00,Domino's Pizza,Pizza,Society_44,27,2026-09-16 16:19:00,7.95,24,Small,1,0.82,Temperature-Sensitive,Normal,0,1.26,57,72.92,11.78,72.92,1457,1,0,7125.0,5.19,2.7,7,1.88,1,1,1,0,0,20.0,37,23,40,43.0,20.0,0,0,Do Not Batch,Customer Distance Too High,117.81,0.0,2,2,0,2,2,0,0.0,Bike,2026-09-16,15
1392,2026-09-23 00:52:00,Domino's Pizza,Pizza,Society_34,30,2026-09-23 01:22:00,2.66,9,Small,5,0.98,Standard,Normal,0,2.82,42,43.73,14.4,43.73,184,1,0,3919.0,2.52,4.8,11,3.82,1,1,1,0,1,20.0,19,15,21,35.0,20.0,0,0,Do Not Batch,Restaurant Ready-Time Gap,78.34,0.0,2,2,0,2,2,0,0.0,Bike,2026-09-23,0
1393,2026-09-15 16:39:00,Theobroma,Bakery,Society_12,24,2026-09-15 17:03:00,5.52,17,Large,4,3.59,Fragile,Normal,0,2.21,62,60.97,6.76,60.97,1352,1,0,19027.0,0.31,7.02,6,3.59,0,0,1,0,1,20.0,34,21,35,41.0,20.0,0,0,Do Not Batch,Order Size/Item Incompatibility,105.57,0.0,2,2,0,2,2,0,0.0,Scooter,2026-09-15,16
1394,2026-09-11 10:06:00,Domino's Pizza,Pizza,Society_31,15,2026-09-11 10:21:00,1.45,5,Small,5,0.96,Temperature-Sensitive,Normal,0,3.6,44,42.33,11.18,42.33,831,1,0,18523.0,2.11,1.48,9,0.96,1,1,1,0,1,20.0,19,36,21,56.0,20.0,0,0,Do Not Batch,Restaurant Ready-Time Gap,110.83,0.0,2,2,0,2,2,0,0.0,Scooter,2026-09-11,10
1395,2026-09-12 20:10:00,Wow! Momo,Fast Food,Society_11,25,2026-09-12 20:35:00,2.46,6,Small,1,1.04,Standard,Normal,0,0.53,39,42.09,14.42,42.09,614,1,0,9692.0,2.59,3.84,3,2.8,1,1,1,0,1,20.0,25,23,28,43.0,20.0,0,0,Do Not Batch,Restaurant Ready-Time Gap,95.66,0.0,2,2,0,2,2,0,0.0,Scooter,2026-09-12,20
1396,2026-09-21 23:30:00,Domino's Pizza,Pizza,Society_25,13,2026-09-21 23:43:00,0.62,2,Small,5,1.4,Standard,Normal,0,0.99,38,38.97,14.6,38.97,1061,1,0,12576.0,3.13,2.73,6,1.4,1,1,1,0,0,20.0,13,21,14,41.0,20.0,0,0,Do Not Batch,Customer Distance Too High,70.77,0.0,2,2,0,2,2,0,0.0,Scooter,2026-09-21,23
1397,2026-09-25 00:28:00,Haldiram's,Indian,Society_10,18,2026-09-25 00:46:00,3.01,10,Large,6,5.98,Standard,Normal,0,4.84,48,43.62,5.87,43.62,328,1,0,3409.0,2.14,7.62,11,5.98,0,1,1,0,1,20.0,22,21,24,41.0,20.0,0,0,Do Not Batch,Order Size/Item Incompatibility,84.22,0.0,2,2,0,2,2,0,0.0,Bike,2026-09-25,0
1398,2026-09-29 01:39:00,Wow! Momo,Fast Food,Society_38,14,2026-09-29 01:53:00,3.72,9,Small,5,0.48,Temperature-Sensitive,Normal,0,4.74,44,50.63,14.67,50.63,1449,1,0,25386.0,1.08,0.99,10,0.51,1,1,1,0,1,20.0,28,22,29,42.0,20.0,0,0,Do Not Batch,Restaurant Ready-Time Gap,105.67,0.0,2,2,0,2,2,0,0.0,Scooter,2026-09-29,1
1399,2026-09-23 16:58:00,Theobroma,Bakery,Society_41,20,2026-09-23 17:18:00,3.59,9,Small,3,0.98,Standard,Normal,0,2.18,51,48.47,8.15,48.47,63,1,0,23441.0,0.97,1.48,5,0.98,1,1,1,0,1,20.0,28,28,28,48.0,20.0,0,0,Do Not Batch,Restaurant Ready-Time Gap,99.02,0.0,2,2,0,2,2,0,0.0,Bike,2026-09-23,16
1400,2026-09-25 21:08:00,Theobroma,Bakery,Society_37,28,2026-09-25 21:36:00,6.85,21,Medium,1,2.4,Standard,Normal,0,2.95,61,66.99,13.56,66.99,1261,1,0,23166.0,1.58,3.37,2,2.4,1,1,1,0,1,20.0,35,19,38,39.0,20.0,0,0,Do Not Batch,Restaurant Ready-Time Gap,105.00999999999999,0.0,2,2,0,2,2,0,0.0,Scooter,2026-09-25,21
1401,2026-09-11 00:33:00,Haldiram's,Indian,Society_37,19,2026-09-11 00:52:00,7.04,16,Small,3,1.44,Standard,Normal,0,2.36,57,68.33,8.99,68.33,712,1,0,10982.0,1.72,2.55,5,1.44,1,1,1,0,1,20.0,29,17,31,37.0,20.0,0,0,Do Not Batch,Restaurant Ready-Time Gap,109.72999999999999,0.0,2,2,0,2,2,0,0.0,Bike,2026-09-11,0
1402,2026-09-06 22:31:00,McDonald's,Fast Food,Society_12,29,2026-09-06 23:00:00,0.75,3,Medium,4,2.84,Standard,Normal,0,4.05,41,37.27,8.09,37.27,135,1,0,10709.0,0.91,4.02,6,2.84,1,1,1,0,1,20.0,21,25,23,45.0,20.0,0,0,Do Not Batch,Restaurant Ready-Time Gap,92.88,0.0,2,2,0,2,2,0,0.0,Scooter,2026-09-06,22
1403,2026-09-26 10:36:00,Pizza Hut,Pizza,Society_41,18,2026-09-26 10:54:00,4.28,13,Small,5,1.49,Standard,Normal,0,3.5,52,49.41,14.76,49.41,1049,1,0,482.0,1.47,1.86,6,1.49,1,1,1,0,1,20.0,31,29,33,49.0,20.0,0,0,Do Not Batch,Restaurant Ready-Time Gap,106.25999999999999,0.0,2,2,0,2,2,0,0.0,Bike,2026-09-26,10
1404,2026-09-13 07:31:00,KFC,Fast Food,Society_02,14,2026-09-13 07:45:00,2.04,7,Small,3,1.4,Standard,Normal,0,2.81,47,42.62,13.46,42.62,1142,1,0,6036.0,3.42,2.39,9,1.4,1,1,1,0,0,20.0,24,27,27,47.0,20.0,0,0,Do Not Batch,Customer Distance Too High,92.69,0.0,2,2,0,2,2,0,0.0,Scooter,2026-09-13,7
1405,2026-09-23 15:03:00,Haldiram's,Indian,Society_40,30,2026-09-23 15:33:00,0.97,3,Small,1,1.0,Standard,Normal,0,0.2,43,37.74,6.33,37.74,264,1,0,11812.0,4.81,4.12,4,3.12,1,1,1,0,0,20.0,14,23,14,43.0,20.0,0,0,Do Not Batch,Customer Distance Too High,81.1,0.0,2,2,0,2,2,0,0.0,Scooter,2026-09-23,15
1406,2026-10-01 06:04:00,Wow! Momo,Fast Food,Society_39,21,2026-10-01 06:25:00,2.61,9,Medium,1,1.74,Standard,Normal,0,3.21,48,47.74,6.63,47.74,1203,1,0,11367.0,3.56,3.42,7,1.74,1,1,1,0,0,20.0,23,21,26,41.0,20.0,0,0,Do Not Batch,Customer Distance Too High,92.53999999999999,0.0,2,2,0,2,2,0,0.0,Scooter,2026-10-01,6
1407,2026-09-21 14:27:00,Burger King,Fast Food,Society_27,20,2026-09-21 14:47:00,9.39,29,Small,6,0.86,Temperature-Sensitive,Normal,0,1.87,70,75.41,9.78,75.41,464,1,0,27747.0,4.33,2.23,10,1.37,1,1,1,0,0,20.0,46,20,48,40.0,20.0,0,0,Do Not Batch,Customer Distance Too High,116.65,0.0,2,2,0,2,2,0,0.0,Bike,2026-09-21,14
1408,2026-10-01 04:57:00,Domino's Pizza,Pizza,Society_48,18,2026-10-01 05:15:00,3.14,10,Medium,4,1.51,Standard,Normal,0,3.7,53,43.82,11.43,43.82,941,1,0,31209.0,3.86,2.44,5,1.51,1,1,1,0,0,20.0,27,20,30,40.0,20.0,0,0,Do Not Batch,Customer Distance Too High,75.97999999999999,0.0,2,2,0,2,2,0,0.0,Bike,2026-10-01,4
1409,2026-09-30 07:34:00,Subway,Fast Food,Society_22,14,2026-09-30 07:48:00,6.51,22,Small,6,1.3,Fragile,Normal,0,1.99,62,62.25,12.38,62.25,415,1,0,7850.0,3.67,2.03,8,1.3,1,1,1,0,0,20.0,38,22,40,42.0,20.0,0,0,Do Not Batch,Customer Distance Too High,116.15,0.0,2,2,0,2,2,0,0.0,Bike,2026-09-30,7
1410,2026-09-15 03:34:00,Subway,Fast Food,Society_18,21,2026-09-15 03:55:00,2.26,6,Small,3,0.78,Spill-Risk,Normal,0,2.84,37,43.37,9.5,43.37,1367,1,0,2097.0,2.03,3.37,4,2.59,1,1,1,0,1,20.0,19,19,22,39.0,20.0,0,0,Do Not Batch,Restaurant Ready-Time Gap,87.49,0.0,2,2,0,2,2,0,0.0,Bike,2026-09-15,3
1411,2026-09-11 13:55:00,Wow! Momo,Fast Food,Society_02,13,2026-09-11 14:08:00,2.79,6,Small,4,1.12,Standard,Normal,0,1.52,37,47.55,14.97,47.55,1406,1,0,28337.0,2.7,2.86,5,1.74,1,1,1,0,1,20.0,18,19,19,39.0,20.0,0,0,Do Not Batch,Restaurant Ready-Time Gap,95.28999999999999,0.0,2,2,0,2,2,0,0.0,Scooter,2026-09-11,13
1412,2026-09-28 06:16:00,Biryani Blues,Indian,Society_41,17,2026-09-28 06:33:00,3.72,8,Small,4,0.56,Fragile,Normal,0,1.9,53,47.97,14.89,47.97,639,1,0,13445.0,1.91,1.32,9,0.76,1,1,1,0,1,20.0,25,29,28,49.0,20.0,0,0,Do Not Batch,Restaurant Ready-Time Gap,104.97999999999999,0.0,2,2,0,2,2,0,0.0,Bike,2026-09-28,6
1413,2026-09-01 18:33:00,Domino's Pizza,Pizza,Society_48,19,2026-09-01 18:52:00,1.58,6,Medium,2,1.35,Standard,Normal,0,4.98,46,39.97,5.12,39.97,1058,1,0,31513.0,2.19,2.0,6,1.35,1,1,1,0,1,20.0,23,29,25,49.0,20.0,0,0,Do Not Batch,Restaurant Ready-Time Gap,102.94999999999999,0.0,2,2,0,2,2,0,0.0,Bike,2026-09-01,18
1414,2026-09-16 20:34:00,McDonald's,Fast Food,Society_43,15,2026-09-16 20:49:00,5.09,14,Medium,4,3.32,Standard,Normal,0,1.84,45,55.38,6.19,55.38,360,1,0,15852.0,2.6,4.61,8,3.32,1,1,1,0,1,20.0,33,23,35,43.0,20.0,0,0,Do Not Batch,Restaurant Ready-Time Gap,100.12,0.0,2,2,0,2,2,0,0.0,Bike,2026-09-16,20
1415,2026-09-23 00:36:00,Subway,Fast Food,Society_18,23,2026-09-23 00:59:00,2.75,10,Small,2,1.0,Standard,Normal,0,2.48,53,42.64,11.83,42.64,1121,1,0,9732.0,3.5,1.79,8,1.0,1,1,1,0,0,20.0,24,24,27,44.0,20.0,0,0,Do Not Batch,Customer Distance Too High,85.62,0.0,2,2,0,2,2,0,0.0,Bike,2026-09-23,0
1416,2026-09-19 05:38:00,KFC,Fast Food,Society_45,40,2026-09-19 06:18:00,0.79,2,Medium,4,1.27,Standard,Normal,0,1.25,34,32.42,12.66,32.42,290,1,0,16934.0,3.09,3.12,6,1.85,1,1,1,0,0,20.0,14,24,17,44.0,20.0,0,0,Do Not Batch,Customer Distance Too High,77.31,0.0,2,2,0,2,2,0,0.0,Bike,2026-09-19,5
1417,2026-09-15 22:49:00,Pizza Hut,Pizza,Society_17,37,2026-09-15 23:26:00,4.31,11,Small,5,1.26,Spill-Risk,Normal,0,1.01,50,57.14,14.41,57.14,1128,1,0,7039.0,2.27,3.07,7,1.81,1,1,1,0,1,20.0,25,24,26,44.0,20.0,0,0,Do Not Batch,Restaurant Ready-Time Gap,113.21000000000001,0.0,2,2,0,2,2,0,0.0,Scooter,2026-09-15,22
1418,2026-09-16 12:55:00,McDonald's,Fast Food,Society_34,25,2026-09-16 13:20:00,1.86,4,Medium,1,1.77,Standard,Normal,0,3.66,45,38.29,8.73,38.29,646,1,0,4628.0,2.58,4.02,5,2.25,1,1,1,0,1,20.0,17,21,17,41.0,20.0,0,0,Do Not Batch,Restaurant Ready-Time Gap,77.62,0.0,2,2,0,2,2,0,0.0,Bike,2026-09-16,12
1419,2026-09-22 23:16:00,McDonald's,Fast Food,Society_08,27,2026-09-22 23:43:00,2.29,6,Medium,3,3.44,Standard,Normal,0,3.93,41,40.17,8.53,40.17,802,1,0,5706.0,3.11,5.9,9,3.44,1,1,1,0,0,20.0,23,12,23,32.0,20.0,0,0,Do Not Batch,Customer Distance Too High,76.72,0.0,2,2,0,2,2,0,0.0,Scooter,2026-09-22,23
1420,2026-09-07 21:16:00,Burger King,Fast Food,Society_12,28,2026-09-07 21:44:00,1.68,6,Medium,5,3.02,Spill-Risk,Normal,0,0.86,48,39.04,6.9,39.04,1371,1,0,19116.0,3.43,4.18,6,3.02,1,1,1,0,0,20.0,17,23,18,43.0,20.0,0,0,Do Not Batch,Customer Distance Too High,79.77,0.0,2,2,0,2,2,0,0.0,Bike,2026-09-07,21
1421,2026-09-29 15:33:00,KFC,Fast Food,Society_32,11,2026-09-29 15:44:00,5.81,16,Small,2,0.65,Standard,Normal,0,1.27,56,58.25,6.05,58.25,950,1,0,1366.0,0.37,2.84,3,2.19,1,1,1,0,1,20.0,33,21,33,41.0,20.0,0,0,Do Not Batch,Restaurant Ready-Time Gap,103.74000000000001,0.0,2,2,0,2,2,0,0.0,Bike,2026-09-29,15
1422,2026-09-07 21:05:00,Domino's Pizza,Pizza,Society_09,30,2026-09-07 21:35:00,3.11,10,Medium,5,2.94,Standard,Normal,0,3.36,42,46.07,8.59,46.07,225,1,0,14712.0,0.99,5.13,6,2.94,1,1,1,0,1,20.0,29,27,29,47.0,20.0,0,0,Do Not Batch,Restaurant Ready-Time Gap,99.38,0.0,2,2,0,2,2,0,0.0,Scooter,2026-09-07,21
1423,2026-09-08 23:19:00,Subway,Fast Food,Society_29,21,2026-09-08 23:40:00,3.45,12,Medium,5,2.13,Standard,Normal,0,5.33,54,49.26,11.59,49.26,1139,1,0,4919.0,4.05,7.16,11,5.03,0,1,1,0,0,20.0,27,20,29,40.0,20.0,0,0,Do Not Batch,Order Size/Item Incompatibility,97.86,0.0,2,2,0,2,2,0,0.0,Bike,2026-09-08,23
1424,2026-09-12 19:21:00,Theobroma,Bakery,Society_14,22,2026-09-12 19:43:00,1.64,4,Small,4,1.0,Standard,Normal,0,0.47,45,38.18,12.48,38.18,70,1,0,20739.0,2.41,1.86,7,1.0,1,1,1,0,1,20.0,17,19,19,39.0,20.0,0,0,Do Not Batch,Restaurant Ready-Time Gap,82.34,0.0,2,2,0,2,2,0,0.0,Bike,2026-09-12,19
1425,2026-09-30 04:30:00,Wow! Momo,Fast Food,Society_30,24,2026-09-30 04:54:00,3.84,12,Small,2,0.97,Standard,Normal,0,1.49,51,54.3,11.7,54.3,1441,1,0,6124.0,1.91,3.3,8,2.33,1,1,1,0,1,20.0,24,28,26,48.0,20.0,0,0,Do Not Batch,Restaurant Ready-Time Gap,106.44999999999999,0.0,2,2,0,2,2,0,0.0,Bike,2026-09-30,4
1426,2026-09-11 17:33:00,Domino's Pizza,Pizza,Society_30,18,2026-09-11 17:51:00,1.65,6,Small,3,1.07,Standard,Normal,0,2.87,39,40.77,10.52,40.77,1422,1,0,5536.0,2.13,4.01,8,2.94,1,1,1,0,1,20.0,25,26,28,46.0,20.0,0,0,Do Not Batch,Restaurant Ready-Time Gap,86.84,0.0,2,2,0,2,2,0,0.0,Scooter,2026-09-11,17
1427,2026-09-23 03:16:00,McDonald's,Fast Food,Society_41,19,2026-09-23 03:35:00,1.38,3,Large,1,5.74,Standard,Normal,0,2.42,46,38.35,13.73,38.35,679,1,0,16697.0,2.13,6.75,6,5.74,0,1,1,0,1,20.0,17,38,20,58.0,20.0,0,0,Do Not Batch,Order Size/Item Incompatibility,110.9,0.0,2,2,0,2,2,0,0.0,Scooter,2026-09-23,3
1428,2026-09-05 19:45:00,Wow! Momo,Fast Food,Society_35,22,2026-09-05 20:07:00,1.32,3,Medium,2,2.89,Temperature-Sensitive,Normal,0,3.14,46,40.49,5.18,40.49,1168,1,0,601.0,3.28,7.21,7,4.32,0,1,1,0,0,20.0,18,16,18,36.0,20.0,0,0,Do Not Batch,Order Size/Item Incompatibility,78.19,0.0,2,2,0,2,2,0,0.0,Bike,2026-09-05,19
1429,2026-09-17 18:28:00,Burger King,Fast Food,Society_46,9,2026-09-17 18:37:00,3.05,7,Small,3,0.56,Standard,Priority,50,0.94,49,47.72,9.1,47.72,1149,1,0,4791.0,0.95,1.82,9,1.26,1,1,0,0,1,20.0,17,29,20,49.0,20.0,0,0,Do Not Batch,Priority Order,104.75999999999999,0.0,2,2,0,2,2,0,0.0,Bike,2026-09-17,18
1430,2026-09-16 07:30:00,Domino's Pizza,Pizza,Society_39,8,2026-09-16 07:38:00,2.29,7,Small,4,0.8,Temperature-Sensitive,Normal,0,2.78,50,45.79,14.63,45.79,367,1,0,18653.0,2.53,1.95,10,1.15,1,1,1,0,1,20.0,17,17,19,37.0,20.0,0,0,Do Not Batch,Restaurant Ready-Time Gap,81.84,0.0,2,2,0,2,2,0,0.0,Bike,2026-09-16,7
1431,2026-09-06 09:56:00,McDonald's,Fast Food,Society_14,18,2026-09-06 10:14:00,0.65,2,Medium,3,1.79,Standard,Normal,0,2.56,42,33.01,10.07,33.01,1044,1,0,24752.0,2.84,3.07,9,1.79,1,1,1,0,1,20.0,21,23,24,43.0,20.0,0,0,Do Not Batch,Restaurant Ready-Time Gap,74.75,0.0,2,2,0,2,2,0,0.0,Scooter,2026-09-06,9
1432,2026-09-26 08:41:00,Theobroma,Bakery,Society_12,20,2026-09-26 09:01:00,3.81,13,Medium,2,3.3,Standard,Normal,0,1.32,54,47.58,11.49,47.58,202,1,0,33932.0,3.05,4.33,5,3.3,1,1,1,0,0,20.0,25,24,25,44.0,20.0,0,0,Do Not Batch,Customer Distance Too High,97.78,0.0,2,2,0,2,2,0,0.0,Bike,2026-09-26,8
1433,2026-09-09 07:06:00,McDonald's,Fast Food,Society_47,31,2026-09-09 07:37:00,0.5,2,Medium,4,2.23,Standard,Normal,0,2.61,32,37.66,14.37,37.66,526,1,0,19469.0,2.81,3.11,10,2.23,1,1,0,0,1,20.0,13,17,15,37.0,20.0,0,0,Do Not Batch,Priority Order,74.53,0.0,2,2,0,2,2,0,0.0,Scooter,2026-09-09,7
1434,2026-09-30 07:40:00,Domino's Pizza,Pizza,Society_30,26,2026-09-30 08:06:00,2.99,9,Medium,2,3.39,Spill-Risk,Normal,0,2.42,47,45.45,6.3,45.45,868,1,0,23103.0,3.22,6.92,3,3.53,0,1,0,0,0,20.0,19,25,19,45.0,20.0,0,0,Do Not Batch,Priority Order,88.19,0.0,2,2,0,2,2,0,0.0,Bike,2026-09-30,7
1435,2026-09-26 02:16:00,Burger King,Fast Food,Society_03,19,2026-09-26 02:35:00,2.77,7,Medium,3,2.04,Spill-Risk,Normal,0,0.98,51,42.61,6.43,42.61,324,1,0,24178.0,1.7,4.45,4,2.41,1,0,1,0,1,20.0,24,23,27,43.0,20.0,0,0,Do Not Batch,Order Size/Item Incompatibility,79.39,0.0,2,2,0,2,2,0,0.0,Bike,2026-09-26,2
1436,2026-09-20 16:48:00,Pizza Hut,Pizza,Society_47,15,2026-09-20 17:03:00,3.41,8,Medium,2,2.53,Standard,Normal,0,4.39,47,48.21,6.59,48.21,305,1,0,16648.0,1.18,3.21,8,2.53,1,1,1,0,1,20.0,18,36,19,56.0,20.0,0,0,Do Not Batch,Restaurant Ready-Time Gap,111.4,0.0,2,2,0,2,2,0,0.0,Scooter,2026-09-20,16
1437,2026-09-08 09:22:00,Pizza Hut,Pizza,Society_32,34,2026-09-08 09:56:00,6.88,15,Small,4,1.49,Standard,Normal,0,3.64,56,68.96,13.57,68.96,278,1,0,13927.0,5.94,4.14,5,2.65,1,1,1,0,0,20.0,34,21,35,41.0,20.0,0,0,Do Not Batch,Customer Distance Too High,106.99,0.0,2,2,0,2,2,0,0.0,Bike,2026-09-08,9
1438,2026-09-18 07:00:00,Wow! Momo,Fast Food,Society_47,19,2026-09-18 07:19:00,4.66,16,Small,1,0.73,Standard,Normal,0,1.07,55,52.7,9.24,52.7,338,1,0,16194.0,2.08,1.16,5,0.73,1,1,1,0,1,20.0,33,28,35,48.0,20.0,0,0,Do Not Batch,Restaurant Ready-Time Gap,99.45,0.0,2,2,0,2,2,0,0.0,Scooter,2026-09-18,7
1439,2026-09-15 13:38:00,Wow! Momo,Fast Food,Society_17,27,2026-09-15 14:05:00,2.28,5,Medium,5,2.83,Standard,Normal,0,1.48,37,42.58,9.34,42.58,897,1,0,1068.0,2.24,3.42,11,2.83,1,1,0,0,1,20.0,19,20,19,40.0,20.0,0,0,Do Not Batch,Priority Order,94.0,0.0,2,2,0,2,2,0,0.0,Bike,2026-09-15,13
1440,2026-09-08 19:43:00,Wow! Momo,Fast Food,Society_42,20,2026-09-08 20:03:00,5.91,18,Medium,6,1.62,Standard,Normal,0,2.77,51,64.71,13.5,64.71,1237,1,0,29226.0,3.45,2.92,9,1.62,1,1,1,0,0,20.0,31,32,32,52.0,20.0,0,0,Do Not Batch,Customer Distance Too High,128.12,0.0,2,2,0,2,2,0,0.0,Scooter,2026-09-08,19
1441,2026-09-25 22:21:00,Wow! Momo,Fast Food,Society_23,29,2026-09-25 22:50:00,3.71,12,Medium,6,2.33,Spill-Risk,Normal,0,3.47,48,52.15,14.15,52.15,430,1,0,32475.0,4.73,3.68,7,2.33,1,1,1,0,0,20.0,29,27,30,47.0,20.0,0,0,Do Not Batch,Customer Distance Too High,98.49000000000001,0.0,2,2,0,2,2,0,0.0,Bike,2026-09-25,22
1442,2026-09-20 06:52:00,Pizza Hut,Pizza,Society_41,24,2026-09-20 07:16:00,3.74,9,Small,4,0.37,Standard,Normal,0,5.4,52,53.35,11.74,53.35,391,1,0,14716.0,1.74,0.88,6,0.51,1,1,1,0,1,20.0,26,21,28,41.0,20.0,0,0,Do Not Batch,Restaurant Ready-Time Gap,93.18,0.0,2,2,0,2,2,0,0.0,Scooter,2026-09-20,6
1443,2026-09-18 23:45:00,Pizza Hut,Pizza,Society_50,30,2026-09-19 00:15:00,3.63,8,Small,6,1.07,Temperature-Sensitive,Normal,0,4.4,41,47.65,7.1,47.65,66,1,0,11089.0,1.1,4.02,11,2.95,1,1,1,0,1,20.0,25,14,27,34.0,20.0,0,0,Do Not Batch,Restaurant Ready-Time Gap,87.22999999999999,0.0,2,2,0,2,2,0,0.0,Bike,2026-09-18,23
1444,2026-09-07 01:12:00,Pizza Hut,Pizza,Society_02,9,2026-09-07 01:21:00,2.77,9,Small,6,1.44,Spill-Risk,Normal,0,4.36,42,47.92,5.87,47.92,1442,1,0,19075.0,0.76,1.81,10,1.44,1,1,1,0,1,20.0,21,25,21,45.0,20.0,0,0,Do Not Batch,Restaurant Ready-Time Gap,101.27000000000001,0.0,2,2,0,2,2,0,0.0,Bike,2026-09-07,1
1445,2026-09-16 07:21:00,Wow! Momo,Fast Food,Society_49,36,2026-09-16 07:57:00,5.57,16,Small,5,0.96,Standard,Priority,50,1.51,61,63.28,6.85,63.28,942,1,0,18148.0,4.73,1.88,8,0.96,1,1,0,0,0,20.0,33,26,34,46.0,20.0,0,0,Do Not Batch,Priority Order,112.65,0.0,2,2,0,2,2,0,0.0,Bike,2026-09-16,7
1446,2026-09-19 06:18:00,Theobroma,Bakery,Society_08,14,2026-09-19 06:32:00,4.51,11,Small,1,0.4,Standard,Normal,0,1.71,54,55.84,5.13,55.84,1473,1,0,814.0,1.05,0.8,4,0.4,1,1,1,0,1,20.0,21,25,21,45.0,20.0,0,0,Do Not Batch,Restaurant Ready-Time Gap,94.95,0.0,2,2,0,2,2,0,0.0,Scooter,2026-09-19,6
1447,2026-09-27 23:20:00,Theobroma,Bakery,Society_24,28,2026-09-27 23:48:00,0.87,3,Small,4,0.81,Standard,Normal,0,3.98,35,38.39,5.18,38.39,1294,1,0,9440.0,2.46,1.7,8,0.89,1,1,1,0,1,20.0,16,21,16,41.0,20.0,0,0,Do Not Batch,Restaurant Ready-Time Gap,90.12,0.0,2,2,0,2,2,0,0.0,Bike,2026-09-27,23
1448,2026-09-25 11:21:00,Biryani Blues,Indian,Society_08,15,2026-09-25 11:36:00,2.26,6,Medium,4,2.95,Standard,Normal,0,3.03,50,39.56,7.74,39.56,1450,1,0,2126.0,1.13,5.23,8,2.95,1,1,1,0,1,20.0,20,18,22,38.0,20.0,0,0,Do Not Batch,Restaurant Ready-Time Gap,88.11,0.0,2,2,0,2,2,0,0.0,Bike,2026-09-25,11
1449,2026-09-11 10:22:00,Wow! Momo,Fast Food,Society_41,25,2026-09-11 10:47:00,4.15,10,Small,5,0.51,Spill-Risk,Normal,0,1.27,44,55.04,7.35,55.04,606,1,0,10738.0,0.47,6.4,11,5.89,0,1,1,0,1,20.0,25,18,25,38.0,20.0,0,0,Do Not Batch,Order Size/Item Incompatibility,93.75,0.0,2,2,0,2,2,0,0.0,Bike,2026-09-11,10
1450,2026-09-26 22:37:00,Biryani Blues,Indian,Society_14,25,2026-09-26 23:02:00,2.74,7,Medium,4,2.28,Standard,Normal,0,1.32,41,48.55,9.09,48.55,398,1,0,1734.0,2.09,4.72,6,2.44,1,1,1,0,1,20.0,21,32,24,52.0,20.0,0,0,Do Not Batch,Restaurant Ready-Time Gap,101.14,0.0,2,2,0,2,2,0,0.0,Bike,2026-09-26,22
1451,2026-09-02 22:17:00,Theobroma,Bakery,Society_25,9,2026-09-02 22:26:00,1.3,5,Medium,3,2.01,Standard,Normal,0,2.29,35,41.9,7.39,41.9,1231,1,0,32358.0,1.19,7.26,5,5.25,0,1,1,0,1,20.0,19,45,19,65.0,20.0,0,0,Do Not Batch,Order Size/Item Incompatibility,125.38,0.0,2,2,0,2,2,0,0.0,Scooter,2026-09-02,22
1452,2026-09-13 01:06:00,Subway,Fast Food,Society_12,26,2026-09-13 01:32:00,0.5,2,Large,6,5.07,Standard,Priority,50,1.84,36,30.73,8.41,30.73,739,1,0,26140.0,1.53,7.02,9,5.07,0,1,0,0,1,20.0,16,24,17,44.0,20.0,0,0,Do Not Batch,Priority Order,81.14,0.0,2,2,0,2,2,0,0.0,Bike,2026-09-13,1
1453,2026-09-15 23:05:00,Theobroma,Bakery,Society_01,36,2026-09-15 23:41:00,1.73,4,Small,6,1.43,Spill-Risk,Normal,0,3.64,47,40.96,12.07,40.96,1295,1,0,5549.0,5.31,2.69,7,1.43,1,1,0,0,0,20.0,22,23,22,43.0,20.0,0,0,Do Not Batch,Priority Order,91.38,0.0,2,2,0,2,2,0,0.0,Bike,2026-09-15,23
1454,2026-09-03 23:52:00,Biryani Blues,Indian,Society_33,19,2026-09-04 00:11:00,1.77,5,Small,5,0.34,Temperature-Sensitive,Normal,0,1.24,47,40.57,13.87,40.57,859,1,0,30259.0,3.09,2.69,7,2.35,1,1,1,0,0,20.0,24,31,27,51.0,20.0,0,0,Do Not Batch,Customer Distance Too High,92.27000000000001,0.0,2,2,0,2,2,0,0.0,Bike,2026-09-03,23
1455,2026-09-04 04:06:00,Theobroma,Bakery,Society_16,15,2026-09-04 04:21:00,6.45,20,Small,4,0.79,Standard,Normal,0,1.15,61,60.36,5.13,60.36,387,1,0,2079.0,3.8,1.26,8,0.79,1,1,1,0,0,20.0,39,14,42,34.0,20.0,0,0,Do Not Batch,Customer Distance Too High,93.07,0.0,2,2,0,2,2,0,0.0,Scooter,2026-09-04,4
1456,2026-09-19 08:36:00,Pizza Hut,Pizza,Society_02,13,2026-09-19 08:49:00,1.01,4,Small,4,0.6,Standard,Normal,0,3.41,40,40.85,11.93,40.85,1131,1,1,1883.0,0.12,4.03,7,3.43,1,1,1,0,1,20.0,16,22,17,42.0,20.0,0,0,Do Not Batch,Restaurant Ready-Time Gap,77.32,0.0,2,2,0,2,2,0,0.0,Bike,2026-09-19,8
1457,2026-09-11 17:26:00,Domino's Pizza,Pizza,Society_45,8,2026-09-11 17:34:00,2.31,5,Medium,6,1.88,Spill-Risk,Normal,0,0.2,38,44.89,5.59,44.89,505,1,0,5430.0,2.36,4.2,11,2.32,1,1,1,0,1,20.0,16,16,17,36.0,20.0,0,0,Do Not Batch,Restaurant Ready-Time Gap,84.35,0.0,2,2,0,2,2,0,0.0,Bike,2026-09-11,17
1458,2026-09-12 08:28:00,Domino's Pizza,Pizza,Society_45,22,2026-09-12 08:50:00,2.14,8,Large,4,3.42,Spill-Risk,Normal,0,3.73,44,42.87,14.91,42.87,876,1,0,5875.0,1.88,4.36,9,3.42,1,0,1,0,1,20.0,27,21,27,41.0,20.0,0,0,Do Not Batch,Order Size/Item Incompatibility,84.84,0.0,2,2,0,2,2,0,0.0,Scooter,2026-09-12,8
1459,2026-09-23 05:31:00,Subway,Fast Food,Society_36,23,2026-09-23 05:54:00,1.0,3,Medium,4,1.42,Standard,Normal,0,0.2,33,39.32,14.62,39.32,211,1,0,3392.0,2.85,2.87,7,1.45,1,1,1,0,1,20.0,14,14,17,34.0,20.0,0,0,Do Not Batch,Restaurant Ready-Time Gap,79.06,0.0,2,2,0,2,2,0,0.0,Scooter,2026-09-23,5
1460,2026-09-22 11:52:00,Domino's Pizza,Pizza,Society_39,41,2026-09-22 12:33:00,6.02,15,Small,1,0.82,Standard,Normal,0,2.59,49,58.57,14.84,58.57,983,1,0,44.0,2.74,2.11,2,1.29,1,1,1,0,1,20.0,32,19,35,39.0,20.0,0,0,Do Not Batch,Restaurant Ready-Time Gap,110.72999999999999,0.0,2,2,0,2,2,0,0.0,Bike,2026-09-22,11
1461,2026-09-30 09:47:00,Theobroma,Bakery,Society_39,11,2026-09-30 09:58:00,1.85,5,Small,1,1.31,Standard,Normal,0,3.08,45,42.81,11.53,42.81,99,1,0,16313.0,1.7,2.05,2,1.31,1,1,1,0,1,20.0,19,31,19,51.0,20.0,0,0,Do Not Batch,Restaurant Ready-Time Gap,100.52000000000001,0.0,2,2,0,2,2,0,0.0,Bike,2026-09-30,9
1462,2026-09-30 20:19:00,McDonald's,Fast Food,Society_01,16,2026-09-30 20:35:00,0.98,3,Medium,5,2.21,Standard,Normal,0,2.94,36,37.29,13.45,37.29,1279,1,0,30166.0,2.68,4.62,10,2.41,1,1,1,0,1,20.0,17,24,18,44.0,20.0,0,0,Do Not Batch,Restaurant Ready-Time Gap,88.21000000000001,0.0,2,2,0,2,2,0,0.0,Bike,2026-09-30,20
1463,2026-09-02 04:52:00,Haldiram's,Indian,Society_15,23,2026-09-02 05:15:00,2.48,9,Small,1,1.36,Standard,Normal,0,2.67,44,42.08,9.9,42.08,554,1,0,27411.0,1.51,2.5,2,1.36,1,1,1,0,1,20.0,24,30,27,50.0,20.0,0,0,Do Not Batch,Restaurant Ready-Time Gap,95.08,0.0,2,2,0,2,2,0,0.0,Bike,2026-09-02,4
1464,2026-09-29 19:59:00,KFC,Fast Food,Society_20,27,2026-09-29 20:26:00,3.86,9,Small,1,0.72,Standard,Normal,0,1.99,46,52.62,10.61,52.62,521,1,0,12886.0,2.26,1.72,6,1.0,1,1,1,0,1,20.0,27,22,27,42.0,20.0,0,0,Do Not Batch,Restaurant Ready-Time Gap,89.3,0.0,2,2,0,2,2,0,0.0,Bike,2026-09-29,19
1465,2026-09-20 11:41:00,KFC,Fast Food,Society_50,14,2026-09-20 11:55:00,5.22,16,Large,2,3.52,Standard,Normal,0,5.06,49,61.8,9.22,61.8,1464,1,0,13471.0,2.03,4.24,3,3.52,1,1,1,0,1,20.0,32,22,33,42.0,20.0,0,0,Do Not Batch,Restaurant Ready-Time Gap,114.41999999999999,0.0,2,2,0,2,2,0,0.0,Scooter,2026-09-20,11
1466,2026-09-10 23:58:00,Haldiram's,Indian,Society_14,33,2026-09-11 00:31:00,6.87,23,Medium,5,3.43,Temperature-Sensitive,Normal,0,0.2,60,63.43,6.91,63.43,409,1,0,2983.0,0.72,4.11,7,3.43,1,1,1,0,1,20.0,37,22,37,42.0,20.0,0,0,Do Not Batch,Restaurant Ready-Time Gap,121.39,0.0,2,2,0,2,2,0,0.0,Bike,2026-09-10,23
1467,2026-09-12 04:39:00,Haldiram's,Indian,Society_42,17,2026-09-12 04:56:00,8.02,20,Medium,5,1.89,Standard,Priority,50,4.73,65,74.25,7.76,74.25,105,1,0,20531.0,0.2,3.07,6,1.89,1,1,0,0,1,20.0,34,24,35,44.0,20.0,0,0,Do Not Batch,Priority Order,129.31,0.0,2,2,0,2,2,0,0.0,Scooter,2026-09-12,4
1468,2026-09-18 09:59:00,KFC,Fast Food,Society_20,37,2026-09-18 10:36:00,2.01,5,Small,3,1.22,Standard,Normal,0,2.51,46,42.58,13.0,42.58,481,1,0,20107.0,1.19,2.46,9,1.24,1,1,1,0,1,20.0,24,24,25,44.0,20.0,0,0,Do Not Batch,Restaurant Ready-Time Gap,85.47,0.0,2,2,0,2,2,0,0.0,Scooter,2026-09-18,9
1469,2026-09-06 18:56:00,Haldiram's,Indian,Society_25,8,2026-09-06 19:04:00,2.67,6,Medium,2,2.33,Standard,Priority,50,1.8,42,47.44,10.75,47.44,1141,1,0,17420.0,5.03,3.54,6,2.33,1,1,0,0,0,20.0,24,19,27,39.0,20.0,0,0,Do Not Batch,Priority Order,90.15,0.0,2,2,0,2,2,0,0.0,Bike,2026-09-06,18
1470,2026-09-05 06:18:00,Haldiram's,Indian,Society_49,22,2026-09-05 06:40:00,1.3,5,Small,4,0.37,Standard,Normal,0,2.68,49,36.67,13.69,36.67,1463,1,0,4405.0,2.07,1.73,5,1.36,1,1,1,0,1,20.0,23,25,25,45.0,20.0,0,0,Do Not Batch,Restaurant Ready-Time Gap,78.75,0.0,2,2,0,2,2,0,0.0,Bike,2026-09-05,6
1471,2026-09-18 22:12:00,McDonald's,Fast Food,Society_28,23,2026-09-18 22:35:00,6.74,23,Medium,2,1.57,Standard,Priority,50,3.82,56,63.57,9.68,63.57,636,1,0,16138.0,3.59,1.93,8,1.57,1,1,0,0,0,20.0,34,24,37,44.0,20.0,0,0,Do Not Batch,Priority Order,105.33,0.0,2,2,0,2,2,0,0.0,Scooter,2026-09-18,22
1472,2026-09-08 21:33:00,Haldiram's,Indian,Society_28,16,2026-09-08 21:49:00,1.31,5,Small,6,0.85,Standard,Normal,0,5.12,38,41.92,6.61,41.92,252,1,0,8788.0,0.2,1.54,8,0.85,1,1,1,0,1,20.0,21,19,21,39.0,20.0,0,0,Do Not Batch,Restaurant Ready-Time Gap,87.64,0.0,2,2,0,2,2,0,0.0,Scooter,2026-09-08,21
1473,2026-09-19 19:47:00,Theobroma,Bakery,Society_10,19,2026-09-19 20:06:00,2.19,7,Small,3,0.4,Fragile,Normal,0,3.07,40,39.11,9.23,39.11,143,1,0,319.0,1.09,5.97,7,5.57,1,0,1,0,1,20.0,26,18,27,38.0,20.0,0,0,Do Not Batch,Order Size/Item Incompatibility,87.57,0.0,2,2,0,2,2,0,0.0,Bike,2026-09-19,19
1474,2026-09-22 22:13:00,Burger King,Fast Food,Society_48,13,2026-09-22 22:26:00,1.98,5,Large,1,4.42,Temperature-Sensitive,Priority,50,0.2,49,41.21,13.78,41.21,977,1,0,10755.0,0.6,4.82,2,4.42,1,1,0,0,1,20.0,15,21,18,41.0,20.0,0,0,Do Not Batch,Priority Order,86.30000000000001,0.0,2,2,0,2,2,0,0.0,Bike,2026-09-22,22
1475,2026-09-29 17:21:00,KFC,Fast Food,Society_32,17,2026-09-29 17:38:00,2.27,8,Medium,3,2.4,Standard,Normal,0,2.85,42,46.79,9.42,46.79,974,1,0,256.0,2.22,3.7,9,2.4,1,1,1,0,1,20.0,21,29,22,49.0,20.0,0,0,Do Not Batch,Restaurant Ready-Time Gap,98.14,0.0,2,2,0,2,2,0,0.0,Scooter,2026-09-29,17
1476,2026-09-10 20:57:00,McDonald's,Fast Food,Society_14,19,2026-09-10 21:16:00,4.38,15,Medium,6,2.26,Standard,Normal,0,2.37,48,53.39,9.42,53.39,1493,1,0,13215.0,5.89,3.68,9,2.26,1,1,1,0,0,20.0,26,43,29,63.0,20.0,0,0,Do Not Batch,Customer Distance Too High,127.89,0.0,2,2,0,2,2,0,0.0,Bike,2026-09-10,20
1477,2026-09-17 21:02:00,Subway,Fast Food,Society_40,20,2026-09-17 21:22:00,2.13,6,Small,2,0.45,Standard,Normal,0,1.17,48,41.99,6.26,41.99,376,1,0,13234.0,3.14,3.58,5,3.13,1,1,1,0,0,20.0,25,23,25,43.0,20.0,0,0,Do Not Batch,Customer Distance Too High,93.34,0.0,2,2,0,2,2,0,0.0,Bike,2026-09-17,21
1478,2026-09-25 20:00:00,Haldiram's,Indian,Society_05,11,2026-09-25 20:11:00,1.27,4,Small,5,1.16,Temperature-Sensitive,Normal,0,1.12,38,38.93,9.87,38.93,1405,1,0,3158.0,4.87,2.16,6,1.16,1,1,1,0,0,20.0,22,22,22,42.0,20.0,0,0,Do Not Batch,Customer Distance Too High,76.67,0.0,2,2,0,2,2,0,0.0,Scooter,2026-09-25,20
1479,2026-09-09 20:30:00,KFC,Fast Food,Society_32,14,2026-09-09 20:44:00,1.25,3,Small,2,1.42,Standard,Normal,0,2.09,47,38.54,8.08,38.54,847,1,0,7123.0,2.14,2.83,7,1.42,1,1,1,0,1,20.0,18,21,18,41.0,20.0,0,0,Do Not Batch,Restaurant Ready-Time Gap,85.19,0.0,2,2,0,2,2,0,0.0,Scooter,2026-09-09,20
1480,2026-09-23 22:00:00,KFC,Fast Food,Society_26,21,2026-09-23 22:21:00,0.78,3,Small,5,1.42,Standard,Normal,0,0.2,43,37.59,14.04,37.59,1416,1,0,6723.0,4.41,2.69,9,1.42,1,1,1,0,0,20.0,16,18,19,38.0,20.0,0,0,Do Not Batch,Customer Distance Too High,70.01,0.0,2,2,0,2,2,0,0.0,Scooter,2026-09-23,22
1481,2026-09-10 22:47:00,Haldiram's,Indian,Society_03,19,2026-09-10 23:06:00,4.73,12,Small,5,0.77,Standard,Normal,0,2.31,48,54.75,11.25,54.75,265,1,0,7854.0,5.4,1.27,11,0.77,1,1,1,0,0,20.0,24,17,26,37.0,20.0,0,0,Do Not Batch,Customer Distance Too High,86.15,0.0,2,2,0,2,2,0,0.0,Bike,2026-09-10,22
1482,2026-09-09 09:30:00,Theobroma,Bakery,Society_36,25,2026-09-09 09:55:00,5.35,15,Small,5,0.99,Standard,Normal,0,1.47,51,61.79,14.44,61.79,1247,1,0,26326.0,2.35,2.26,10,1.27,1,1,1,0,1,20.0,28,29,28,49.0,20.0,0,0,Do Not Batch,Restaurant Ready-Time Gap,117.00999999999999,0.0,2,2,0,2,2,0,0.0,Scooter,2026-09-09,9
1483,2026-09-07 09:36:00,Burger King,Fast Food,Society_44,30,2026-09-07 10:06:00,5.03,11,Small,4,1.06,Standard,Normal,0,3.91,46,56.45,7.3,56.45,258,1,0,29340.0,1.75,1.58,10,1.06,1,1,1,0,1,20.0,22,18,25,38.0,20.0,0,0,Do Not Batch,Restaurant Ready-Time Gap,100.78,0.0,2,2,0,2,2,0,0.0,Scooter,2026-09-07,9
1484,2026-09-20 07:06:00,Wow! Momo,Fast Food,Society_18,16,2026-09-20 07:22:00,3.96,14,Large,4,3.82,Spill-Risk,Normal,0,2.82,57,55.09,12.15,55.09,306,1,0,23738.0,0.66,5.89,8,3.82,1,1,1,0,1,20.0,28,24,30,44.0,20.0,0,0,Do Not Batch,Restaurant Ready-Time Gap,93.68,0.0,2,2,0,2,2,0,0.0,Bike,2026-09-20,7
1485,2026-09-18 06:46:00,Domino's Pizza,Pizza,Society_23,25,2026-09-18 07:11:00,6.41,14,Small,5,1.5,Standard,Normal,0,4.82,55,60.45,7.89,60.45,1051,1,0,16563.0,2.07,2.57,9,1.5,1,1,0,0,1,20.0,32,18,35,38.0,20.0,0,0,Do Not Batch,Priority Order,103.19,0.0,2,2,0,2,2,0,0.0,Scooter,2026-09-18,6
1486,2026-09-10 10:29:00,Burger King,Fast Food,Society_49,25,2026-09-10 10:54:00,2.86,7,Small,2,1.28,Standard,Normal,0,0.96,49,49.69,13.84,49.69,300,1,0,5959.0,2.61,1.73,6,1.28,1,1,1,0,1,20.0,22,23,25,43.0,20.0,0,0,Do Not Batch,Restaurant Ready-Time Gap,89.11,0.0,2,2,0,2,2,0,0.0,Scooter,2026-09-10,10
1487,2026-09-03 18:12:00,Pizza Hut,Pizza,Society_38,20,2026-09-03 18:32:00,6.05,21,Large,4,5.99,Spill-Risk,Normal,0,1.66,53,60.75,13.56,60.75,1208,1,1,21429.0,0.29,7.34,5,5.99,0,0,1,0,1,20.0,32,28,32,48.0,20.0,0,0,Do Not Batch,Order Size/Item Incompatibility,113.78,0.0,2,2,0,2,2,0,0.0,Bike,2026-09-03,18
1488,2026-09-23 02:29:00,Subway,Fast Food,Society_48,26,2026-09-23 02:55:00,4.81,11,Small,4,0.61,Temperature-Sensitive,Normal,0,3.23,47,57.22,6.78,57.22,1198,1,0,25966.0,0.69,1.13,5,0.61,1,1,1,0,1,20.0,26,24,28,44.0,20.0,0,0,Do Not Batch,Restaurant Ready-Time Gap,92.65,0.0,2,2,0,2,2,0,0.0,Scooter,2026-09-23,2
1489,2026-09-20 13:57:00,Wow! Momo,Fast Food,Society_09,16,2026-09-20 14:13:00,2.69,7,Medium,3,1.28,Temperature-Sensitive,Normal,0,4.69,41,43.3,14.66,43.3,515,1,0,19493.0,2.58,3.73,6,2.45,1,1,1,0,1,20.0,25,20,28,40.0,20.0,0,0,Do Not Batch,Restaurant Ready-Time Gap,93.02,0.0,2,2,0,2,2,0,0.0,Scooter,2026-09-20,13
1490,2026-09-11 10:38:00,Burger King,Fast Food,Society_06,32,2026-09-11 11:10:00,2.28,7,Small,1,0.53,Standard,Normal,0,2.08,43,39.54,14.0,39.54,645,1,0,12401.0,0.2,1.41,3,0.88,1,1,1,0,1,20.0,20,29,23,49.0,20.0,0,0,Do Not Batch,Restaurant Ready-Time Gap,87.69999999999999,0.0,2,2,0,2,2,0,0.0,Bike,2026-09-11,10
1491,2026-09-03 02:56:00,KFC,Fast Food,Society_40,14,2026-09-03 03:10:00,2.19,5,Large,4,4.31,Standard,Normal,0,0.68,50,44.12,7.83,44.12,335,1,0,17777.0,1.9,7.74,5,4.31,0,1,0,0,1,20.0,15,40,18,60.0,20.0,0,0,Do Not Batch,Priority Order,123.30000000000001,0.0,2,2,0,2,2,0,0.0,Scooter,2026-09-03,2
1492,2026-09-07 04:02:00,McDonald's,Fast Food,Society_10,32,2026-09-07 04:34:00,1.6,5,Small,6,0.49,Fragile,Normal,0,1.76,48,39.05,9.51,39.05,694,1,0,34190.0,2.94,1.42,11,0.93,1,1,0,0,1,20.0,16,22,19,42.0,20.0,0,0,Do Not Batch,Priority Order,82.53999999999999,0.0,2,2,0,2,2,0,0.0,Scooter,2026-09-07,4
1493,2026-09-01 16:37:00,McDonald's,Fast Food,Society_41,24,2026-09-01 17:01:00,7.91,27,Medium,3,1.42,Fragile,Normal,0,1.02,58,74.5,13.57,74.5,654,1,1,4791.0,0.21,1.91,8,1.42,1,1,1,0,1,20.0,41,29,41,49.0,20.0,0,0,Do Not Batch,Restaurant Ready-Time Gap,129.73,0.0,2,2,0,2,2,0,0.0,Scooter,2026-09-01,16
1494,2026-09-29 23:48:00,Wow! Momo,Fast Food,Society_01,13,2026-09-30 00:01:00,0.5,2,Large,6,4.98,Standard,Priority,50,0.2,45,30.55,10.05,30.55,37,1,0,26646.0,3.32,6.38,11,4.98,0,1,0,0,0,20.0,21,18,24,38.0,20.0,0,0,Do Not Batch,Priority Order,75.63,0.0,2,2,0,2,2,0,0.0,Scooter,2026-09-29,23
1495,2026-09-27 01:11:00,Biryani Blues,Indian,Society_16,21,2026-09-27 01:32:00,0.93,2,Small,2,1.47,Standard,Normal,0,1.0,36,37.85,10.54,37.85,1077,1,0,1244.0,3.06,2.29,8,1.47,1,1,1,0,0,20.0,18,26,20,46.0,20.0,0,0,Do Not Batch,Customer Distance Too High,84.7,0.0,2,2,0,2,2,0,0.0,Bike,2026-09-27,1
1496,2026-09-21 14:08:00,Domino's Pizza,Pizza,Society_32,19,2026-09-21 14:27:00,5.17,15,Small,5,1.3,Standard,Normal,0,2.52,55,55.57,9.3,55.57,503,1,0,9113.0,3.31,3.82,8,2.52,1,1,1,0,0,20.0,32,17,33,37.0,20.0,0,0,Do Not Batch,Customer Distance Too High,99.50999999999999,0.0,2,2,0,2,2,0,0.0,Scooter,2026-09-21,14
1497,2026-09-06 22:45:00,Wow! Momo,Fast Food,Society_40,30,2026-09-06 23:15:00,5.98,17,Small,2,0.92,Standard,Normal,0,0.51,48,60.32,13.78,60.32,1425,1,0,33459.0,2.56,1.89,4,0.97,1,1,1,0,1,20.0,29,26,31,46.0,20.0,0,0,Do Not Batch,Restaurant Ready-Time Gap,114.62,0.0,2,2,0,2,2,0,0.0,Bike,2026-09-06,22
1498,2026-10-01 07:20:00,Pizza Hut,Pizza,Society_35,25,2026-10-01 07:45:00,0.72,2,Small,6,0.51,Standard,Priority,50,2.12,34,33.88,9.2,33.88,98,1,0,34917.0,1.03,1.86,9,1.35,1,1,0,0,1,20.0,20,28,23,48.0,20.0,0,0,Do Not Batch,Priority Order,95.39,0.0,2,2,0,2,2,0,0.0,Bike,2026-10-01,7
1499,2026-09-26 16:37:00,Pizza Hut,Pizza,Society_38,34,2026-09-26 17:11:00,1.38,5,Medium,1,3.09,Spill-Risk,Normal,0,0.61,44,40.08,10.62,40.08,1437,1,0,26355.0,0.2,4.58,5,3.09,1,1,1,0,1,20.0,16,31,19,51.0,20.0,0,0,Do Not Batch,Restaurant Ready-Time Gap,109.03999999999999,0.0,2,2,0,2,2,0,0.0,Scooter,2026-09-26,16
1500,2026-09-04 00:50:00,Domino's Pizza,Pizza,Society_37,30,2026-09-04 01:20:00,3.42,12,Small,2,0.82,Standard,Normal,0,4.01,55,48.25,12.96,48.25,81,1,0,9479.0,1.73,2.25,7,1.43,1,1,1,0,1,20.0,25,25,27,45.0,20.0,0,0,Do Not Batch,Restaurant Ready-Time Gap,90.17,0.0,2,2,0,2,2,0,0.0,Bike,2026-09-04,0
